{
"type": "FeatureCollection",
"name": "apartment_building_reg",
"crs": { "type": "name", "properties": { "name": "urn:ogc:def:crs:OGC:1.3:CRS84" } },
"features": [
{ "type": "Feature", "properties": { "_id": 192414, "AIR_CONDITIONING_TYPE": "NONE", "AMENITIES_AVAILABLE": null, "ANNUAL_FIRE_ALARM_TEST_RECORDS": "YES", "ANNUAL_FIRE_PUMP_FLOW_TEST_RECORDS": "YES", "APPROVED_FIRE_SAFETY_PLAN": "YES", "BALCONIES": "YES", "BARRIER_FREE_ACCESSIBILTY_ENTR": "YES", "BIKE_PARKING": "0 indoor parking spots and 10 outdoor parking spots", "CONFIRMED_STOREYS": 6, "CONFIRMED_UNITS": 77, "DATE_OF_LAST_INSPECTION_BY_TSSA": "JUN 19, 2009", "DESCRIPTION_OF_CHILD_PLAY_AREA": null, "DESCRIPTION_OF_INDOOR_EXERCISE_ROOM": null, "DESCRIPTION_OF_OUTDOOR_REC_FACILITIES": null, "ELEVATOR_PARTS_REPLACED": "CONTROL MODULARIZATION", "ELEVATOR_STATUS": "REPLACED", "EMERG_POWER_SUPPLY_TEST_RECORDS": "YES", "EXTERIOR_FIRE_ESCAPE": "NO", "FACILITIES_AVAILABLE": "Recycling bins", "FIRE_ALARM": "YES", "GARBAGE_CHUTES": "NO", "GREEN_BIN_LOCATION": null, "HEATING_EQUIPMENT_STATUS": "REPLACED", "HEATING_EQUIPMENT_YEAR_INSTALLED": 2014.0, "HEATING_TYPE": "HOT WATER", "INDOOR_GARBAGE_STORAGE_AREA": "NO", "INTERCOM": "YES", "IS_THERE_A_COOLING_ROOM": "YES", "IS_THERE_EMERGENCY_POWER": "YES", "LAUNDRY_ROOM": "YES", "LAUNDRY_ROOM_HOURS_OF_OPERATION": "8 AM TO 10 PM", "LAUNDRY_ROOM_LOCATION": "FIRST FLOOR", "LOCKER_OR_STORAGE_ROOM": "YES", "NO_BARRIER_FREE_ACCESSBLE_UNITS": 0.0, "NO_OF_ACCESSIBLE_PARKING_SPACES": 0.0, "NO_OF_ELEVATORS": 2.0, "NO_OF_LAUNDRY_ROOM_MACHINES": 9.0, "NON_SMOKING_BUILDING": "NO", "OUTDOOR_GARBAGE_STORAGE_AREA": "YES", "PARKING_TYPE": "Parking Deck", "PCODE": "M4H", "PET_RESTRICTIONS": null, "PETS_ALLOWED": "YES", "PROP_MANAGEMENT_COMPANY_NAME": "PARK PROPERTY MANAGEMENT INC. ", "PROPERTY_TYPE": "PRIVATE", "RECYCLING_BINS_LOCATION": "BACK OF BUILDING", "RSN": 4154146, "SEPARATE_GAS_METERS_EACH_UNIT": "NO", "SEPARATE_HYDRO_METER_EACH_UNIT": "YES", "SEPARATE_WATER_METERS_EA_UNIT": "NO", "SITE_ADDRESS": "4  MILEPOST PL ", "SPRINKLER_SYSTEM": "YES", "SPRINKLER_SYSTEM_TEST_RECORD": "YES", "SPRINKLER_SYSTEM_YEAR_INSTALLED": 1960.0, "TSSA_TEST_RECORDS": "YES", "VISITOR_PARKING": "UNAVAILABLE", "WARD": 15, "WINDOW_TYPE": "DOUBLE PANE", "YEAR_BUILT": 1960.0, "YEAR_OF_REPLACEMENT": 2012.0, "YEAR_REGISTERED": 2017.0, "NO_OF_STOREYS": null, "IS_THERE_EMERGENCY_POWER?": null, "NON-SMOKING_BUILDING": null, "NO_OF_UNITS": null, "NO_OF_ACCESSIBLEPARKING_SPACES": null, "FACILITIES_AVAILABLE?": null, "IS_THERE_A_COOLING_ROOM?": null, "NO_BARRIERFREE_ACCESSBLE_UNITS": null, "LONGITUDE": -79.348434827000005, "LATITUDE": 43.702327237 }, "geometry": { "type": "Point", "coordinates": [ -79.348434827, 43.702327237 ] } },
{ "type": "Feature", "properties": { "_id": 192413, "AIR_CONDITIONING_TYPE": "NONE", "AMENITIES_AVAILABLE": null, "ANNUAL_FIRE_ALARM_TEST_RECORDS": "YES", "ANNUAL_FIRE_PUMP_FLOW_TEST_RECORDS": "YES", "APPROVED_FIRE_SAFETY_PLAN": "YES", "BALCONIES": "YES", "BARRIER_FREE_ACCESSIBILTY_ENTR": "YES", "BIKE_PARKING": "0 indoor parking spots and 10 outdoor parking spots", "CONFIRMED_STOREYS": 6, "CONFIRMED_UNITS": 77, "DATE_OF_LAST_INSPECTION_BY_TSSA": "OCT 15, 2009", "DESCRIPTION_OF_CHILD_PLAY_AREA": null, "DESCRIPTION_OF_INDOOR_EXERCISE_ROOM": null, "DESCRIPTION_OF_OUTDOOR_REC_FACILITIES": null, "ELEVATOR_PARTS_REPLACED": "CONTROL AND MODERNIZATION", "ELEVATOR_STATUS": "REPLACED", "EMERG_POWER_SUPPLY_TEST_RECORDS": "YES", "EXTERIOR_FIRE_ESCAPE": "NO", "FACILITIES_AVAILABLE": "Recycling bins", "FIRE_ALARM": "YES", "GARBAGE_CHUTES": "NO", "GREEN_BIN_LOCATION": null, "HEATING_EQUIPMENT_STATUS": "REPLACED", "HEATING_EQUIPMENT_YEAR_INSTALLED": 2012.0, "HEATING_TYPE": "HOT WATER", "INDOOR_GARBAGE_STORAGE_AREA": "NO", "INTERCOM": "YES", "IS_THERE_A_COOLING_ROOM": "YES", "IS_THERE_EMERGENCY_POWER": "YES", "LAUNDRY_ROOM": "YES", "LAUNDRY_ROOM_HOURS_OF_OPERATION": "8 AM TO 10 PM", "LAUNDRY_ROOM_LOCATION": "FIRST FLOOR", "LOCKER_OR_STORAGE_ROOM": "YES", "NO_BARRIER_FREE_ACCESSBLE_UNITS": 0.0, "NO_OF_ACCESSIBLE_PARKING_SPACES": 0.0, "NO_OF_ELEVATORS": 2.0, "NO_OF_LAUNDRY_ROOM_MACHINES": 9.0, "NON_SMOKING_BUILDING": "NO", "OUTDOOR_GARBAGE_STORAGE_AREA": "YES", "PARKING_TYPE": "Parking Deck", "PCODE": "M4H", "PET_RESTRICTIONS": null, "PETS_ALLOWED": "YES", "PROP_MANAGEMENT_COMPANY_NAME": "PARK PROPERTY MANAGEMENT INC. ", "PROPERTY_TYPE": "PRIVATE", "RECYCLING_BINS_LOCATION": "BACK OF BUILDING", "RSN": 4154145, "SEPARATE_GAS_METERS_EACH_UNIT": "NO", "SEPARATE_HYDRO_METER_EACH_UNIT": "YES", "SEPARATE_WATER_METERS_EA_UNIT": "NO", "SITE_ADDRESS": "2  MILEPOST PL ", "SPRINKLER_SYSTEM": "YES", "SPRINKLER_SYSTEM_TEST_RECORD": "YES", "SPRINKLER_SYSTEM_YEAR_INSTALLED": 1960.0, "TSSA_TEST_RECORDS": "YES", "VISITOR_PARKING": "UNAVAILABLE", "WARD": 15, "WINDOW_TYPE": "DOUBLE PANE", "YEAR_BUILT": 1960.0, "YEAR_OF_REPLACEMENT": 2012.0, "YEAR_REGISTERED": 2017.0, "NO_OF_STOREYS": null, "IS_THERE_EMERGENCY_POWER?": null, "NON-SMOKING_BUILDING": null, "NO_OF_UNITS": null, "NO_OF_ACCESSIBLEPARKING_SPACES": null, "FACILITIES_AVAILABLE?": null, "IS_THERE_A_COOLING_ROOM?": null, "NO_BARRIERFREE_ACCESSBLE_UNITS": null, "LONGITUDE": -79.348433998000004, "LATITUDE": 43.702892169000002 }, "geometry": { "type": "Point", "coordinates": [ -79.348433998, 43.702892169 ] } },
{ "type": "Feature", "properties": { "_id": 192846, "AIR_CONDITIONING_TYPE": "NONE", "AMENITIES_AVAILABLE": "Indoor recreation room", "ANNUAL_FIRE_ALARM_TEST_RECORDS": "YES", "ANNUAL_FIRE_PUMP_FLOW_TEST_RECORDS": "YES", "APPROVED_FIRE_SAFETY_PLAN": "YES", "BALCONIES": "YES", "BARRIER_FREE_ACCESSIBILTY_ENTR": "YES", "BIKE_PARKING": "Not Available", "CONFIRMED_STOREYS": 11, "CONFIRMED_UNITS": 219, "DATE_OF_LAST_INSPECTION_BY_TSSA": "AUG 24, 2017", "DESCRIPTION_OF_CHILD_PLAY_AREA": null, "DESCRIPTION_OF_INDOOR_EXERCISE_ROOM": null, "DESCRIPTION_OF_OUTDOOR_REC_FACILITIES": null, "ELEVATOR_PARTS_REPLACED": null, "ELEVATOR_STATUS": "ORIGINAL", "EMERG_POWER_SUPPLY_TEST_RECORDS": "YES", "EXTERIOR_FIRE_ESCAPE": "NO", "FACILITIES_AVAILABLE": "Unknown", "FIRE_ALARM": "YES", "GARBAGE_CHUTES": "YES", "GREEN_BIN_LOCATION": null, "HEATING_EQUIPMENT_STATUS": "ORIGINAL", "HEATING_EQUIPMENT_YEAR_INSTALLED": 1988.0, "HEATING_TYPE": "HOT WATER", "INDOOR_GARBAGE_STORAGE_AREA": "YES", "INTERCOM": "YES", "IS_THERE_A_COOLING_ROOM": "NO", "IS_THERE_EMERGENCY_POWER": "YES", "LAUNDRY_ROOM": "YES", "LAUNDRY_ROOM_HOURS_OF_OPERATION": "TBD", "LAUNDRY_ROOM_LOCATION": "TBD", "LOCKER_OR_STORAGE_ROOM": "NO", "NO_BARRIER_FREE_ACCESSBLE_UNITS": 4.0, "NO_OF_ACCESSIBLE_PARKING_SPACES": 4.0, "NO_OF_ELEVATORS": 3.0, "NO_OF_LAUNDRY_ROOM_MACHINES": 16.0, "NON_SMOKING_BUILDING": "YES", "OUTDOOR_GARBAGE_STORAGE_AREA": "YES", "PARKING_TYPE": "Underground Garage , Garage accessible thru buildg", "PCODE": "M4H", "PET_RESTRICTIONS": null, "PETS_ALLOWED": "YES", "PROP_MANAGEMENT_COMPANY_NAME": "TORONTO COMMUNITY HOUSING CORPORATION", "PROPERTY_TYPE": "TCHC", "RECYCLING_BINS_LOCATION": null, "RSN": 4154175, "SEPARATE_GAS_METERS_EACH_UNIT": "NO", "SEPARATE_HYDRO_METER_EACH_UNIT": "NO", "SEPARATE_WATER_METERS_EA_UNIT": "NO", "SITE_ADDRESS": "12  THORNCLIFFE PARK DR ", "SPRINKLER_SYSTEM": "YES", "SPRINKLER_SYSTEM_TEST_RECORD": "YES", "SPRINKLER_SYSTEM_YEAR_INSTALLED": 1988.0, "TSSA_TEST_RECORDS": "YES", "VISITOR_PARKING": "UNAVAILABLE", "WARD": 15, "WINDOW_TYPE": "DOUBLE PANE", "YEAR_BUILT": 1988.0, "YEAR_OF_REPLACEMENT": null, "YEAR_REGISTERED": 2017.0, "NO_OF_STOREYS": null, "IS_THERE_EMERGENCY_POWER?": null, "NON-SMOKING_BUILDING": null, "NO_OF_UNITS": null, "NO_OF_ACCESSIBLEPARKING_SPACES": null, "FACILITIES_AVAILABLE?": null, "IS_THERE_A_COOLING_ROOM?": null, "NO_BARRIERFREE_ACCESSBLE_UNITS": null, "LONGITUDE": -79.348260441999997, "LATITUDE": 43.704529309000002 }, "geometry": { "type": "Point", "coordinates": [ -79.348260442, 43.704529309 ] } },
{ "type": "Feature", "properties": { "_id": 193935, "AIR_CONDITIONING_TYPE": "NONE", "AMENITIES_AVAILABLE": null, "ANNUAL_FIRE_ALARM_TEST_RECORDS": "YES", "ANNUAL_FIRE_PUMP_FLOW_TEST_RECORDS": "YES", "APPROVED_FIRE_SAFETY_PLAN": "YES", "BALCONIES": "YES", "BARRIER_FREE_ACCESSIBILTY_ENTR": "NO", "BIKE_PARKING": "Not Available", "CONFIRMED_STOREYS": 3, "CONFIRMED_UNITS": 12, "DATE_OF_LAST_INSPECTION_BY_TSSA": null, "DESCRIPTION_OF_CHILD_PLAY_AREA": null, "DESCRIPTION_OF_INDOOR_EXERCISE_ROOM": null, "DESCRIPTION_OF_OUTDOOR_REC_FACILITIES": null, "ELEVATOR_PARTS_REPLACED": null, "ELEVATOR_STATUS": null, "EMERG_POWER_SUPPLY_TEST_RECORDS": null, "EXTERIOR_FIRE_ESCAPE": "NO", "FACILITIES_AVAILABLE": "Green Bin / Organics", "FIRE_ALARM": "YES", "GARBAGE_CHUTES": "NO", "GREEN_BIN_LOCATION": "FRONT OF BUILDING ", "HEATING_EQUIPMENT_STATUS": "REPLACED", "HEATING_EQUIPMENT_YEAR_INSTALLED": 2002.0, "HEATING_TYPE": "FORCED AIR GAS", "INDOOR_GARBAGE_STORAGE_AREA": "NO", "INTERCOM": "YES", "IS_THERE_A_COOLING_ROOM": "NO", "IS_THERE_EMERGENCY_POWER": "NO", "LAUNDRY_ROOM": "YES", "LAUNDRY_ROOM_HOURS_OF_OPERATION": "UP TIL 10PM", "LAUNDRY_ROOM_LOCATION": "BASEMENT", "LOCKER_OR_STORAGE_ROOM": "NO", "NO_BARRIER_FREE_ACCESSBLE_UNITS": 0.0, "NO_OF_ACCESSIBLE_PARKING_SPACES": 14.0, "NO_OF_ELEVATORS": 0.0, "NO_OF_LAUNDRY_ROOM_MACHINES": 2.0, "NON_SMOKING_BUILDING": "YES", "OUTDOOR_GARBAGE_STORAGE_AREA": "YES", "PARKING_TYPE": "Surface Parking", "PCODE": "M4C", "PET_RESTRICTIONS": "CLEAN UP AFTER THEM AND A LIMIT ON THE NUMBER OF PETS", "PETS_ALLOWED": "YES", "PROP_MANAGEMENT_COMPANY_NAME": null, "PROPERTY_TYPE": "PRIVATE", "RECYCLING_BINS_LOCATION": "FRONT OF BUILDING", "RSN": 4154073, "SEPARATE_GAS_METERS_EACH_UNIT": "NO", "SEPARATE_HYDRO_METER_EACH_UNIT": "YES", "SEPARATE_WATER_METERS_EA_UNIT": "NO", "SITE_ADDRESS": "114  BARRINGTON AVE ", "SPRINKLER_SYSTEM": "NO", "SPRINKLER_SYSTEM_TEST_RECORD": null, "SPRINKLER_SYSTEM_YEAR_INSTALLED": null, "TSSA_TEST_RECORDS": null, "VISITOR_PARKING": "UNAVAILABLE", "WARD": 19, "WINDOW_TYPE": "DOUBLE PANE", "YEAR_BUILT": 1968.0, "YEAR_OF_REPLACEMENT": null, "YEAR_REGISTERED": 2017.0, "NO_OF_STOREYS": null, "IS_THERE_EMERGENCY_POWER?": null, "NON-SMOKING_BUILDING": null, "NO_OF_UNITS": null, "NO_OF_ACCESSIBLEPARKING_SPACES": null, "FACILITIES_AVAILABLE?": null, "IS_THERE_A_COOLING_ROOM?": null, "NO_BARRIERFREE_ACCESSBLE_UNITS": null, "LONGITUDE": -79.302666418000001, "LATITUDE": 43.692368795999997 }, "geometry": { "type": "Point", "coordinates": [ -79.302666418, 43.692368796 ] } },
{ "type": "Feature", "properties": { "_id": 193760, "AIR_CONDITIONING_TYPE": "NONE", "AMENITIES_AVAILABLE": "Outdoor pool , Indoor recreation room , Sauna", "ANNUAL_FIRE_ALARM_TEST_RECORDS": "YES", "ANNUAL_FIRE_PUMP_FLOW_TEST_RECORDS": "YES", "APPROVED_FIRE_SAFETY_PLAN": "YES", "BALCONIES": "YES", "BARRIER_FREE_ACCESSIBILTY_ENTR": "YES", "BIKE_PARKING": "30 indoor parking spots and 0 outdoor parking spots", "CONFIRMED_STOREYS": 22, "CONFIRMED_UNITS": 303, "DATE_OF_LAST_INSPECTION_BY_TSSA": "APR 24, 2016", "DESCRIPTION_OF_CHILD_PLAY_AREA": null, "DESCRIPTION_OF_INDOOR_EXERCISE_ROOM": null, "DESCRIPTION_OF_OUTDOOR_REC_FACILITIES": null, "ELEVATOR_PARTS_REPLACED": "COMPLETE MODERNIZATION", "ELEVATOR_STATUS": "REPLACED", "EMERG_POWER_SUPPLY_TEST_RECORDS": "YES", "EXTERIOR_FIRE_ESCAPE": "NO", "FACILITIES_AVAILABLE": "Recycling bins", "FIRE_ALARM": "YES", "GARBAGE_CHUTES": "YES", "GREEN_BIN_LOCATION": null, "HEATING_EQUIPMENT_STATUS": "REPLACED", "HEATING_EQUIPMENT_YEAR_INSTALLED": 2008.0, "HEATING_TYPE": "ELECTRIC", "INDOOR_GARBAGE_STORAGE_AREA": "NO", "INTERCOM": "YES", "IS_THERE_A_COOLING_ROOM": "NO", "IS_THERE_EMERGENCY_POWER": "YES", "LAUNDRY_ROOM": "YES", "LAUNDRY_ROOM_HOURS_OF_OPERATION": "24 HOURS", "LAUNDRY_ROOM_LOCATION": "BASEMENT", "LOCKER_OR_STORAGE_ROOM": "NO", "NO_BARRIER_FREE_ACCESSBLE_UNITS": 0.0, "NO_OF_ACCESSIBLE_PARKING_SPACES": 1.0, "NO_OF_ELEVATORS": 3.0, "NO_OF_LAUNDRY_ROOM_MACHINES": 14.0, "NON_SMOKING_BUILDING": "NO", "OUTDOOR_GARBAGE_STORAGE_AREA": "YES", "PARKING_TYPE": "Underground Garage , Garage accessible thru buildg , Surface Parking", "PCODE": "M4C", "PET_RESTRICTIONS": null, "PETS_ALLOWED": "YES", "PROP_MANAGEMENT_COMPANY_NAME": "PRESTON GROUP", "PROPERTY_TYPE": "PRIVATE", "RECYCLING_BINS_LOCATION": "BACK OF BUILDING", "RSN": 4154077, "SEPARATE_GAS_METERS_EACH_UNIT": "NO", "SEPARATE_HYDRO_METER_EACH_UNIT": "YES", "SEPARATE_WATER_METERS_EA_UNIT": "NO", "SITE_ADDRESS": "2  SECORD AVE ", "SPRINKLER_SYSTEM": "YES", "SPRINKLER_SYSTEM_TEST_RECORD": "YES", "SPRINKLER_SYSTEM_YEAR_INSTALLED": 1971.0, "TSSA_TEST_RECORDS": "NO", "VISITOR_PARKING": "FREE", "WARD": 19, "WINDOW_TYPE": "SINGLE PANE", "YEAR_BUILT": 1971.0, "YEAR_OF_REPLACEMENT": 2011.0, "YEAR_REGISTERED": 2017.0, "NO_OF_STOREYS": null, "IS_THERE_EMERGENCY_POWER?": null, "NON-SMOKING_BUILDING": null, "NO_OF_UNITS": null, "NO_OF_ACCESSIBLEPARKING_SPACES": null, "FACILITIES_AVAILABLE?": null, "IS_THERE_A_COOLING_ROOM?": null, "NO_BARRIERFREE_ACCESSBLE_UNITS": null, "LONGITUDE": -79.301596008999994, "LATITUDE": 43.693121261999998 }, "geometry": { "type": "Point", "coordinates": [ -79.301596009, 43.693121262 ] } },
{ "type": "Feature", "properties": { "_id": 193758, "AIR_CONDITIONING_TYPE": "NONE", "AMENITIES_AVAILABLE": null, "ANNUAL_FIRE_ALARM_TEST_RECORDS": "NO", "ANNUAL_FIRE_PUMP_FLOW_TEST_RECORDS": "NO", "APPROVED_FIRE_SAFETY_PLAN": "YES", "BALCONIES": "NO", "BARRIER_FREE_ACCESSIBILTY_ENTR": "NO", "BIKE_PARKING": "Not Available", "CONFIRMED_STOREYS": 3, "CONFIRMED_UNITS": 12, "DATE_OF_LAST_INSPECTION_BY_TSSA": null, "DESCRIPTION_OF_CHILD_PLAY_AREA": null, "DESCRIPTION_OF_INDOOR_EXERCISE_ROOM": null, "DESCRIPTION_OF_OUTDOOR_REC_FACILITIES": null, "ELEVATOR_PARTS_REPLACED": null, "ELEVATOR_STATUS": null, "EMERG_POWER_SUPPLY_TEST_RECORDS": null, "EXTERIOR_FIRE_ESCAPE": "NO", "FACILITIES_AVAILABLE": "Recycling bins", "FIRE_ALARM": "YES", "GARBAGE_CHUTES": "NO", "GREEN_BIN_LOCATION": null, "HEATING_EQUIPMENT_STATUS": "ORIGINAL", "HEATING_EQUIPMENT_YEAR_INSTALLED": 1960.0, "HEATING_TYPE": "HOT WATER", "INDOOR_GARBAGE_STORAGE_AREA": "NO", "INTERCOM": "NO", "IS_THERE_A_COOLING_ROOM": "NO", "IS_THERE_EMERGENCY_POWER": "NO", "LAUNDRY_ROOM": "YES", "LAUNDRY_ROOM_HOURS_OF_OPERATION": "24 HOURS", "LAUNDRY_ROOM_LOCATION": "MAIN FLOOR", "LOCKER_OR_STORAGE_ROOM": "NO", "NO_BARRIER_FREE_ACCESSBLE_UNITS": 0.0, "NO_OF_ACCESSIBLE_PARKING_SPACES": 0.0, "NO_OF_ELEVATORS": 0.0, "NO_OF_LAUNDRY_ROOM_MACHINES": 2.0, "NON_SMOKING_BUILDING": "YES", "OUTDOOR_GARBAGE_STORAGE_AREA": "YES", "PARKING_TYPE": "Surface Parking", "PCODE": "M4C", "PET_RESTRICTIONS": null, "PETS_ALLOWED": "YES", "PROP_MANAGEMENT_COMPANY_NAME": "1979017 ONTARIO INC.", "PROPERTY_TYPE": "PRIVATE", "RECYCLING_BINS_LOCATION": "REAR OF BUILDING", "RSN": 4243768, "SEPARATE_GAS_METERS_EACH_UNIT": "NO", "SEPARATE_HYDRO_METER_EACH_UNIT": "YES", "SEPARATE_WATER_METERS_EA_UNIT": "NO", "SITE_ADDRESS": "156  BARRINGTON AVE ", "SPRINKLER_SYSTEM": "NO", "SPRINKLER_SYSTEM_TEST_RECORD": null, "SPRINKLER_SYSTEM_YEAR_INSTALLED": null, "TSSA_TEST_RECORDS": null, "VISITOR_PARKING": "UNAVAILABLE", "WARD": 19, "WINDOW_TYPE": "DOUBLE PANE", "YEAR_BUILT": 1960.0, "YEAR_OF_REPLACEMENT": null, "YEAR_REGISTERED": 2017.0, "NO_OF_STOREYS": null, "IS_THERE_EMERGENCY_POWER?": null, "NON-SMOKING_BUILDING": null, "NO_OF_UNITS": null, "NO_OF_ACCESSIBLEPARKING_SPACES": null, "FACILITIES_AVAILABLE?": null, "IS_THERE_A_COOLING_ROOM?": null, "NO_BARRIERFREE_ACCESSBLE_UNITS": null, "LONGITUDE": -79.303248784000004, "LATITUDE": 43.693721496000002 }, "geometry": { "type": "Point", "coordinates": [ -79.303248784, 43.693721496 ] } },
{ "type": "Feature", "properties": { "_id": 194059, "AIR_CONDITIONING_TYPE": "NONE", "AMENITIES_AVAILABLE": "Child play area", "ANNUAL_FIRE_ALARM_TEST_RECORDS": "YES", "ANNUAL_FIRE_PUMP_FLOW_TEST_RECORDS": "YES", "APPROVED_FIRE_SAFETY_PLAN": "YES", "BALCONIES": "YES", "BARRIER_FREE_ACCESSIBILTY_ENTR": "NO", "BIKE_PARKING": "0 indoor parking spots and 30 outdoor parking spots", "CONFIRMED_STOREYS": 19, "CONFIRMED_UNITS": 265, "DATE_OF_LAST_INSPECTION_BY_TSSA": "JUN 9, 2017", "DESCRIPTION_OF_CHILD_PLAY_AREA": "OUTSIDE", "DESCRIPTION_OF_INDOOR_EXERCISE_ROOM": null, "DESCRIPTION_OF_OUTDOOR_REC_FACILITIES": null, "ELEVATOR_PARTS_REPLACED": "CABS, MACHINES", "ELEVATOR_STATUS": "REPLACED", "EMERG_POWER_SUPPLY_TEST_RECORDS": null, "EXTERIOR_FIRE_ESCAPE": "NO", "FACILITIES_AVAILABLE": "Green Bin / Organics", "FIRE_ALARM": "YES", "GARBAGE_CHUTES": "YES", "GREEN_BIN_LOCATION": "OUTSIDE", "HEATING_EQUIPMENT_STATUS": "ORIGINAL", "HEATING_EQUIPMENT_YEAR_INSTALLED": 1965.0, "HEATING_TYPE": "HOT WATER", "INDOOR_GARBAGE_STORAGE_AREA": "YES", "INTERCOM": "YES", "IS_THERE_A_COOLING_ROOM": "NO", "IS_THERE_EMERGENCY_POWER": "NO", "LAUNDRY_ROOM": "YES", "LAUNDRY_ROOM_HOURS_OF_OPERATION": "8-10", "LAUNDRY_ROOM_LOCATION": "BASEMENT", "LOCKER_OR_STORAGE_ROOM": "YES", "NO_BARRIER_FREE_ACCESSBLE_UNITS": 0.0, "NO_OF_ACCESSIBLE_PARKING_SPACES": 3.0, "NO_OF_ELEVATORS": 3.0, "NO_OF_LAUNDRY_ROOM_MACHINES": 12.0, "NON_SMOKING_BUILDING": "NO", "OUTDOOR_GARBAGE_STORAGE_AREA": "YES", "PARKING_TYPE": "Underground Garage , Garage accessible thru buildg , Surface Parking", "PCODE": "M4C", "PET_RESTRICTIONS": null, "PETS_ALLOWED": "YES", "PROP_MANAGEMENT_COMPANY_NAME": "RANEE MANAGEMENT", "PROPERTY_TYPE": "PRIVATE", "RECYCLING_BINS_LOCATION": "OUTSIDE", "RSN": 4156031, "SEPARATE_GAS_METERS_EACH_UNIT": "NO", "SEPARATE_HYDRO_METER_EACH_UNIT": "YES", "SEPARATE_WATER_METERS_EA_UNIT": "NO", "SITE_ADDRESS": "165  BARRINGTON AVE ", "SPRINKLER_SYSTEM": "YES", "SPRINKLER_SYSTEM_TEST_RECORD": "YES", "SPRINKLER_SYSTEM_YEAR_INSTALLED": 1965.0, "TSSA_TEST_RECORDS": "NO", "VISITOR_PARKING": "BOTH", "WARD": 19, "WINDOW_TYPE": "DOUBLE PANE", "YEAR_BUILT": 1965.0, "YEAR_OF_REPLACEMENT": 2010.0, "YEAR_REGISTERED": 2017.0, "NO_OF_STOREYS": null, "IS_THERE_EMERGENCY_POWER?": null, "NON-SMOKING_BUILDING": null, "NO_OF_UNITS": null, "NO_OF_ACCESSIBLEPARKING_SPACES": null, "FACILITIES_AVAILABLE?": null, "IS_THERE_A_COOLING_ROOM?": null, "NO_BARRIERFREE_ACCESSBLE_UNITS": null, "LONGITUDE": -79.302579903999998, "LATITUDE": 43.693762419000002 }, "geometry": { "type": "Point", "coordinates": [ -79.302579904, 43.693762419 ] } },
{ "type": "Feature", "properties": { "_id": 192399, "AIR_CONDITIONING_TYPE": "NONE", "AMENITIES_AVAILABLE": null, "ANNUAL_FIRE_ALARM_TEST_RECORDS": "YES", "ANNUAL_FIRE_PUMP_FLOW_TEST_RECORDS": "YES", "APPROVED_FIRE_SAFETY_PLAN": "YES", "BALCONIES": "YES", "BARRIER_FREE_ACCESSIBILTY_ENTR": "NO", "BIKE_PARKING": "Not Available", "CONFIRMED_STOREYS": 5, "CONFIRMED_UNITS": 102, "DATE_OF_LAST_INSPECTION_BY_TSSA": "APR 15, 2017", "DESCRIPTION_OF_CHILD_PLAY_AREA": null, "DESCRIPTION_OF_INDOOR_EXERCISE_ROOM": null, "DESCRIPTION_OF_OUTDOOR_REC_FACILITIES": null, "ELEVATOR_PARTS_REPLACED": null, "ELEVATOR_STATUS": "ORIGINAL", "EMERG_POWER_SUPPLY_TEST_RECORDS": null, "EXTERIOR_FIRE_ESCAPE": "NO", "FACILITIES_AVAILABLE": "Green Bin / Organics", "FIRE_ALARM": "YES", "GARBAGE_CHUTES": "YES", "GREEN_BIN_LOCATION": "NORTH SIDE", "HEATING_EQUIPMENT_STATUS": "REPLACED", "HEATING_EQUIPMENT_YEAR_INSTALLED": 2001.0, "HEATING_TYPE": "HOT WATER", "INDOOR_GARBAGE_STORAGE_AREA": "NO", "INTERCOM": "YES", "IS_THERE_A_COOLING_ROOM": "NO", "IS_THERE_EMERGENCY_POWER": "NO", "LAUNDRY_ROOM": "YES", "LAUNDRY_ROOM_HOURS_OF_OPERATION": "24 HOURS", "LAUNDRY_ROOM_LOCATION": "2ND & 4TH FLOORS", "LOCKER_OR_STORAGE_ROOM": "YES", "NO_BARRIER_FREE_ACCESSBLE_UNITS": 0.0, "NO_OF_ACCESSIBLE_PARKING_SPACES": 0.0, "NO_OF_ELEVATORS": 2.0, "NO_OF_LAUNDRY_ROOM_MACHINES": 8.0, "NON_SMOKING_BUILDING": "NO", "OUTDOOR_GARBAGE_STORAGE_AREA": "YES", "PARKING_TYPE": "Surface Parking", "PCODE": "M4C", "PET_RESTRICTIONS": null, "PETS_ALLOWED": "YES", "PROP_MANAGEMENT_COMPANY_NAME": "RANEE MANAGEMENT", "PROPERTY_TYPE": "PRIVATE", "RECYCLING_BINS_LOCATION": "NORTH SIDE", "RSN": 4154036, "SEPARATE_GAS_METERS_EACH_UNIT": "NO", "SEPARATE_HYDRO_METER_EACH_UNIT": "NO", "SEPARATE_WATER_METERS_EA_UNIT": "NO", "SITE_ADDRESS": "100  GOODWOOD PARK CRT ", "SPRINKLER_SYSTEM": "YES", "SPRINKLER_SYSTEM_TEST_RECORD": "YES", "SPRINKLER_SYSTEM_YEAR_INSTALLED": 1956.0, "TSSA_TEST_RECORDS": "NO", "VISITOR_PARKING": "FREE", "WARD": 19, "WINDOW_TYPE": "DOUBLE PANE", "YEAR_BUILT": 1956.0, "YEAR_OF_REPLACEMENT": null, "YEAR_REGISTERED": 2017.0, "NO_OF_STOREYS": null, "IS_THERE_EMERGENCY_POWER?": null, "NON-SMOKING_BUILDING": null, "NO_OF_UNITS": null, "NO_OF_ACCESSIBLEPARKING_SPACES": null, "FACILITIES_AVAILABLE?": null, "IS_THERE_A_COOLING_ROOM?": null, "NO_BARRIERFREE_ACCESSBLE_UNITS": null, "LONGITUDE": -79.296720543000006, "LATITUDE": 43.695437478000002 }, "geometry": { "type": "Point", "coordinates": [ -79.296720543, 43.695437478 ] } },
{ "type": "Feature", "properties": { "_id": 193879, "AIR_CONDITIONING_TYPE": "NONE", "AMENITIES_AVAILABLE": null, "ANNUAL_FIRE_ALARM_TEST_RECORDS": "YES", "ANNUAL_FIRE_PUMP_FLOW_TEST_RECORDS": "YES", "APPROVED_FIRE_SAFETY_PLAN": "YES", "BALCONIES": "YES", "BARRIER_FREE_ACCESSIBILTY_ENTR": "NO", "BIKE_PARKING": "Not Available", "CONFIRMED_STOREYS": 7, "CONFIRMED_UNITS": 132, "DATE_OF_LAST_INSPECTION_BY_TSSA": "APR 15, 2017", "DESCRIPTION_OF_CHILD_PLAY_AREA": null, "DESCRIPTION_OF_INDOOR_EXERCISE_ROOM": null, "DESCRIPTION_OF_OUTDOOR_REC_FACILITIES": null, "ELEVATOR_PARTS_REPLACED": null, "ELEVATOR_STATUS": "ORIGINAL", "EMERG_POWER_SUPPLY_TEST_RECORDS": null, "EXTERIOR_FIRE_ESCAPE": "NO", "FACILITIES_AVAILABLE": "Green Bin / Organics", "FIRE_ALARM": "YES", "GARBAGE_CHUTES": "YES", "GREEN_BIN_LOCATION": "NORTH SIDE", "HEATING_EQUIPMENT_STATUS": "ORIGINAL", "HEATING_EQUIPMENT_YEAR_INSTALLED": 1960.0, "HEATING_TYPE": "HOT WATER", "INDOOR_GARBAGE_STORAGE_AREA": "NO", "INTERCOM": "YES", "IS_THERE_A_COOLING_ROOM": "NO", "IS_THERE_EMERGENCY_POWER": "NO", "LAUNDRY_ROOM": "YES", "LAUNDRY_ROOM_HOURS_OF_OPERATION": "24 HOURS", "LAUNDRY_ROOM_LOCATION": "1ST FLOOR", "LOCKER_OR_STORAGE_ROOM": "YES", "NO_BARRIER_FREE_ACCESSBLE_UNITS": 0.0, "NO_OF_ACCESSIBLE_PARKING_SPACES": 2.0, "NO_OF_ELEVATORS": 2.0, "NO_OF_LAUNDRY_ROOM_MACHINES": 10.0, "NON_SMOKING_BUILDING": "NO", "OUTDOOR_GARBAGE_STORAGE_AREA": "YES", "PARKING_TYPE": "Surface Parking", "PCODE": "M4C", "PET_RESTRICTIONS": null, "PETS_ALLOWED": "YES", "PROP_MANAGEMENT_COMPANY_NAME": "RANEE MANAGEMENT", "PROPERTY_TYPE": "PRIVATE", "RECYCLING_BINS_LOCATION": "NORTH SIDE", "RSN": 4154035, "SEPARATE_GAS_METERS_EACH_UNIT": "NO", "SEPARATE_HYDRO_METER_EACH_UNIT": "NO", "SEPARATE_WATER_METERS_EA_UNIT": "NO", "SITE_ADDRESS": "102  GOODWOOD PARK CRT ", "SPRINKLER_SYSTEM": "YES", "SPRINKLER_SYSTEM_TEST_RECORD": "YES", "SPRINKLER_SYSTEM_YEAR_INSTALLED": 1960.0, "TSSA_TEST_RECORDS": "NO", "VISITOR_PARKING": "FREE", "WARD": 19, "WINDOW_TYPE": "DOUBLE PANE", "YEAR_BUILT": 1960.0, "YEAR_OF_REPLACEMENT": null, "YEAR_REGISTERED": 2017.0, "NO_OF_STOREYS": null, "IS_THERE_EMERGENCY_POWER?": null, "NON-SMOKING_BUILDING": null, "NO_OF_UNITS": null, "NO_OF_ACCESSIBLEPARKING_SPACES": null, "FACILITIES_AVAILABLE?": null, "IS_THERE_A_COOLING_ROOM?": null, "NO_BARRIERFREE_ACCESSBLE_UNITS": null, "LONGITUDE": -79.296047547000001, "LATITUDE": 43.695541815 }, "geometry": { "type": "Point", "coordinates": [ -79.296047547, 43.695541815 ] } },
{ "type": "Feature", "properties": { "_id": 193766, "AIR_CONDITIONING_TYPE": "NONE", "AMENITIES_AVAILABLE": null, "ANNUAL_FIRE_ALARM_TEST_RECORDS": "YES", "ANNUAL_FIRE_PUMP_FLOW_TEST_RECORDS": "YES", "APPROVED_FIRE_SAFETY_PLAN": "YES", "BALCONIES": "YES", "BARRIER_FREE_ACCESSIBILTY_ENTR": "YES", "BIKE_PARKING": "0 indoor parking spots and 10 outdoor parking spots", "CONFIRMED_STOREYS": 20, "CONFIRMED_UNITS": 380, "DATE_OF_LAST_INSPECTION_BY_TSSA": "JUL 1, 2017", "DESCRIPTION_OF_CHILD_PLAY_AREA": null, "DESCRIPTION_OF_INDOOR_EXERCISE_ROOM": null, "DESCRIPTION_OF_OUTDOOR_REC_FACILITIES": null, "ELEVATOR_PARTS_REPLACED": null, "ELEVATOR_STATUS": "ORIGINAL", "EMERG_POWER_SUPPLY_TEST_RECORDS": "YES", "EXTERIOR_FIRE_ESCAPE": "NO", "FACILITIES_AVAILABLE": "Green Bin / Organics", "FIRE_ALARM": "YES", "GARBAGE_CHUTES": "YES", "GREEN_BIN_LOCATION": "BACK OF BUILDING", "HEATING_EQUIPMENT_STATUS": "REPLACED", "HEATING_EQUIPMENT_YEAR_INSTALLED": 2002.0, "HEATING_TYPE": "HOT WATER", "INDOOR_GARBAGE_STORAGE_AREA": "NO", "INTERCOM": "YES", "IS_THERE_A_COOLING_ROOM": "NO", "IS_THERE_EMERGENCY_POWER": "YES", "LAUNDRY_ROOM": "YES", "LAUNDRY_ROOM_HOURS_OF_OPERATION": "24HRS", "LAUNDRY_ROOM_LOCATION": "BASEMENT LEVEL", "LOCKER_OR_STORAGE_ROOM": "YES", "NO_BARRIER_FREE_ACCESSBLE_UNITS": 380.0, "NO_OF_ACCESSIBLE_PARKING_SPACES": 4.0, "NO_OF_ELEVATORS": 4.0, "NO_OF_LAUNDRY_ROOM_MACHINES": 20.0, "NON_SMOKING_BUILDING": "NO", "OUTDOOR_GARBAGE_STORAGE_AREA": "YES", "PARKING_TYPE": "Underground Garage , Garage accessible thru buildg", "PCODE": "M4H", "PET_RESTRICTIONS": null, "PETS_ALLOWED": "YES", "PROP_MANAGEMENT_COMPANY_NAME": "MORGUARD NAR CANADA L.P", "PROPERTY_TYPE": "PRIVATE", "RECYCLING_BINS_LOCATION": "BACK OF BUILDING", "RSN": 4154151, "SEPARATE_GAS_METERS_EACH_UNIT": "NO", "SEPARATE_HYDRO_METER_EACH_UNIT": "YES", "SEPARATE_WATER_METERS_EA_UNIT": "NO", "SITE_ADDRESS": "43  THORNCLIFFE PARK DR ", "SPRINKLER_SYSTEM": "YES", "SPRINKLER_SYSTEM_TEST_RECORD": "YES", "SPRINKLER_SYSTEM_YEAR_INSTALLED": 1965.0, "TSSA_TEST_RECORDS": "YES", "VISITOR_PARKING": "BOTH", "WARD": 15, "WINDOW_TYPE": "DOUBLE PANE", "YEAR_BUILT": 1965.0, "YEAR_OF_REPLACEMENT": null, "YEAR_REGISTERED": 2017.0, "NO_OF_STOREYS": null, "IS_THERE_EMERGENCY_POWER?": null, "NON-SMOKING_BUILDING": null, "NO_OF_UNITS": null, "NO_OF_ACCESSIBLEPARKING_SPACES": null, "FACILITIES_AVAILABLE?": null, "IS_THERE_A_COOLING_ROOM?": null, "NO_BARRIERFREE_ACCESSBLE_UNITS": null, "LONGITUDE": -79.344507258999997, "LATITUDE": 43.700450361000001 }, "geometry": { "type": "Point", "coordinates": [ -79.344507259, 43.700450361 ] } },
{ "type": "Feature", "properties": { "_id": 193940, "AIR_CONDITIONING_TYPE": "NONE", "AMENITIES_AVAILABLE": null, "ANNUAL_FIRE_ALARM_TEST_RECORDS": "YES", "ANNUAL_FIRE_PUMP_FLOW_TEST_RECORDS": "YES", "APPROVED_FIRE_SAFETY_PLAN": "YES", "BALCONIES": "YES", "BARRIER_FREE_ACCESSIBILTY_ENTR": "YES", "BIKE_PARKING": "0 indoor parking spots and 15 outdoor parking spots", "CONFIRMED_STOREYS": 25, "CONFIRMED_UNITS": 474, "DATE_OF_LAST_INSPECTION_BY_TSSA": "JUL 1, 2017", "DESCRIPTION_OF_CHILD_PLAY_AREA": null, "DESCRIPTION_OF_INDOOR_EXERCISE_ROOM": null, "DESCRIPTION_OF_OUTDOOR_REC_FACILITIES": null, "ELEVATOR_PARTS_REPLACED": null, "ELEVATOR_STATUS": "ORIGINAL", "EMERG_POWER_SUPPLY_TEST_RECORDS": "YES", "EXTERIOR_FIRE_ESCAPE": "NO", "FACILITIES_AVAILABLE": "Green Bin / Organics", "FIRE_ALARM": "YES", "GARBAGE_CHUTES": "YES", "GREEN_BIN_LOCATION": "BACK OF BUILDING", "HEATING_EQUIPMENT_STATUS": "REPLACED", "HEATING_EQUIPMENT_YEAR_INSTALLED": 2002.0, "HEATING_TYPE": "HOT WATER", "INDOOR_GARBAGE_STORAGE_AREA": "NO", "INTERCOM": "YES", "IS_THERE_A_COOLING_ROOM": "NO", "IS_THERE_EMERGENCY_POWER": "YES", "LAUNDRY_ROOM": "YES", "LAUNDRY_ROOM_HOURS_OF_OPERATION": "24HRS", "LAUNDRY_ROOM_LOCATION": "BASEMENT LEVEL", "LOCKER_OR_STORAGE_ROOM": "YES", "NO_BARRIER_FREE_ACCESSBLE_UNITS": 474.0, "NO_OF_ACCESSIBLE_PARKING_SPACES": 3.0, "NO_OF_ELEVATORS": 5.0, "NO_OF_LAUNDRY_ROOM_MACHINES": 20.0, "NON_SMOKING_BUILDING": "NO", "OUTDOOR_GARBAGE_STORAGE_AREA": "YES", "PARKING_TYPE": "Underground Garage , Garage accessible thru buildg", "PCODE": "M4H", "PET_RESTRICTIONS": null, "PETS_ALLOWED": "YES", "PROP_MANAGEMENT_COMPANY_NAME": "MORGUARD NAR CANADA L.P", "PROPERTY_TYPE": "PRIVATE", "RECYCLING_BINS_LOCATION": "BACK OF BUILDING", "RSN": 4154152, "SEPARATE_GAS_METERS_EACH_UNIT": "NO", "SEPARATE_HYDRO_METER_EACH_UNIT": "YES", "SEPARATE_WATER_METERS_EA_UNIT": "NO", "SITE_ADDRESS": "47  THORNCLIFFE PARK DR ", "SPRINKLER_SYSTEM": "YES", "SPRINKLER_SYSTEM_TEST_RECORD": "YES", "SPRINKLER_SYSTEM_YEAR_INSTALLED": 1966.0, "TSSA_TEST_RECORDS": "YES", "VISITOR_PARKING": "PAID", "WARD": 15, "WINDOW_TYPE": "DOUBLE PANE", "YEAR_BUILT": 1966.0, "YEAR_OF_REPLACEMENT": null, "YEAR_REGISTERED": 2017.0, "NO_OF_STOREYS": null, "IS_THERE_EMERGENCY_POWER?": null, "NON-SMOKING_BUILDING": null, "NO_OF_UNITS": null, "NO_OF_ACCESSIBLEPARKING_SPACES": null, "FACILITIES_AVAILABLE?": null, "IS_THERE_A_COOLING_ROOM?": null, "NO_BARRIERFREE_ACCESSBLE_UNITS": null, "LONGITUDE": -79.34267244, "LATITUDE": 43.700783733000002 }, "geometry": { "type": "Point", "coordinates": [ -79.34267244, 43.700783733 ] } },
{ "type": "Feature", "properties": { "_id": 194626, "AIR_CONDITIONING_TYPE": "NONE", "AMENITIES_AVAILABLE": null, "ANNUAL_FIRE_ALARM_TEST_RECORDS": "YES", "ANNUAL_FIRE_PUMP_FLOW_TEST_RECORDS": "YES", "APPROVED_FIRE_SAFETY_PLAN": "YES", "BALCONIES": "YES", "BARRIER_FREE_ACCESSIBILTY_ENTR": "YES", "BIKE_PARKING": "0 indoor parking spots and 10 outdoor parking spots", "CONFIRMED_STOREYS": 20, "CONFIRMED_UNITS": 400, "DATE_OF_LAST_INSPECTION_BY_TSSA": "JUL 1, 2017", "DESCRIPTION_OF_CHILD_PLAY_AREA": null, "DESCRIPTION_OF_INDOOR_EXERCISE_ROOM": null, "DESCRIPTION_OF_OUTDOOR_REC_FACILITIES": null, "ELEVATOR_PARTS_REPLACED": null, "ELEVATOR_STATUS": "ORIGINAL", "EMERG_POWER_SUPPLY_TEST_RECORDS": "YES", "EXTERIOR_FIRE_ESCAPE": "NO", "FACILITIES_AVAILABLE": "Green Bin / Organics", "FIRE_ALARM": "YES", "GARBAGE_CHUTES": "YES", "GREEN_BIN_LOCATION": "BACK OF BUILDING", "HEATING_EQUIPMENT_STATUS": "REPLACED", "HEATING_EQUIPMENT_YEAR_INSTALLED": 2002.0, "HEATING_TYPE": "HOT WATER", "INDOOR_GARBAGE_STORAGE_AREA": "NO", "INTERCOM": "YES", "IS_THERE_A_COOLING_ROOM": "NO", "IS_THERE_EMERGENCY_POWER": "YES", "LAUNDRY_ROOM": "YES", "LAUNDRY_ROOM_HOURS_OF_OPERATION": "24HRS", "LAUNDRY_ROOM_LOCATION": "BASEMENT LEVEL", "LOCKER_OR_STORAGE_ROOM": "YES", "NO_BARRIER_FREE_ACCESSBLE_UNITS": 400.0, "NO_OF_ACCESSIBLE_PARKING_SPACES": 2.0, "NO_OF_ELEVATORS": 4.0, "NO_OF_LAUNDRY_ROOM_MACHINES": 20.0, "NON_SMOKING_BUILDING": "NO", "OUTDOOR_GARBAGE_STORAGE_AREA": "YES", "PARKING_TYPE": "Underground Garage , Garage accessible thru buildg , Surface Parking", "PCODE": "M4H", "PET_RESTRICTIONS": null, "PETS_ALLOWED": "YES", "PROP_MANAGEMENT_COMPANY_NAME": "MORGUARD NAR CANADA L.P", "PROPERTY_TYPE": "PRIVATE", "RECYCLING_BINS_LOCATION": "BACK OF BUILDING", "RSN": 4154153, "SEPARATE_GAS_METERS_EACH_UNIT": "NO", "SEPARATE_HYDRO_METER_EACH_UNIT": "YES", "SEPARATE_WATER_METERS_EA_UNIT": "NO", "SITE_ADDRESS": "49  THORNCLIFFE PARK DR ", "SPRINKLER_SYSTEM": "YES", "SPRINKLER_SYSTEM_TEST_RECORD": "YES", "SPRINKLER_SYSTEM_YEAR_INSTALLED": 1968.0, "TSSA_TEST_RECORDS": "YES", "VISITOR_PARKING": "PAID", "WARD": 15, "WINDOW_TYPE": "SINGLE PANE", "YEAR_BUILT": 1968.0, "YEAR_OF_REPLACEMENT": null, "YEAR_REGISTERED": 2017.0, "NO_OF_STOREYS": null, "IS_THERE_EMERGENCY_POWER?": null, "NON-SMOKING_BUILDING": null, "NO_OF_UNITS": null, "NO_OF_ACCESSIBLEPARKING_SPACES": null, "FACILITIES_AVAILABLE?": null, "IS_THERE_A_COOLING_ROOM?": null, "NO_BARRIERFREE_ACCESSBLE_UNITS": null, "LONGITUDE": -79.342340022000002, "LATITUDE": 43.70194881 }, "geometry": { "type": "Point", "coordinates": [ -79.342340022, 43.70194881 ] } },
{ "type": "Feature", "properties": { "_id": 192843, "AIR_CONDITIONING_TYPE": "NONE", "AMENITIES_AVAILABLE": null, "ANNUAL_FIRE_ALARM_TEST_RECORDS": "YES", "ANNUAL_FIRE_PUMP_FLOW_TEST_RECORDS": "YES", "APPROVED_FIRE_SAFETY_PLAN": "YES", "BALCONIES": "YES", "BARRIER_FREE_ACCESSIBILTY_ENTR": "YES", "BIKE_PARKING": "10 indoor parking spots and 10 outdoor parking spots", "CONFIRMED_STOREYS": 18, "CONFIRMED_UNITS": 287, "DATE_OF_LAST_INSPECTION_BY_TSSA": "MAR 1, 2017", "DESCRIPTION_OF_CHILD_PLAY_AREA": null, "DESCRIPTION_OF_INDOOR_EXERCISE_ROOM": null, "DESCRIPTION_OF_OUTDOOR_REC_FACILITIES": null, "ELEVATOR_PARTS_REPLACED": null, "ELEVATOR_STATUS": "ORIGINAL", "EMERG_POWER_SUPPLY_TEST_RECORDS": "YES", "EXTERIOR_FIRE_ESCAPE": "NO", "FACILITIES_AVAILABLE": "Green Bin / Organics", "FIRE_ALARM": "YES", "GARBAGE_CHUTES": "YES", "GREEN_BIN_LOCATION": "SIDE OF BUILDING", "HEATING_EQUIPMENT_STATUS": "ORIGINAL", "HEATING_EQUIPMENT_YEAR_INSTALLED": 1964.0, "HEATING_TYPE": "HOT WATER", "INDOOR_GARBAGE_STORAGE_AREA": "NO", "INTERCOM": "YES", "IS_THERE_A_COOLING_ROOM": "NO", "IS_THERE_EMERGENCY_POWER": "YES", "LAUNDRY_ROOM": "YES", "LAUNDRY_ROOM_HOURS_OF_OPERATION": "24 HOURS", "LAUNDRY_ROOM_LOCATION": "B1 LEVEL", "LOCKER_OR_STORAGE_ROOM": "YES", "NO_BARRIER_FREE_ACCESSBLE_UNITS": 287.0, "NO_OF_ACCESSIBLE_PARKING_SPACES": 3.0, "NO_OF_ELEVATORS": 3.0, "NO_OF_LAUNDRY_ROOM_MACHINES": 18.0, "NON_SMOKING_BUILDING": "NO", "OUTDOOR_GARBAGE_STORAGE_AREA": "YES", "PARKING_TYPE": "Underground Garage , Ground Level Garage , Garage accessible thru buildg , Surface Parking", "PCODE": "M4H", "PET_RESTRICTIONS": null, "PETS_ALLOWED": "YES", "PROP_MANAGEMENT_COMPANY_NAME": "MORGUARD NAR CANDA L.P", "PROPERTY_TYPE": "PRIVATE", "RECYCLING_BINS_LOCATION": "SIDE OF BUILDING", "RSN": 4154150, "SEPARATE_GAS_METERS_EACH_UNIT": "NO", "SEPARATE_HYDRO_METER_EACH_UNIT": "YES", "SEPARATE_WATER_METERS_EA_UNIT": "NO", "SITE_ADDRESS": "35  THORNCLIFFE PARK DR ", "SPRINKLER_SYSTEM": "YES", "SPRINKLER_SYSTEM_TEST_RECORD": "YES", "SPRINKLER_SYSTEM_YEAR_INSTALLED": 1964.0, "TSSA_TEST_RECORDS": "YES", "VISITOR_PARKING": "BOTH", "WARD": 15, "WINDOW_TYPE": "SINGLE PANE", "YEAR_BUILT": 1964.0, "YEAR_OF_REPLACEMENT": null, "YEAR_REGISTERED": 2017.0, "NO_OF_STOREYS": null, "IS_THERE_EMERGENCY_POWER?": null, "NON-SMOKING_BUILDING": null, "NO_OF_UNITS": null, "NO_OF_ACCESSIBLEPARKING_SPACES": null, "FACILITIES_AVAILABLE?": null, "IS_THERE_A_COOLING_ROOM?": null, "NO_BARRIERFREE_ACCESSBLE_UNITS": null, "LONGITUDE": -79.345105079000007, "LATITUDE": 43.701969777000002 }, "geometry": { "type": "Point", "coordinates": [ -79.345105079, 43.701969777 ] } },
{ "type": "Feature", "properties": { "_id": 195809, "AIR_CONDITIONING_TYPE": "NONE", "AMENITIES_AVAILABLE": null, "ANNUAL_FIRE_ALARM_TEST_RECORDS": "YES", "ANNUAL_FIRE_PUMP_FLOW_TEST_RECORDS": "YES", "APPROVED_FIRE_SAFETY_PLAN": "YES", "BALCONIES": "YES", "BARRIER_FREE_ACCESSIBILTY_ENTR": "NO", "BIKE_PARKING": "Not Available", "CONFIRMED_STOREYS": 6, "CONFIRMED_UNITS": 60, "DATE_OF_LAST_INSPECTION_BY_TSSA": "AUG 24, 2017", "DESCRIPTION_OF_CHILD_PLAY_AREA": null, "DESCRIPTION_OF_INDOOR_EXERCISE_ROOM": null, "DESCRIPTION_OF_OUTDOOR_REC_FACILITIES": null, "ELEVATOR_PARTS_REPLACED": "COMPLETE ELEVATOR MODERNIZATION", "ELEVATOR_STATUS": "REPLACED", "EMERG_POWER_SUPPLY_TEST_RECORDS": null, "EXTERIOR_FIRE_ESCAPE": "NO", "FACILITIES_AVAILABLE": "Green Bin / Organics", "FIRE_ALARM": "YES", "GARBAGE_CHUTES": "NO", "GREEN_BIN_LOCATION": "SCREENED ORGANICS", "HEATING_EQUIPMENT_STATUS": "REPLACED", "HEATING_EQUIPMENT_YEAR_INSTALLED": 2005.0, "HEATING_TYPE": "HOT WATER", "INDOOR_GARBAGE_STORAGE_AREA": "NO", "INTERCOM": "YES", "IS_THERE_A_COOLING_ROOM": "NO", "IS_THERE_EMERGENCY_POWER": "NO", "LAUNDRY_ROOM": "YES", "LAUNDRY_ROOM_HOURS_OF_OPERATION": "24 HRS", "LAUNDRY_ROOM_LOCATION": "FIRST FLOOR", "LOCKER_OR_STORAGE_ROOM": "NO", "NO_BARRIER_FREE_ACCESSBLE_UNITS": 0.0, "NO_OF_ACCESSIBLE_PARKING_SPACES": 0.0, "NO_OF_ELEVATORS": 1.0, "NO_OF_LAUNDRY_ROOM_MACHINES": 8.0, "NON_SMOKING_BUILDING": "YES", "OUTDOOR_GARBAGE_STORAGE_AREA": "YES", "PARKING_TYPE": "Carport , Surface Parking", "PCODE": "M4H", "PET_RESTRICTIONS": null, "PETS_ALLOWED": "YES", "PROP_MANAGEMENT_COMPANY_NAME": "MONTEREY PARK INC.", "PROPERTY_TYPE": "PRIVATE", "RECYCLING_BINS_LOCATION": "SCREENED ENCLOSURE", "RSN": 4154166, "SEPARATE_GAS_METERS_EACH_UNIT": "NO", "SEPARATE_HYDRO_METER_EACH_UNIT": "YES", "SEPARATE_WATER_METERS_EA_UNIT": "NO", "SITE_ADDRESS": "42  THORNCLIFFE PARK DR ", "SPRINKLER_SYSTEM": "NO", "SPRINKLER_SYSTEM_TEST_RECORD": null, "SPRINKLER_SYSTEM_YEAR_INSTALLED": null, "TSSA_TEST_RECORDS": "YES", "VISITOR_PARKING": "PAID", "WARD": 15, "WINDOW_TYPE": "DOUBLE PANE", "YEAR_BUILT": 1962.0, "YEAR_OF_REPLACEMENT": 2017.0, "YEAR_REGISTERED": 2017.0, "NO_OF_STOREYS": null, "IS_THERE_EMERGENCY_POWER?": null, "NON-SMOKING_BUILDING": null, "NO_OF_UNITS": null, "NO_OF_ACCESSIBLEPARKING_SPACES": null, "FACILITIES_AVAILABLE?": null, "IS_THERE_A_COOLING_ROOM?": null, "NO_BARRIERFREE_ACCESSBLE_UNITS": null, "LONGITUDE": -79.343701311000004, "LATITUDE": 43.70219549 }, "geometry": { "type": "Point", "coordinates": [ -79.343701311, 43.70219549 ] } },
{ "type": "Feature", "properties": { "_id": 195581, "AIR_CONDITIONING_TYPE": "NONE", "AMENITIES_AVAILABLE": null, "ANNUAL_FIRE_ALARM_TEST_RECORDS": "YES", "ANNUAL_FIRE_PUMP_FLOW_TEST_RECORDS": "NO", "APPROVED_FIRE_SAFETY_PLAN": "YES", "BALCONIES": "YES", "BARRIER_FREE_ACCESSIBILTY_ENTR": "YES", "BIKE_PARKING": "Not Available", "CONFIRMED_STOREYS": 6, "CONFIRMED_UNITS": 82, "DATE_OF_LAST_INSPECTION_BY_TSSA": "AUG 5, 2016", "DESCRIPTION_OF_CHILD_PLAY_AREA": null, "DESCRIPTION_OF_INDOOR_EXERCISE_ROOM": null, "DESCRIPTION_OF_OUTDOOR_REC_FACILITIES": null, "ELEVATOR_PARTS_REPLACED": "MECHANICAL", "ELEVATOR_STATUS": "REPLACED", "EMERG_POWER_SUPPLY_TEST_RECORDS": null, "EXTERIOR_FIRE_ESCAPE": "NO", "FACILITIES_AVAILABLE": "Unknown", "FIRE_ALARM": "YES", "GARBAGE_CHUTES": "NO", "GREEN_BIN_LOCATION": null, "HEATING_EQUIPMENT_STATUS": "REPLACED", "HEATING_EQUIPMENT_YEAR_INSTALLED": 2016.0, "HEATING_TYPE": "HOT WATER", "INDOOR_GARBAGE_STORAGE_AREA": "NO", "INTERCOM": "YES", "IS_THERE_A_COOLING_ROOM": "NO", "IS_THERE_EMERGENCY_POWER": "NO", "LAUNDRY_ROOM": "YES", "LAUNDRY_ROOM_HOURS_OF_OPERATION": "8AM-10PM", "LAUNDRY_ROOM_LOCATION": "TWO - SECOND AND FIFTH FLOORS", "LOCKER_OR_STORAGE_ROOM": "YES", "NO_BARRIER_FREE_ACCESSBLE_UNITS": 1.0, "NO_OF_ACCESSIBLE_PARKING_SPACES": 1.0, "NO_OF_ELEVATORS": 2.0, "NO_OF_LAUNDRY_ROOM_MACHINES": 8.0, "NON_SMOKING_BUILDING": "NO", "OUTDOOR_GARBAGE_STORAGE_AREA": "YES", "PARKING_TYPE": "Underground Garage , Garage accessible thru buildg , Surface Parking", "PCODE": "M4H", "PET_RESTRICTIONS": null, "PETS_ALLOWED": "YES", "PROP_MANAGEMENT_COMPANY_NAME": "COLONIA TREUHAND MANAGEMENT INC.", "PROPERTY_TYPE": "PRIVATE", "RECYCLING_BINS_LOCATION": null, "RSN": 4154147, "SEPARATE_GAS_METERS_EACH_UNIT": "NO", "SEPARATE_HYDRO_METER_EACH_UNIT": "NO", "SEPARATE_WATER_METERS_EA_UNIT": "NO", "SITE_ADDRESS": "6  MILEPOST PL ", "SPRINKLER_SYSTEM": "YES", "SPRINKLER_SYSTEM_TEST_RECORD": "YES", "SPRINKLER_SYSTEM_YEAR_INSTALLED": 1955.0, "TSSA_TEST_RECORDS": "YES", "VISITOR_PARKING": "FREE", "WARD": 15, "WINDOW_TYPE": "DOUBLE PANE", "YEAR_BUILT": 1955.0, "YEAR_OF_REPLACEMENT": 2015.0, "YEAR_REGISTERED": 2017.0, "NO_OF_STOREYS": null, "IS_THERE_EMERGENCY_POWER?": null, "NON-SMOKING_BUILDING": null, "NO_OF_UNITS": null, "NO_OF_ACCESSIBLEPARKING_SPACES": null, "FACILITIES_AVAILABLE?": null, "IS_THERE_A_COOLING_ROOM?": null, "NO_BARRIERFREE_ACCESSBLE_UNITS": null, "LONGITUDE": -79.347797424000007, "LATITUDE": 43.70220549 }, "geometry": { "type": "Point", "coordinates": [ -79.347797424, 43.70220549 ] } },
{ "type": "Feature", "properties": { "_id": 193764, "AIR_CONDITIONING_TYPE": "NONE", "AMENITIES_AVAILABLE": null, "ANNUAL_FIRE_ALARM_TEST_RECORDS": "YES", "ANNUAL_FIRE_PUMP_FLOW_TEST_RECORDS": "YES", "APPROVED_FIRE_SAFETY_PLAN": "YES", "BALCONIES": "YES", "BARRIER_FREE_ACCESSIBILTY_ENTR": "NO", "BIKE_PARKING": "50 indoor parking spots and 0 outdoor parking spots", "CONFIRMED_STOREYS": 6, "CONFIRMED_UNITS": 76, "DATE_OF_LAST_INSPECTION_BY_TSSA": "FEB 23, 2016", "DESCRIPTION_OF_CHILD_PLAY_AREA": null, "DESCRIPTION_OF_INDOOR_EXERCISE_ROOM": null, "DESCRIPTION_OF_OUTDOOR_REC_FACILITIES": null, "ELEVATOR_PARTS_REPLACED": "MECHANICAL PARTS", "ELEVATOR_STATUS": "REPLACED", "EMERG_POWER_SUPPLY_TEST_RECORDS": null, "EXTERIOR_FIRE_ESCAPE": "NO", "FACILITIES_AVAILABLE": "Green Bin / Organics", "FIRE_ALARM": "YES", "GARBAGE_CHUTES": "NO", "GREEN_BIN_LOCATION": "OUTSIDE - SIDE OF BUILDING", "HEATING_EQUIPMENT_STATUS": "REPLACED", "HEATING_EQUIPMENT_YEAR_INSTALLED": 2000.0, "HEATING_TYPE": "HOT WATER", "INDOOR_GARBAGE_STORAGE_AREA": "NO", "INTERCOM": "YES", "IS_THERE_A_COOLING_ROOM": "NO", "IS_THERE_EMERGENCY_POWER": "NO", "LAUNDRY_ROOM": "YES", "LAUNDRY_ROOM_HOURS_OF_OPERATION": "24 HOURS", "LAUNDRY_ROOM_LOCATION": "MAIN FLOOR", "LOCKER_OR_STORAGE_ROOM": "YES", "NO_BARRIER_FREE_ACCESSBLE_UNITS": 0.0, "NO_OF_ACCESSIBLE_PARKING_SPACES": 0.0, "NO_OF_ELEVATORS": 1.0, "NO_OF_LAUNDRY_ROOM_MACHINES": 8.0, "NON_SMOKING_BUILDING": "NO", "OUTDOOR_GARBAGE_STORAGE_AREA": "YES", "PARKING_TYPE": "Underground Garage , Parking Deck", "PCODE": "M4H", "PET_RESTRICTIONS": null, "PETS_ALLOWED": "YES", "PROP_MANAGEMENT_COMPANY_NAME": "HAZELVIEW PROPERTY SERVICES INC", "PROPERTY_TYPE": "PRIVATE", "RECYCLING_BINS_LOCATION": "OUTSIDE - SIDE OF BUILDING", "RSN": 4154148, "SEPARATE_GAS_METERS_EACH_UNIT": "NO", "SEPARATE_HYDRO_METER_EACH_UNIT": "YES", "SEPARATE_WATER_METERS_EA_UNIT": "NO", "SITE_ADDRESS": "8  MILEPOST PL ", "SPRINKLER_SYSTEM": "YES", "SPRINKLER_SYSTEM_TEST_RECORD": "YES", "SPRINKLER_SYSTEM_YEAR_INSTALLED": 1960.0, "TSSA_TEST_RECORDS": "YES", "VISITOR_PARKING": "UNAVAILABLE", "WARD": 15, "WINDOW_TYPE": "DOUBLE PANE", "YEAR_BUILT": 1960.0, "YEAR_OF_REPLACEMENT": 2015.0, "YEAR_REGISTERED": 2017.0, "NO_OF_STOREYS": null, "IS_THERE_EMERGENCY_POWER?": null, "NON-SMOKING_BUILDING": null, "NO_OF_UNITS": null, "NO_OF_ACCESSIBLEPARKING_SPACES": null, "FACILITIES_AVAILABLE?": null, "IS_THERE_A_COOLING_ROOM?": null, "NO_BARRIERFREE_ACCESSBLE_UNITS": null, "LONGITUDE": -79.347251053999997, "LATITUDE": 43.70253462 }, "geometry": { "type": "Point", "coordinates": [ -79.347251054, 43.70253462 ] } },
{ "type": "Feature", "properties": { "_id": 193519, "AIR_CONDITIONING_TYPE": "NONE", "AMENITIES_AVAILABLE": null, "ANNUAL_FIRE_ALARM_TEST_RECORDS": "YES", "ANNUAL_FIRE_PUMP_FLOW_TEST_RECORDS": "YES", "APPROVED_FIRE_SAFETY_PLAN": "YES", "BALCONIES": "YES", "BARRIER_FREE_ACCESSIBILTY_ENTR": "NO", "BIKE_PARKING": "Not Available", "CONFIRMED_STOREYS": 6, "CONFIRMED_UNITS": 90, "DATE_OF_LAST_INSPECTION_BY_TSSA": "APR 17, 2016", "DESCRIPTION_OF_CHILD_PLAY_AREA": null, "DESCRIPTION_OF_INDOOR_EXERCISE_ROOM": null, "DESCRIPTION_OF_OUTDOOR_REC_FACILITIES": null, "ELEVATOR_PARTS_REPLACED": "MECHANICAL ELEVATOR MODERNIZATION AND CAB INTERIOR", "ELEVATOR_STATUS": "REPLACED", "EMERG_POWER_SUPPLY_TEST_RECORDS": "YES", "EXTERIOR_FIRE_ESCAPE": "NO", "FACILITIES_AVAILABLE": "Green Bin / Organics", "FIRE_ALARM": "YES", "GARBAGE_CHUTES": "YES", "GREEN_BIN_LOCATION": "REAR OF BUILDING WEST SIDE", "HEATING_EQUIPMENT_STATUS": "ORIGINAL", "HEATING_EQUIPMENT_YEAR_INSTALLED": 2005.0, "HEATING_TYPE": "HOT WATER", "INDOOR_GARBAGE_STORAGE_AREA": "NO", "INTERCOM": "YES", "IS_THERE_A_COOLING_ROOM": "NO", "IS_THERE_EMERGENCY_POWER": "YES", "LAUNDRY_ROOM": "YES", "LAUNDRY_ROOM_HOURS_OF_OPERATION": "8", "LAUNDRY_ROOM_LOCATION": "MAIN FLOOR", "LOCKER_OR_STORAGE_ROOM": "YES", "NO_BARRIER_FREE_ACCESSBLE_UNITS": 0.0, "NO_OF_ACCESSIBLE_PARKING_SPACES": 0.0, "NO_OF_ELEVATORS": 2.0, "NO_OF_LAUNDRY_ROOM_MACHINES": 11.0, "NON_SMOKING_BUILDING": "NO", "OUTDOOR_GARBAGE_STORAGE_AREA": "YES", "PARKING_TYPE": "Surface Parking", "PCODE": "M4H", "PET_RESTRICTIONS": "AS PER LEASE AGREEMENT", "PETS_ALLOWED": "YES", "PROP_MANAGEMENT_COMPANY_NAME": "BRIARLANE RENTAL PROPERTY MANAGEMENT INC", "PROPERTY_TYPE": "PRIVATE", "RECYCLING_BINS_LOCATION": "REAR OF BUILDING WEST SIDE", "RSN": 4154165, "SEPARATE_GAS_METERS_EACH_UNIT": "NO", "SEPARATE_HYDRO_METER_EACH_UNIT": "YES", "SEPARATE_WATER_METERS_EA_UNIT": "NO", "SITE_ADDRESS": "44  THORNCLIFFE PARK DR ", "SPRINKLER_SYSTEM": "YES", "SPRINKLER_SYSTEM_TEST_RECORD": "YES", "SPRINKLER_SYSTEM_YEAR_INSTALLED": 1964.0, "TSSA_TEST_RECORDS": "YES", "VISITOR_PARKING": "UNAVAILABLE", "WARD": 15, "WINDOW_TYPE": "DOUBLE PANE", "YEAR_BUILT": 1964.0, "YEAR_OF_REPLACEMENT": 2013.0, "YEAR_REGISTERED": 2017.0, "NO_OF_STOREYS": null, "IS_THERE_EMERGENCY_POWER?": null, "NON-SMOKING_BUILDING": null, "NO_OF_UNITS": null, "NO_OF_ACCESSIBLEPARKING_SPACES": null, "FACILITIES_AVAILABLE?": null, "IS_THERE_A_COOLING_ROOM?": null, "NO_BARRIERFREE_ACCESSBLE_UNITS": null, "LONGITUDE": -79.342924935, "LATITUDE": 43.702592382 }, "geometry": { "type": "Point", "coordinates": [ -79.342924935, 43.702592382 ] } },
{ "type": "Feature", "properties": { "_id": 195810, "AIR_CONDITIONING_TYPE": "NONE", "AMENITIES_AVAILABLE": null, "ANNUAL_FIRE_ALARM_TEST_RECORDS": "YES", "ANNUAL_FIRE_PUMP_FLOW_TEST_RECORDS": "YES", "APPROVED_FIRE_SAFETY_PLAN": "YES", "BALCONIES": "YES", "BARRIER_FREE_ACCESSIBILTY_ENTR": "NO", "BIKE_PARKING": "Not Available", "CONFIRMED_STOREYS": 6, "CONFIRMED_UNITS": 70, "DATE_OF_LAST_INSPECTION_BY_TSSA": "JUN 1, 2017", "DESCRIPTION_OF_CHILD_PLAY_AREA": null, "DESCRIPTION_OF_INDOOR_EXERCISE_ROOM": null, "DESCRIPTION_OF_OUTDOOR_REC_FACILITIES": null, "ELEVATOR_PARTS_REPLACED": null, "ELEVATOR_STATUS": "ORIGINAL", "EMERG_POWER_SUPPLY_TEST_RECORDS": null, "EXTERIOR_FIRE_ESCAPE": "NO", "FACILITIES_AVAILABLE": "Green Bin / Organics", "FIRE_ALARM": "YES", "GARBAGE_CHUTES": "NO", "GREEN_BIN_LOCATION": "IN REAR ON NORTH SIDE OF BUILDING", "HEATING_EQUIPMENT_STATUS": "REPLACED", "HEATING_EQUIPMENT_YEAR_INSTALLED": 2010.0, "HEATING_TYPE": "HOT WATER", "INDOOR_GARBAGE_STORAGE_AREA": "NO", "INTERCOM": "YES", "IS_THERE_A_COOLING_ROOM": "NO", "IS_THERE_EMERGENCY_POWER": "NO", "LAUNDRY_ROOM": "YES", "LAUNDRY_ROOM_HOURS_OF_OPERATION": "7:00 AM TO 9:00 PM", "LAUNDRY_ROOM_LOCATION": "ON FIRST FLOOR", "LOCKER_OR_STORAGE_ROOM": "NO", "NO_BARRIER_FREE_ACCESSBLE_UNITS": 0.0, "NO_OF_ACCESSIBLE_PARKING_SPACES": 0.0, "NO_OF_ELEVATORS": 1.0, "NO_OF_LAUNDRY_ROOM_MACHINES": 4.0, "NON_SMOKING_BUILDING": "NO", "OUTDOOR_GARBAGE_STORAGE_AREA": "YES", "PARKING_TYPE": "Surface Parking", "PCODE": "M4H", "PET_RESTRICTIONS": null, "PETS_ALLOWED": "YES", "PROP_MANAGEMENT_COMPANY_NAME": "SIGNET GROUP INC", "PROPERTY_TYPE": "PRIVATE", "RECYCLING_BINS_LOCATION": "IN REAR ON NORTH SIDE OF BUILDING", "RSN": 4154168, "SEPARATE_GAS_METERS_EACH_UNIT": "NO", "SEPARATE_HYDRO_METER_EACH_UNIT": "YES", "SEPARATE_WATER_METERS_EA_UNIT": "NO", "SITE_ADDRESS": "36  THORNCLIFFE PARK DR ", "SPRINKLER_SYSTEM": "NO", "SPRINKLER_SYSTEM_TEST_RECORD": null, "SPRINKLER_SYSTEM_YEAR_INSTALLED": null, "TSSA_TEST_RECORDS": "YES", "VISITOR_PARKING": "UNAVAILABLE", "WARD": 15, "WINDOW_TYPE": "DOUBLE PANE", "YEAR_BUILT": 1959.0, "YEAR_OF_REPLACEMENT": null, "YEAR_REGISTERED": 2017.0, "NO_OF_STOREYS": null, "IS_THERE_EMERGENCY_POWER?": null, "NON-SMOKING_BUILDING": null, "NO_OF_UNITS": null, "NO_OF_ACCESSIBLEPARKING_SPACES": null, "FACILITIES_AVAILABLE?": null, "IS_THERE_A_COOLING_ROOM?": null, "NO_BARRIERFREE_ACCESSBLE_UNITS": null, "LONGITUDE": -79.344590225000005, "LATITUDE": 43.702708954000002 }, "geometry": { "type": "Point", "coordinates": [ -79.344590225, 43.702708954 ] } },
{ "type": "Feature", "properties": { "_id": 193765, "AIR_CONDITIONING_TYPE": "NONE", "AMENITIES_AVAILABLE": null, "ANNUAL_FIRE_ALARM_TEST_RECORDS": "YES", "ANNUAL_FIRE_PUMP_FLOW_TEST_RECORDS": "NO", "APPROVED_FIRE_SAFETY_PLAN": "YES", "BALCONIES": "YES", "BARRIER_FREE_ACCESSIBILTY_ENTR": "NO", "BIKE_PARKING": "Not Available", "CONFIRMED_STOREYS": 7, "CONFIRMED_UNITS": 86, "DATE_OF_LAST_INSPECTION_BY_TSSA": "DEC 17, 2015", "DESCRIPTION_OF_CHILD_PLAY_AREA": null, "DESCRIPTION_OF_INDOOR_EXERCISE_ROOM": null, "DESCRIPTION_OF_OUTDOOR_REC_FACILITIES": null, "ELEVATOR_PARTS_REPLACED": "ALL CONTROLS, MOTORS WIRING,CAB UPGRADE ", "ELEVATOR_STATUS": "REPLACED", "EMERG_POWER_SUPPLY_TEST_RECORDS": null, "EXTERIOR_FIRE_ESCAPE": "NO", "FACILITIES_AVAILABLE": "Recycling bins", "FIRE_ALARM": "YES", "GARBAGE_CHUTES": "YES", "GREEN_BIN_LOCATION": null, "HEATING_EQUIPMENT_STATUS": "REPLACED", "HEATING_EQUIPMENT_YEAR_INSTALLED": 2013.0, "HEATING_TYPE": "HOT WATER", "INDOOR_GARBAGE_STORAGE_AREA": "NO", "INTERCOM": "YES", "IS_THERE_A_COOLING_ROOM": "NO", "IS_THERE_EMERGENCY_POWER": "NO", "LAUNDRY_ROOM": "YES", "LAUNDRY_ROOM_HOURS_OF_OPERATION": "9 A.M - 9 P.M", "LAUNDRY_ROOM_LOCATION": "BASEMENT FLOOR ", "LOCKER_OR_STORAGE_ROOM": "YES", "NO_BARRIER_FREE_ACCESSBLE_UNITS": 0.0, "NO_OF_ACCESSIBLE_PARKING_SPACES": 94.0, "NO_OF_ELEVATORS": 2.0, "NO_OF_LAUNDRY_ROOM_MACHINES": 6.0, "NON_SMOKING_BUILDING": "YES", "OUTDOOR_GARBAGE_STORAGE_AREA": "YES", "PARKING_TYPE": "Underground Garage , Garage accessible thru buildg , Surface Parking", "PCODE": "M4H", "PET_RESTRICTIONS": "SMALL BREED ", "PETS_ALLOWED": "YES", "PROP_MANAGEMENT_COMPANY_NAME": "CENTURION PROPERTY ASSOCIATES INC.", "PROPERTY_TYPE": "PRIVATE", "RECYCLING_BINS_LOCATION": "OUTSIDE -PARKING LOT AREA ", "RSN": 4154149, "SEPARATE_GAS_METERS_EACH_UNIT": "NO", "SEPARATE_HYDRO_METER_EACH_UNIT": "YES", "SEPARATE_WATER_METERS_EA_UNIT": "NO", "SITE_ADDRESS": "27  THORNCLIFFE PARK DR ", "SPRINKLER_SYSTEM": "YES", "SPRINKLER_SYSTEM_TEST_RECORD": "YES", "SPRINKLER_SYSTEM_YEAR_INSTALLED": 1960.0, "TSSA_TEST_RECORDS": "YES", "VISITOR_PARKING": "FREE", "WARD": 15, "WINDOW_TYPE": "DOUBLE PANE", "YEAR_BUILT": 1960.0, "YEAR_OF_REPLACEMENT": 2013.0, "YEAR_REGISTERED": 2017.0, "NO_OF_STOREYS": null, "IS_THERE_EMERGENCY_POWER?": null, "NON-SMOKING_BUILDING": null, "NO_OF_UNITS": null, "NO_OF_ACCESSIBLEPARKING_SPACES": null, "FACILITIES_AVAILABLE?": null, "IS_THERE_A_COOLING_ROOM?": null, "NO_BARRIERFREE_ACCESSBLE_UNITS": null, "LONGITUDE": -79.346460945999993, "LATITUDE": 43.702723266 }, "geometry": { "type": "Point", "coordinates": [ -79.346460946, 43.702723266 ] } },
{ "type": "Feature", "properties": { "_id": 192415, "AIR_CONDITIONING_TYPE": "NONE", "AMENITIES_AVAILABLE": "Child play area", "ANNUAL_FIRE_ALARM_TEST_RECORDS": "YES", "ANNUAL_FIRE_PUMP_FLOW_TEST_RECORDS": "YES", "APPROVED_FIRE_SAFETY_PLAN": "YES", "BALCONIES": "YES", "BARRIER_FREE_ACCESSIBILTY_ENTR": "YES", "BIKE_PARKING": "Not Available", "CONFIRMED_STOREYS": 20, "CONFIRMED_UNITS": 279, "DATE_OF_LAST_INSPECTION_BY_TSSA": "DEC 12, 2012", "DESCRIPTION_OF_CHILD_PLAY_AREA": "SLIDE, SWINGS AND CLIMBING", "DESCRIPTION_OF_INDOOR_EXERCISE_ROOM": null, "DESCRIPTION_OF_OUTDOOR_REC_FACILITIES": null, "ELEVATOR_PARTS_REPLACED": "MECHANICAL RETROFIT/CAB INTERIOR", "ELEVATOR_STATUS": "REPLACED", "EMERG_POWER_SUPPLY_TEST_RECORDS": "YES", "EXTERIOR_FIRE_ESCAPE": "NO", "FACILITIES_AVAILABLE": "Recycling bins", "FIRE_ALARM": "YES", "GARBAGE_CHUTES": "YES", "GREEN_BIN_LOCATION": null, "HEATING_EQUIPMENT_STATUS": "REPLACED", "HEATING_EQUIPMENT_YEAR_INSTALLED": 2004.0, "HEATING_TYPE": "HOT WATER", "INDOOR_GARBAGE_STORAGE_AREA": "NO", "INTERCOM": "YES", "IS_THERE_A_COOLING_ROOM": "YES", "IS_THERE_EMERGENCY_POWER": "YES", "LAUNDRY_ROOM": "YES", "LAUNDRY_ROOM_HOURS_OF_OPERATION": "24 HOURS", "LAUNDRY_ROOM_LOCATION": "BASEMENT", "LOCKER_OR_STORAGE_ROOM": "YES", "NO_BARRIER_FREE_ACCESSBLE_UNITS": 0.0, "NO_OF_ACCESSIBLE_PARKING_SPACES": 2.0, "NO_OF_ELEVATORS": 3.0, "NO_OF_LAUNDRY_ROOM_MACHINES": 28.0, "NON_SMOKING_BUILDING": "NO", "OUTDOOR_GARBAGE_STORAGE_AREA": "YES", "PARKING_TYPE": "Underground Garage , Garage accessible thru buildg , Surface Parking", "PCODE": "M4H", "PET_RESTRICTIONS": null, "PETS_ALLOWED": "YES", "PROP_MANAGEMENT_COMPANY_NAME": "PARK PROPERTY MANAGEMENT INC. ", "PROPERTY_TYPE": "PRIVATE", "RECYCLING_BINS_LOCATION": "BACK OF BUILDING", "RSN": 4154154, "SEPARATE_GAS_METERS_EACH_UNIT": "NO", "SEPARATE_HYDRO_METER_EACH_UNIT": "YES", "SEPARATE_WATER_METERS_EA_UNIT": "NO", "SITE_ADDRESS": "53  THORNCLIFFE PARK DR ", "SPRINKLER_SYSTEM": "YES", "SPRINKLER_SYSTEM_TEST_RECORD": "YES", "SPRINKLER_SYSTEM_YEAR_INSTALLED": 1968.0, "TSSA_TEST_RECORDS": "YES", "VISITOR_PARKING": "PAID", "WARD": 15, "WINDOW_TYPE": "DOUBLE PANE", "YEAR_BUILT": 1968.0, "YEAR_OF_REPLACEMENT": 2011.0, "YEAR_REGISTERED": 2017.0, "NO_OF_STOREYS": null, "IS_THERE_EMERGENCY_POWER?": null, "NON-SMOKING_BUILDING": null, "NO_OF_UNITS": null, "NO_OF_ACCESSIBLEPARKING_SPACES": null, "FACILITIES_AVAILABLE?": null, "IS_THERE_A_COOLING_ROOM?": null, "NO_BARRIERFREE_ACCESSBLE_UNITS": null, "LONGITUDE": -79.341462578000005, "LATITUDE": 43.702990612999997 }, "geometry": { "type": "Point", "coordinates": [ -79.341462578, 43.702990613 ] } },
{ "type": "Feature", "properties": { "_id": 195580, "AIR_CONDITIONING_TYPE": "INDIVIDUAL UNITS", "AMENITIES_AVAILABLE": null, "ANNUAL_FIRE_ALARM_TEST_RECORDS": "YES", "ANNUAL_FIRE_PUMP_FLOW_TEST_RECORDS": "YES", "APPROVED_FIRE_SAFETY_PLAN": "YES", "BALCONIES": "YES", "BARRIER_FREE_ACCESSIBILTY_ENTR": "YES", "BIKE_PARKING": "Not Available", "CONFIRMED_STOREYS": 6, "CONFIRMED_UNITS": 77, "DATE_OF_LAST_INSPECTION_BY_TSSA": "OCT 1, 2017", "DESCRIPTION_OF_CHILD_PLAY_AREA": null, "DESCRIPTION_OF_INDOOR_EXERCISE_ROOM": null, "DESCRIPTION_OF_OUTDOOR_REC_FACILITIES": null, "ELEVATOR_PARTS_REPLACED": null, "ELEVATOR_STATUS": "ORIGINAL", "EMERG_POWER_SUPPLY_TEST_RECORDS": null, "EXTERIOR_FIRE_ESCAPE": "YES", "FACILITIES_AVAILABLE": "Green Bin / Organics", "FIRE_ALARM": "YES", "GARBAGE_CHUTES": "YES", "GREEN_BIN_LOCATION": "GARAGE", "HEATING_EQUIPMENT_STATUS": "ORIGINAL", "HEATING_EQUIPMENT_YEAR_INSTALLED": 1975.0, "HEATING_TYPE": "HOT WATER", "INDOOR_GARBAGE_STORAGE_AREA": "YES", "INTERCOM": "YES", "IS_THERE_A_COOLING_ROOM": "YES", "IS_THERE_EMERGENCY_POWER": "NO", "LAUNDRY_ROOM": "YES", "LAUNDRY_ROOM_HOURS_OF_OPERATION": "8:00-5:00", "LAUNDRY_ROOM_LOCATION": "BASEMENT BESIDE SITE OFFICE", "LOCKER_OR_STORAGE_ROOM": "YES", "NO_BARRIER_FREE_ACCESSBLE_UNITS": 1.0, "NO_OF_ACCESSIBLE_PARKING_SPACES": 4.0, "NO_OF_ELEVATORS": 2.0, "NO_OF_LAUNDRY_ROOM_MACHINES": 10.0, "NON_SMOKING_BUILDING": "YES", "OUTDOOR_GARBAGE_STORAGE_AREA": "NO", "PARKING_TYPE": "Underground Garage , Ground Level Garage , Garage accessible thru buildg , Surface Parking", "PCODE": "M4H", "PET_RESTRICTIONS": "NONE", "PETS_ALLOWED": "YES", "PROP_MANAGEMENT_COMPANY_NAME": "GREENWIN CORP.", "PROPERTY_TYPE": "SOCIAL HOUSING", "RECYCLING_BINS_LOCATION": "GARAGE AND LOBBY", "RSN": 4154144, "SEPARATE_GAS_METERS_EACH_UNIT": "NO", "SEPARATE_HYDRO_METER_EACH_UNIT": "NO", "SEPARATE_WATER_METERS_EA_UNIT": "NO", "SITE_ADDRESS": "23  THORNCLIFFE PARK DR ", "SPRINKLER_SYSTEM": "YES", "SPRINKLER_SYSTEM_TEST_RECORD": "YES", "SPRINKLER_SYSTEM_YEAR_INSTALLED": 1975.0, "TSSA_TEST_RECORDS": "YES", "VISITOR_PARKING": "FREE", "WARD": 15, "WINDOW_TYPE": "DOUBLE PANE", "YEAR_BUILT": 1975.0, "YEAR_OF_REPLACEMENT": null, "YEAR_REGISTERED": 2017.0, "NO_OF_STOREYS": null, "IS_THERE_EMERGENCY_POWER?": null, "NON-SMOKING_BUILDING": null, "NO_OF_UNITS": null, "NO_OF_ACCESSIBLEPARKING_SPACES": null, "FACILITIES_AVAILABLE?": null, "IS_THERE_A_COOLING_ROOM?": null, "NO_BARRIERFREE_ACCESSBLE_UNITS": null, "LONGITUDE": -79.347459150999995, "LATITUDE": 43.703141138 }, "geometry": { "type": "Point", "coordinates": [ -79.347459151, 43.703141138 ] } },
{ "type": "Feature", "properties": { "_id": 195582, "AIR_CONDITIONING_TYPE": "NONE", "AMENITIES_AVAILABLE": null, "ANNUAL_FIRE_ALARM_TEST_RECORDS": "YES", "ANNUAL_FIRE_PUMP_FLOW_TEST_RECORDS": "NO", "APPROVED_FIRE_SAFETY_PLAN": "YES", "BALCONIES": "YES", "BARRIER_FREE_ACCESSIBILTY_ENTR": "NO", "BIKE_PARKING": "Not Available", "CONFIRMED_STOREYS": 6, "CONFIRMED_UNITS": 62, "DATE_OF_LAST_INSPECTION_BY_TSSA": "JAN 28, 2016", "DESCRIPTION_OF_CHILD_PLAY_AREA": null, "DESCRIPTION_OF_INDOOR_EXERCISE_ROOM": null, "DESCRIPTION_OF_OUTDOOR_REC_FACILITIES": null, "ELEVATOR_PARTS_REPLACED": "ALL CONTROLS, MOTORS WIRING,CAB UPGRADE ", "ELEVATOR_STATUS": "REPLACED", "EMERG_POWER_SUPPLY_TEST_RECORDS": null, "EXTERIOR_FIRE_ESCAPE": "NO", "FACILITIES_AVAILABLE": "Recycling bins", "FIRE_ALARM": "YES", "GARBAGE_CHUTES": "YES", "GREEN_BIN_LOCATION": null, "HEATING_EQUIPMENT_STATUS": "REPLACED", "HEATING_EQUIPMENT_YEAR_INSTALLED": 2013.0, "HEATING_TYPE": "HOT WATER", "INDOOR_GARBAGE_STORAGE_AREA": "NO", "INTERCOM": "YES", "IS_THERE_A_COOLING_ROOM": "NO", "IS_THERE_EMERGENCY_POWER": "NO", "LAUNDRY_ROOM": "YES", "LAUNDRY_ROOM_HOURS_OF_OPERATION": "9 A.M - 9 P.M", "LAUNDRY_ROOM_LOCATION": "GROUND FLOOR ", "LOCKER_OR_STORAGE_ROOM": "NO", "NO_BARRIER_FREE_ACCESSBLE_UNITS": 0.0, "NO_OF_ACCESSIBLE_PARKING_SPACES": 2.0, "NO_OF_ELEVATORS": 1.0, "NO_OF_LAUNDRY_ROOM_MACHINES": 8.0, "NON_SMOKING_BUILDING": "NO", "OUTDOOR_GARBAGE_STORAGE_AREA": "YES", "PARKING_TYPE": "Surface Parking", "PCODE": "M4H", "PET_RESTRICTIONS": "SMALL BREED ", "PETS_ALLOWED": "YES", "PROP_MANAGEMENT_COMPANY_NAME": "CENTURION PROPERTY ASSOCIATES INC.", "PROPERTY_TYPE": "PRIVATE", "RECYCLING_BINS_LOCATION": "OUTSIDE -PARKING LOT AREA ", "RSN": 4154169, "SEPARATE_GAS_METERS_EACH_UNIT": "NO", "SEPARATE_HYDRO_METER_EACH_UNIT": "YES", "SEPARATE_WATER_METERS_EA_UNIT": "NO", "SITE_ADDRESS": "26  THORNCLIFFE PARK DR ", "SPRINKLER_SYSTEM": "YES", "SPRINKLER_SYSTEM_TEST_RECORD": "YES", "SPRINKLER_SYSTEM_YEAR_INSTALLED": 1960.0, "TSSA_TEST_RECORDS": "YES", "VISITOR_PARKING": "FREE", "WARD": 15, "WINDOW_TYPE": "DOUBLE PANE", "YEAR_BUILT": 1960.0, "YEAR_OF_REPLACEMENT": 2013.0, "YEAR_REGISTERED": 2017.0, "NO_OF_STOREYS": null, "IS_THERE_EMERGENCY_POWER?": null, "NON-SMOKING_BUILDING": null, "NO_OF_UNITS": null, "NO_OF_ACCESSIBLEPARKING_SPACES": null, "FACILITIES_AVAILABLE?": null, "IS_THERE_A_COOLING_ROOM?": null, "NO_BARRIERFREE_ACCESSBLE_UNITS": null, "LONGITUDE": -79.345826908999996, "LATITUDE": 43.703192938000001 }, "geometry": { "type": "Point", "coordinates": [ -79.345826909, 43.703192938 ] } },
{ "type": "Feature", "properties": { "_id": 192418, "AIR_CONDITIONING_TYPE": "NONE", "AMENITIES_AVAILABLE": null, "ANNUAL_FIRE_ALARM_TEST_RECORDS": "YES", "ANNUAL_FIRE_PUMP_FLOW_TEST_RECORDS": "NO", "APPROVED_FIRE_SAFETY_PLAN": "YES", "BALCONIES": "YES", "BARRIER_FREE_ACCESSIBILTY_ENTR": "YES", "BIKE_PARKING": "Not Available", "CONFIRMED_STOREYS": 6, "CONFIRMED_UNITS": 57, "DATE_OF_LAST_INSPECTION_BY_TSSA": "NOV 7, 2016", "DESCRIPTION_OF_CHILD_PLAY_AREA": null, "DESCRIPTION_OF_INDOOR_EXERCISE_ROOM": null, "DESCRIPTION_OF_OUTDOOR_REC_FACILITIES": null, "ELEVATOR_PARTS_REPLACED": "ALL CONTROLS, MOTORS, WIRING, CAB UPGRADED ", "ELEVATOR_STATUS": "REPLACED", "EMERG_POWER_SUPPLY_TEST_RECORDS": null, "EXTERIOR_FIRE_ESCAPE": "NO", "FACILITIES_AVAILABLE": "Recycling bins", "FIRE_ALARM": "YES", "GARBAGE_CHUTES": "YES", "GREEN_BIN_LOCATION": null, "HEATING_EQUIPMENT_STATUS": "REPLACED", "HEATING_EQUIPMENT_YEAR_INSTALLED": 2012.0, "HEATING_TYPE": "HOT WATER", "INDOOR_GARBAGE_STORAGE_AREA": "NO", "INTERCOM": "YES", "IS_THERE_A_COOLING_ROOM": "NO", "IS_THERE_EMERGENCY_POWER": "NO", "LAUNDRY_ROOM": "YES", "LAUNDRY_ROOM_HOURS_OF_OPERATION": "9 A.M - 9 P.M", "LAUNDRY_ROOM_LOCATION": "GROUND FLOOR ", "LOCKER_OR_STORAGE_ROOM": "YES", "NO_BARRIER_FREE_ACCESSBLE_UNITS": 2.0, "NO_OF_ACCESSIBLE_PARKING_SPACES": 60.0, "NO_OF_ELEVATORS": 1.0, "NO_OF_LAUNDRY_ROOM_MACHINES": 8.0, "NON_SMOKING_BUILDING": "YES", "OUTDOOR_GARBAGE_STORAGE_AREA": "YES", "PARKING_TYPE": "Ground Level Garage , Surface Parking", "PCODE": "M4H", "PET_RESTRICTIONS": "SMALL BREED ", "PETS_ALLOWED": "YES", "PROP_MANAGEMENT_COMPANY_NAME": "CENTURION PROPERTY ASSOCIATES INC.", "PROPERTY_TYPE": "PRIVATE", "RECYCLING_BINS_LOCATION": "OUTSIDE -PARKING LOT AREA ", "RSN": 4154164, "SEPARATE_GAS_METERS_EACH_UNIT": "NO", "SEPARATE_HYDRO_METER_EACH_UNIT": "YES", "SEPARATE_WATER_METERS_EA_UNIT": "NO", "SITE_ADDRESS": "50  THORNCLIFFE PARK DR ", "SPRINKLER_SYSTEM": "YES", "SPRINKLER_SYSTEM_TEST_RECORD": "YES", "SPRINKLER_SYSTEM_YEAR_INSTALLED": 1960.0, "TSSA_TEST_RECORDS": "YES", "VISITOR_PARKING": "FREE", "WARD": 15, "WINDOW_TYPE": "DOUBLE PANE", "YEAR_BUILT": 1960.0, "YEAR_OF_REPLACEMENT": 2013.0, "YEAR_REGISTERED": 2017.0, "NO_OF_STOREYS": null, "IS_THERE_EMERGENCY_POWER?": null, "NON-SMOKING_BUILDING": null, "NO_OF_UNITS": null, "NO_OF_ACCESSIBLEPARKING_SPACES": null, "FACILITIES_AVAILABLE?": null, "IS_THERE_A_COOLING_ROOM?": null, "NO_BARRIERFREE_ACCESSBLE_UNITS": null, "LONGITUDE": -79.342351105000006, "LATITUDE": 43.70336105 }, "geometry": { "type": "Point", "coordinates": [ -79.342351105, 43.70336105 ] } },
{ "type": "Feature", "properties": { "_id": 193941, "AIR_CONDITIONING_TYPE": "NONE", "AMENITIES_AVAILABLE": null, "ANNUAL_FIRE_ALARM_TEST_RECORDS": "YES", "ANNUAL_FIRE_PUMP_FLOW_TEST_RECORDS": "YES", "APPROVED_FIRE_SAFETY_PLAN": "YES", "BALCONIES": "YES", "BARRIER_FREE_ACCESSIBILTY_ENTR": "YES", "BIKE_PARKING": "Not Available", "CONFIRMED_STOREYS": 20, "CONFIRMED_UNITS": 332, "DATE_OF_LAST_INSPECTION_BY_TSSA": "APR 26, 2017", "DESCRIPTION_OF_CHILD_PLAY_AREA": null, "DESCRIPTION_OF_INDOOR_EXERCISE_ROOM": null, "DESCRIPTION_OF_OUTDOOR_REC_FACILITIES": null, "ELEVATOR_PARTS_REPLACED": "ENTIRE INTERIOR  AND EXTERIOR ", "ELEVATOR_STATUS": "REPLACED", "EMERG_POWER_SUPPLY_TEST_RECORDS": "YES", "EXTERIOR_FIRE_ESCAPE": "YES", "FACILITIES_AVAILABLE": "Green Bin / Organics", "FIRE_ALARM": "YES", "GARBAGE_CHUTES": "YES", "GREEN_BIN_LOCATION": "REAR EXIT OF BUILDING ", "HEATING_EQUIPMENT_STATUS": "ORIGINAL", "HEATING_EQUIPMENT_YEAR_INSTALLED": 2013.0, "HEATING_TYPE": "HOT WATER", "INDOOR_GARBAGE_STORAGE_AREA": "YES", "INTERCOM": "YES", "IS_THERE_A_COOLING_ROOM": "NO", "IS_THERE_EMERGENCY_POWER": "YES", "LAUNDRY_ROOM": "YES", "LAUNDRY_ROOM_HOURS_OF_OPERATION": "8AM - 9PM", "LAUNDRY_ROOM_LOCATION": "BASEMENT ", "LOCKER_OR_STORAGE_ROOM": "NO", "NO_BARRIER_FREE_ACCESSBLE_UNITS": 323.0, "NO_OF_ACCESSIBLE_PARKING_SPACES": 37.0, "NO_OF_ELEVATORS": 3.0, "NO_OF_LAUNDRY_ROOM_MACHINES": 31.0, "NON_SMOKING_BUILDING": "YES", "OUTDOOR_GARBAGE_STORAGE_AREA": "YES", "PARKING_TYPE": "Underground Garage , Ground Level Garage , Garage accessible thru buildg , Surface Parking , Parking Deck", "PCODE": "M4H", "PET_RESTRICTIONS": "1", "PETS_ALLOWED": "YES", "PROP_MANAGEMENT_COMPANY_NAME": null, "PROPERTY_TYPE": "PRIVATE", "RECYCLING_BINS_LOCATION": "REAR EXIT OF BUILDING ", "RSN": 4154155, "SEPARATE_GAS_METERS_EACH_UNIT": "NO", "SEPARATE_HYDRO_METER_EACH_UNIT": "NO", "SEPARATE_WATER_METERS_EA_UNIT": "NO", "SITE_ADDRESS": "65  THORNCLIFFE PARK DR ", "SPRINKLER_SYSTEM": "YES", "SPRINKLER_SYSTEM_TEST_RECORD": "YES", "SPRINKLER_SYSTEM_YEAR_INSTALLED": 1967.0, "TSSA_TEST_RECORDS": "YES", "VISITOR_PARKING": "BOTH", "WARD": 15, "WINDOW_TYPE": "SINGLE PANE", "YEAR_BUILT": 1967.0, "YEAR_OF_REPLACEMENT": 2017.0, "YEAR_REGISTERED": 2017.0, "NO_OF_STOREYS": null, "IS_THERE_EMERGENCY_POWER?": null, "NON-SMOKING_BUILDING": null, "NO_OF_UNITS": null, "NO_OF_ACCESSIBLEPARKING_SPACES": null, "FACILITIES_AVAILABLE?": null, "IS_THERE_A_COOLING_ROOM?": null, "NO_BARRIERFREE_ACCESSBLE_UNITS": null, "LONGITUDE": -79.34026593, "LATITUDE": 43.703478961000002 }, "geometry": { "type": "Point", "coordinates": [ -79.34026593, 43.703478961 ] } },
{ "type": "Feature", "properties": { "_id": 193520, "AIR_CONDITIONING_TYPE": "NONE", "AMENITIES_AVAILABLE": null, "ANNUAL_FIRE_ALARM_TEST_RECORDS": "YES", "ANNUAL_FIRE_PUMP_FLOW_TEST_RECORDS": "NO", "APPROVED_FIRE_SAFETY_PLAN": "YES", "BALCONIES": "YES", "BARRIER_FREE_ACCESSIBILTY_ENTR": "YES", "BIKE_PARKING": "Not Available", "CONFIRMED_STOREYS": 6, "CONFIRMED_UNITS": 60, "DATE_OF_LAST_INSPECTION_BY_TSSA": "DEC 14, 2015", "DESCRIPTION_OF_CHILD_PLAY_AREA": null, "DESCRIPTION_OF_INDOOR_EXERCISE_ROOM": null, "DESCRIPTION_OF_OUTDOOR_REC_FACILITIES": null, "ELEVATOR_PARTS_REPLACED": "ALL CONTROLS, MOTORS WIRING,CAB UPGRADE ", "ELEVATOR_STATUS": "REPLACED", "EMERG_POWER_SUPPLY_TEST_RECORDS": null, "EXTERIOR_FIRE_ESCAPE": "NO", "FACILITIES_AVAILABLE": "Recycling bins", "FIRE_ALARM": "YES", "GARBAGE_CHUTES": "NO", "GREEN_BIN_LOCATION": null, "HEATING_EQUIPMENT_STATUS": "REPLACED", "HEATING_EQUIPMENT_YEAR_INSTALLED": 2014.0, "HEATING_TYPE": "HOT WATER", "INDOOR_GARBAGE_STORAGE_AREA": "NO", "INTERCOM": "YES", "IS_THERE_A_COOLING_ROOM": "NO", "IS_THERE_EMERGENCY_POWER": "NO", "LAUNDRY_ROOM": "YES", "LAUNDRY_ROOM_HOURS_OF_OPERATION": "9 A.M - 9 P.M", "LAUNDRY_ROOM_LOCATION": "GROUND FLOOR ", "LOCKER_OR_STORAGE_ROOM": "NO", "NO_BARRIER_FREE_ACCESSBLE_UNITS": 2.0, "NO_OF_ACCESSIBLE_PARKING_SPACES": 2.0, "NO_OF_ELEVATORS": 1.0, "NO_OF_LAUNDRY_ROOM_MACHINES": 8.0, "NON_SMOKING_BUILDING": "YES", "OUTDOOR_GARBAGE_STORAGE_AREA": "YES", "PARKING_TYPE": "Underground Garage , Garage accessible thru buildg , Surface Parking", "PCODE": "M4H", "PET_RESTRICTIONS": "SMALL BREED ", "PETS_ALLOWED": "YES", "PROP_MANAGEMENT_COMPANY_NAME": "CENTURION PROPERTY ASSOCIATES INC.", "PROPERTY_TYPE": "PRIVATE", "RECYCLING_BINS_LOCATION": "OUTSIDE -PARKING LOT AREA ", "RSN": 4154170, "SEPARATE_GAS_METERS_EACH_UNIT": "NO", "SEPARATE_HYDRO_METER_EACH_UNIT": "YES", "SEPARATE_WATER_METERS_EA_UNIT": "NO", "SITE_ADDRESS": "6  GRANDSTAND PL ", "SPRINKLER_SYSTEM": "NO", "SPRINKLER_SYSTEM_TEST_RECORD": null, "SPRINKLER_SYSTEM_YEAR_INSTALLED": null, "TSSA_TEST_RECORDS": "YES", "VISITOR_PARKING": "FREE", "WARD": 15, "WINDOW_TYPE": "DOUBLE PANE", "YEAR_BUILT": 1958.0, "YEAR_OF_REPLACEMENT": 2013.0, "YEAR_REGISTERED": 2017.0, "NO_OF_STOREYS": null, "IS_THERE_EMERGENCY_POWER?": null, "NON-SMOKING_BUILDING": null, "NO_OF_UNITS": null, "NO_OF_ACCESSIBLEPARKING_SPACES": null, "FACILITIES_AVAILABLE?": null, "IS_THERE_A_COOLING_ROOM?": null, "NO_BARRIERFREE_ACCESSBLE_UNITS": null, "LONGITUDE": -79.345257516000004, "LATITUDE": 43.703611524000003 }, "geometry": { "type": "Point", "coordinates": [ -79.345257516, 43.703611524 ] } },
{ "type": "Feature", "properties": { "_id": 193261, "AIR_CONDITIONING_TYPE": "NONE", "AMENITIES_AVAILABLE": null, "ANNUAL_FIRE_ALARM_TEST_RECORDS": "YES", "ANNUAL_FIRE_PUMP_FLOW_TEST_RECORDS": "YES", "APPROVED_FIRE_SAFETY_PLAN": "YES", "BALCONIES": "YES", "BARRIER_FREE_ACCESSIBILTY_ENTR": "YES", "BIKE_PARKING": "Not Available", "CONFIRMED_STOREYS": 6, "CONFIRMED_UNITS": 57, "DATE_OF_LAST_INSPECTION_BY_TSSA": "JAN 17, 2006", "DESCRIPTION_OF_CHILD_PLAY_AREA": null, "DESCRIPTION_OF_INDOOR_EXERCISE_ROOM": null, "DESCRIPTION_OF_OUTDOOR_REC_FACILITIES": null, "ELEVATOR_PARTS_REPLACED": "CONTROL MODERNIZATION", "ELEVATOR_STATUS": "REPLACED", "EMERG_POWER_SUPPLY_TEST_RECORDS": "YES", "EXTERIOR_FIRE_ESCAPE": "NO", "FACILITIES_AVAILABLE": "Recycling bins", "FIRE_ALARM": "YES", "GARBAGE_CHUTES": "NO", "GREEN_BIN_LOCATION": null, "HEATING_EQUIPMENT_STATUS": "REPLACED", "HEATING_EQUIPMENT_YEAR_INSTALLED": 2014.0, "HEATING_TYPE": "HOT WATER", "INDOOR_GARBAGE_STORAGE_AREA": "NO", "INTERCOM": "YES", "IS_THERE_A_COOLING_ROOM": "YES", "IS_THERE_EMERGENCY_POWER": "YES", "LAUNDRY_ROOM": "YES", "LAUNDRY_ROOM_HOURS_OF_OPERATION": "8 AM TO 10 PM", "LAUNDRY_ROOM_LOCATION": "FIRST FLOOR", "LOCKER_OR_STORAGE_ROOM": "YES", "NO_BARRIER_FREE_ACCESSBLE_UNITS": 0.0, "NO_OF_ACCESSIBLE_PARKING_SPACES": 0.0, "NO_OF_ELEVATORS": 1.0, "NO_OF_LAUNDRY_ROOM_MACHINES": 7.0, "NON_SMOKING_BUILDING": "NO", "OUTDOOR_GARBAGE_STORAGE_AREA": "YES", "PARKING_TYPE": "Parking Deck", "PCODE": "M4H", "PET_RESTRICTIONS": null, "PETS_ALLOWED": "YES", "PROP_MANAGEMENT_COMPANY_NAME": "PARK PROPERTY MANAGEMENT INC. ", "PROPERTY_TYPE": "PRIVATE", "RECYCLING_BINS_LOCATION": "BACK OF BUILDING", "RSN": 4154163, "SEPARATE_GAS_METERS_EACH_UNIT": "NO", "SEPARATE_HYDRO_METER_EACH_UNIT": "YES", "SEPARATE_WATER_METERS_EA_UNIT": "NO", "SITE_ADDRESS": "52  THORNCLIFFE PARK DR ", "SPRINKLER_SYSTEM": "YES", "SPRINKLER_SYSTEM_TEST_RECORD": "YES", "SPRINKLER_SYSTEM_YEAR_INSTALLED": 1960.0, "TSSA_TEST_RECORDS": "YES", "VISITOR_PARKING": "UNAVAILABLE", "WARD": 15, "WINDOW_TYPE": "DOUBLE PANE", "YEAR_BUILT": 1960.0, "YEAR_OF_REPLACEMENT": 2013.0, "YEAR_REGISTERED": 2017.0, "NO_OF_STOREYS": null, "IS_THERE_EMERGENCY_POWER?": null, "NON-SMOKING_BUILDING": null, "NO_OF_UNITS": null, "NO_OF_ACCESSIBLEPARKING_SPACES": null, "FACILITIES_AVAILABLE?": null, "IS_THERE_A_COOLING_ROOM?": null, "NO_BARRIERFREE_ACCESSBLE_UNITS": null, "LONGITUDE": -79.34199009, "LATITUDE": 43.703676160999997 }, "geometry": { "type": "Point", "coordinates": [ -79.34199009, 43.703676161 ] } },
{ "type": "Feature", "properties": { "_id": 195811, "AIR_CONDITIONING_TYPE": "NONE", "AMENITIES_AVAILABLE": null, "ANNUAL_FIRE_ALARM_TEST_RECORDS": "YES", "ANNUAL_FIRE_PUMP_FLOW_TEST_RECORDS": "YES", "APPROVED_FIRE_SAFETY_PLAN": "YES", "BALCONIES": "YES", "BARRIER_FREE_ACCESSIBILTY_ENTR": "YES", "BIKE_PARKING": "0 indoor parking spots and 5 outdoor parking spots", "CONFIRMED_STOREYS": 7, "CONFIRMED_UNITS": 60, "DATE_OF_LAST_INSPECTION_BY_TSSA": "FEB 4, 2017", "DESCRIPTION_OF_CHILD_PLAY_AREA": null, "DESCRIPTION_OF_INDOOR_EXERCISE_ROOM": null, "DESCRIPTION_OF_OUTDOOR_REC_FACILITIES": null, "ELEVATOR_PARTS_REPLACED": null, "ELEVATOR_STATUS": "ORIGINAL", "EMERG_POWER_SUPPLY_TEST_RECORDS": "YES", "EXTERIOR_FIRE_ESCAPE": "YES", "FACILITIES_AVAILABLE": "Recycling bins", "FIRE_ALARM": "YES", "GARBAGE_CHUTES": "NO", "GREEN_BIN_LOCATION": null, "HEATING_EQUIPMENT_STATUS": "REPLACED", "HEATING_EQUIPMENT_YEAR_INSTALLED": 2013.0, "HEATING_TYPE": "FORCED AIR GAS", "INDOOR_GARBAGE_STORAGE_AREA": "NO", "INTERCOM": "YES", "IS_THERE_A_COOLING_ROOM": "NO", "IS_THERE_EMERGENCY_POWER": "YES", "LAUNDRY_ROOM": "YES", "LAUNDRY_ROOM_HOURS_OF_OPERATION": "9:00 AM TO 10:00 PM", "LAUNDRY_ROOM_LOCATION": "BASEMENT", "LOCKER_OR_STORAGE_ROOM": "YES", "NO_BARRIER_FREE_ACCESSBLE_UNITS": 0.0, "NO_OF_ACCESSIBLE_PARKING_SPACES": 1.0, "NO_OF_ELEVATORS": 1.0, "NO_OF_LAUNDRY_ROOM_MACHINES": 6.0, "NON_SMOKING_BUILDING": "YES", "OUTDOOR_GARBAGE_STORAGE_AREA": "YES", "PARKING_TYPE": "Carport , Surface Parking", "PCODE": "M4H", "PET_RESTRICTIONS": null, "PETS_ALLOWED": "YES", "PROP_MANAGEMENT_COMPANY_NAME": "CENTURY HOLDINGS LTD.", "PROPERTY_TYPE": "PRIVATE", "RECYCLING_BINS_LOCATION": "OUTSIDE", "RSN": 4154173, "SEPARATE_GAS_METERS_EACH_UNIT": "NO", "SEPARATE_HYDRO_METER_EACH_UNIT": "NO", "SEPARATE_WATER_METERS_EA_UNIT": "NO", "SITE_ADDRESS": "22  THORNCLIFFE PARK DR ", "SPRINKLER_SYSTEM": "NO", "SPRINKLER_SYSTEM_TEST_RECORD": null, "SPRINKLER_SYSTEM_YEAR_INSTALLED": null, "TSSA_TEST_RECORDS": "YES", "VISITOR_PARKING": "FREE", "WARD": 15, "WINDOW_TYPE": "DOUBLE PANE", "YEAR_BUILT": 1959.0, "YEAR_OF_REPLACEMENT": null, "YEAR_REGISTERED": 2017.0, "NO_OF_STOREYS": null, "IS_THERE_EMERGENCY_POWER?": null, "NON-SMOKING_BUILDING": null, "NO_OF_UNITS": null, "NO_OF_ACCESSIBLEPARKING_SPACES": null, "FACILITIES_AVAILABLE?": null, "IS_THERE_A_COOLING_ROOM?": null, "NO_BARRIERFREE_ACCESSBLE_UNITS": null, "LONGITUDE": -79.346765775999998, "LATITUDE": 43.703693762 }, "geometry": { "type": "Point", "coordinates": [ -79.346765776, 43.703693762 ] } },
{ "type": "Feature", "properties": { "_id": 193262, "AIR_CONDITIONING_TYPE": "NONE", "AMENITIES_AVAILABLE": null, "ANNUAL_FIRE_ALARM_TEST_RECORDS": "YES", "ANNUAL_FIRE_PUMP_FLOW_TEST_RECORDS": "YES", "APPROVED_FIRE_SAFETY_PLAN": "YES", "BALCONIES": "YES", "BARRIER_FREE_ACCESSIBILTY_ENTR": "NO", "BIKE_PARKING": "Not Available", "CONFIRMED_STOREYS": 6, "CONFIRMED_UNITS": 60, "DATE_OF_LAST_INSPECTION_BY_TSSA": "APR 25, 2016", "DESCRIPTION_OF_CHILD_PLAY_AREA": null, "DESCRIPTION_OF_INDOOR_EXERCISE_ROOM": null, "DESCRIPTION_OF_OUTDOOR_REC_FACILITIES": null, "ELEVATOR_PARTS_REPLACED": "ALL NEW", "ELEVATOR_STATUS": "REPLACED", "EMERG_POWER_SUPPLY_TEST_RECORDS": null, "EXTERIOR_FIRE_ESCAPE": "NO", "FACILITIES_AVAILABLE": "Green Bin / Organics", "FIRE_ALARM": "YES", "GARBAGE_CHUTES": "YES", "GREEN_BIN_LOCATION": "PARKING LOT", "HEATING_EQUIPMENT_STATUS": "REPLACED", "HEATING_EQUIPMENT_YEAR_INSTALLED": 2007.0, "HEATING_TYPE": "HOT WATER", "INDOOR_GARBAGE_STORAGE_AREA": "YES", "INTERCOM": "YES", "IS_THERE_A_COOLING_ROOM": "NO", "IS_THERE_EMERGENCY_POWER": "NO", "LAUNDRY_ROOM": "YES", "LAUNDRY_ROOM_HOURS_OF_OPERATION": "8:00 A.M. TO 10:00 P.M.", "LAUNDRY_ROOM_LOCATION": "MAIN FLOOR", "LOCKER_OR_STORAGE_ROOM": "YES", "NO_BARRIER_FREE_ACCESSBLE_UNITS": 0.0, "NO_OF_ACCESSIBLE_PARKING_SPACES": 0.0, "NO_OF_ELEVATORS": 1.0, "NO_OF_LAUNDRY_ROOM_MACHINES": 6.0, "NON_SMOKING_BUILDING": "YES", "OUTDOOR_GARBAGE_STORAGE_AREA": "NO", "PARKING_TYPE": "Ground Level Garage , Carport , Surface Parking", "PCODE": "M4H", "PET_RESTRICTIONS": null, "PETS_ALLOWED": "YES", "PROP_MANAGEMENT_COMPANY_NAME": "CROMWELL MANAGEMENT INC", "PROPERTY_TYPE": "PRIVATE", "RECYCLING_BINS_LOCATION": "PARKING LOT", "RSN": 4154172, "SEPARATE_GAS_METERS_EACH_UNIT": "NO", "SEPARATE_HYDRO_METER_EACH_UNIT": "YES", "SEPARATE_WATER_METERS_EA_UNIT": "NO", "SITE_ADDRESS": "2  GRANDSTAND PL ", "SPRINKLER_SYSTEM": "YES", "SPRINKLER_SYSTEM_TEST_RECORD": "YES", "SPRINKLER_SYSTEM_YEAR_INSTALLED": 1965.0, "TSSA_TEST_RECORDS": "YES", "VISITOR_PARKING": "UNAVAILABLE", "WARD": 15, "WINDOW_TYPE": "DOUBLE PANE", "YEAR_BUILT": 1960.0, "YEAR_OF_REPLACEMENT": 1997.0, "YEAR_REGISTERED": 2017.0, "NO_OF_STOREYS": null, "IS_THERE_EMERGENCY_POWER?": null, "NON-SMOKING_BUILDING": null, "NO_OF_UNITS": null, "NO_OF_ACCESSIBLEPARKING_SPACES": null, "FACILITIES_AVAILABLE?": null, "IS_THERE_A_COOLING_ROOM?": null, "NO_BARRIERFREE_ACCESSBLE_UNITS": null, "LONGITUDE": -79.346231222, "LATITUDE": 43.703889613000001 }, "geometry": { "type": "Point", "coordinates": [ -79.346231222, 43.703889613 ] } },
{ "type": "Feature", "properties": { "_id": 194942, "AIR_CONDITIONING_TYPE": "NONE", "AMENITIES_AVAILABLE": null, "ANNUAL_FIRE_ALARM_TEST_RECORDS": "YES", "ANNUAL_FIRE_PUMP_FLOW_TEST_RECORDS": "YES", "APPROVED_FIRE_SAFETY_PLAN": "YES", "BALCONIES": "YES", "BARRIER_FREE_ACCESSIBILTY_ENTR": "YES", "BIKE_PARKING": "0 indoor parking spots and 6 outdoor parking spots", "CONFIRMED_STOREYS": 24, "CONFIRMED_UNITS": 383, "DATE_OF_LAST_INSPECTION_BY_TSSA": "MAR 16, 2016", "DESCRIPTION_OF_CHILD_PLAY_AREA": null, "DESCRIPTION_OF_INDOOR_EXERCISE_ROOM": null, "DESCRIPTION_OF_OUTDOOR_REC_FACILITIES": null, "ELEVATOR_PARTS_REPLACED": "COMPLETE MODERNIZATION", "ELEVATOR_STATUS": "REPLACED", "EMERG_POWER_SUPPLY_TEST_RECORDS": "YES", "EXTERIOR_FIRE_ESCAPE": "NO", "FACILITIES_AVAILABLE": "Recycling bins", "FIRE_ALARM": "YES", "GARBAGE_CHUTES": "YES", "GREEN_BIN_LOCATION": null, "HEATING_EQUIPMENT_STATUS": "ORIGINAL", "HEATING_EQUIPMENT_YEAR_INSTALLED": 1969.0, "HEATING_TYPE": "ELECTRIC", "INDOOR_GARBAGE_STORAGE_AREA": "NO", "INTERCOM": "YES", "IS_THERE_A_COOLING_ROOM": "YES", "IS_THERE_EMERGENCY_POWER": "YES", "LAUNDRY_ROOM": "YES", "LAUNDRY_ROOM_HOURS_OF_OPERATION": "24 HOURS", "LAUNDRY_ROOM_LOCATION": "BASEMENT", "LOCKER_OR_STORAGE_ROOM": "YES", "NO_BARRIER_FREE_ACCESSBLE_UNITS": 3.0, "NO_OF_ACCESSIBLE_PARKING_SPACES": 2.0, "NO_OF_ELEVATORS": 3.0, "NO_OF_LAUNDRY_ROOM_MACHINES": 16.0, "NON_SMOKING_BUILDING": "NO", "OUTDOOR_GARBAGE_STORAGE_AREA": "YES", "PARKING_TYPE": "Underground Garage , Garage accessible thru buildg , Surface Parking", "PCODE": "M4C", "PET_RESTRICTIONS": "NONE", "PETS_ALLOWED": "YES", "PROP_MANAGEMENT_COMPANY_NAME": "PRESTON GROUP - TORONTO, ON", "PROPERTY_TYPE": "PRIVATE", "RECYCLING_BINS_LOCATION": "BACK OF BUILDING", "RSN": 4154076, "SEPARATE_GAS_METERS_EACH_UNIT": "NO", "SEPARATE_HYDRO_METER_EACH_UNIT": "NO", "SEPARATE_WATER_METERS_EA_UNIT": "NO", "SITE_ADDRESS": "90  EASTDALE AVE ", "SPRINKLER_SYSTEM": "YES", "SPRINKLER_SYSTEM_TEST_RECORD": "YES", "SPRINKLER_SYSTEM_YEAR_INSTALLED": 1969.0, "TSSA_TEST_RECORDS": "NO", "VISITOR_PARKING": "BOTH", "WARD": 19, "WINDOW_TYPE": "SINGLE PANE", "YEAR_BUILT": 1969.0, "YEAR_OF_REPLACEMENT": 2010.0, "YEAR_REGISTERED": 2017.0, "NO_OF_STOREYS": null, "IS_THERE_EMERGENCY_POWER?": null, "NON-SMOKING_BUILDING": null, "NO_OF_UNITS": null, "NO_OF_ACCESSIBLEPARKING_SPACES": null, "FACILITIES_AVAILABLE?": null, "IS_THERE_A_COOLING_ROOM?": null, "NO_BARRIERFREE_ACCESSBLE_UNITS": null, "LONGITUDE": -79.301250294799999, "LATITUDE": 43.694611043800002 }, "geometry": { "type": "Point", "coordinates": [ -79.301250294799999, 43.694611043800002 ] } },
{ "type": "Feature", "properties": { "_id": 194618, "AIR_CONDITIONING_TYPE": "NONE", "AMENITIES_AVAILABLE": "Child play area", "ANNUAL_FIRE_ALARM_TEST_RECORDS": "YES", "ANNUAL_FIRE_PUMP_FLOW_TEST_RECORDS": "YES", "APPROVED_FIRE_SAFETY_PLAN": "YES", "BALCONIES": "YES", "BARRIER_FREE_ACCESSIBILTY_ENTR": "NO", "BIKE_PARKING": "Not Available", "CONFIRMED_STOREYS": 17, "CONFIRMED_UNITS": 234, "DATE_OF_LAST_INSPECTION_BY_TSSA": "JUN 9, 2017", "DESCRIPTION_OF_CHILD_PLAY_AREA": "OUTSIDE", "DESCRIPTION_OF_INDOOR_EXERCISE_ROOM": null, "DESCRIPTION_OF_OUTDOOR_REC_FACILITIES": null, "ELEVATOR_PARTS_REPLACED": "CABS, MACHINES", "ELEVATOR_STATUS": "REPLACED", "EMERG_POWER_SUPPLY_TEST_RECORDS": null, "EXTERIOR_FIRE_ESCAPE": "NO", "FACILITIES_AVAILABLE": "Green Bin / Organics", "FIRE_ALARM": "YES", "GARBAGE_CHUTES": "YES", "GREEN_BIN_LOCATION": "OUTSIDE", "HEATING_EQUIPMENT_STATUS": "ORIGINAL", "HEATING_EQUIPMENT_YEAR_INSTALLED": 1967.0, "HEATING_TYPE": "HOT WATER", "INDOOR_GARBAGE_STORAGE_AREA": "NO", "INTERCOM": "YES", "IS_THERE_A_COOLING_ROOM": "NO", "IS_THERE_EMERGENCY_POWER": "NO", "LAUNDRY_ROOM": "YES", "LAUNDRY_ROOM_HOURS_OF_OPERATION": "8-10", "LAUNDRY_ROOM_LOCATION": "BASEMENT", "LOCKER_OR_STORAGE_ROOM": "YES", "NO_BARRIER_FREE_ACCESSBLE_UNITS": 0.0, "NO_OF_ACCESSIBLE_PARKING_SPACES": 3.0, "NO_OF_ELEVATORS": 3.0, "NO_OF_LAUNDRY_ROOM_MACHINES": 16.0, "NON_SMOKING_BUILDING": "NO", "OUTDOOR_GARBAGE_STORAGE_AREA": "YES", "PARKING_TYPE": "Underground Garage , Garage accessible thru buildg , Surface Parking", "PCODE": "M4C", "PET_RESTRICTIONS": null, "PETS_ALLOWED": "YES", "PROP_MANAGEMENT_COMPANY_NAME": "RANEE MANAGEMENT", "PROPERTY_TYPE": "PRIVATE", "RECYCLING_BINS_LOCATION": "OUTSIDE", "RSN": 4154075, "SEPARATE_GAS_METERS_EACH_UNIT": "NO", "SEPARATE_HYDRO_METER_EACH_UNIT": "YES", "SEPARATE_WATER_METERS_EA_UNIT": "NO", "SITE_ADDRESS": "195  BARRINGTON AVE ", "SPRINKLER_SYSTEM": "YES", "SPRINKLER_SYSTEM_TEST_RECORD": "YES", "SPRINKLER_SYSTEM_YEAR_INSTALLED": 1967.0, "TSSA_TEST_RECORDS": "NO", "VISITOR_PARKING": "BOTH", "WARD": 19, "WINDOW_TYPE": "DOUBLE PANE", "YEAR_BUILT": 1967.0, "YEAR_OF_REPLACEMENT": 2008.0, "YEAR_REGISTERED": 2017.0, "NO_OF_STOREYS": null, "IS_THERE_EMERGENCY_POWER?": null, "NON-SMOKING_BUILDING": null, "NO_OF_UNITS": null, "NO_OF_ACCESSIBLEPARKING_SPACES": null, "FACILITIES_AVAILABLE?": null, "IS_THERE_A_COOLING_ROOM?": null, "NO_BARRIERFREE_ACCESSBLE_UNITS": null, "LONGITUDE": -79.302941491, "LATITUDE": 43.694879114000003 }, "geometry": { "type": "Point", "coordinates": [ -79.302941491, 43.694879114 ] } },
{ "type": "Feature", "properties": { "_id": 192795, "AIR_CONDITIONING_TYPE": "NONE", "AMENITIES_AVAILABLE": null, "ANNUAL_FIRE_ALARM_TEST_RECORDS": "YES", "ANNUAL_FIRE_PUMP_FLOW_TEST_RECORDS": "YES", "APPROVED_FIRE_SAFETY_PLAN": "YES", "BALCONIES": "YES", "BARRIER_FREE_ACCESSIBILTY_ENTR": "NO", "BIKE_PARKING": "Not Available", "CONFIRMED_STOREYS": 7, "CONFIRMED_UNITS": 120, "DATE_OF_LAST_INSPECTION_BY_TSSA": "APR 15, 2017", "DESCRIPTION_OF_CHILD_PLAY_AREA": null, "DESCRIPTION_OF_INDOOR_EXERCISE_ROOM": null, "DESCRIPTION_OF_OUTDOOR_REC_FACILITIES": null, "ELEVATOR_PARTS_REPLACED": null, "ELEVATOR_STATUS": "ORIGINAL", "EMERG_POWER_SUPPLY_TEST_RECORDS": null, "EXTERIOR_FIRE_ESCAPE": "NO", "FACILITIES_AVAILABLE": "Green Bin / Organics", "FIRE_ALARM": "YES", "GARBAGE_CHUTES": "YES", "GREEN_BIN_LOCATION": "EAST SIDE", "HEATING_EQUIPMENT_STATUS": "REPLACED", "HEATING_EQUIPMENT_YEAR_INSTALLED": 2001.0, "HEATING_TYPE": "HOT WATER", "INDOOR_GARBAGE_STORAGE_AREA": "NO", "INTERCOM": "YES", "IS_THERE_A_COOLING_ROOM": "NO", "IS_THERE_EMERGENCY_POWER": "NO", "LAUNDRY_ROOM": "YES", "LAUNDRY_ROOM_HOURS_OF_OPERATION": "24 HOURS", "LAUNDRY_ROOM_LOCATION": "1ST FLOOR", "LOCKER_OR_STORAGE_ROOM": "YES", "NO_BARRIER_FREE_ACCESSBLE_UNITS": 0.0, "NO_OF_ACCESSIBLE_PARKING_SPACES": 0.0, "NO_OF_ELEVATORS": 2.0, "NO_OF_LAUNDRY_ROOM_MACHINES": 12.0, "NON_SMOKING_BUILDING": "NO", "OUTDOOR_GARBAGE_STORAGE_AREA": "YES", "PARKING_TYPE": "Surface Parking", "PCODE": "M4C", "PET_RESTRICTIONS": null, "PETS_ALLOWED": "YES", "PROP_MANAGEMENT_COMPANY_NAME": "RANEE MANAGEMENT", "PROPERTY_TYPE": "PRIVATE", "RECYCLING_BINS_LOCATION": "EAST SIDE", "RSN": 4156303, "SEPARATE_GAS_METERS_EACH_UNIT": "NO", "SEPARATE_HYDRO_METER_EACH_UNIT": "NO", "SEPARATE_WATER_METERS_EA_UNIT": "NO", "SITE_ADDRESS": "108  GOODWOOD PARK CRT ", "SPRINKLER_SYSTEM": "YES", "SPRINKLER_SYSTEM_TEST_RECORD": "YES", "SPRINKLER_SYSTEM_YEAR_INSTALLED": 1961.0, "TSSA_TEST_RECORDS": "NO", "VISITOR_PARKING": "FREE", "WARD": 19, "WINDOW_TYPE": "DOUBLE PANE", "YEAR_BUILT": 1961.0, "YEAR_OF_REPLACEMENT": null, "YEAR_REGISTERED": 2017.0, "NO_OF_STOREYS": null, "IS_THERE_EMERGENCY_POWER?": null, "NON-SMOKING_BUILDING": null, "NO_OF_UNITS": null, "NO_OF_ACCESSIBLEPARKING_SPACES": null, "FACILITIES_AVAILABLE?": null, "IS_THERE_A_COOLING_ROOM?": null, "NO_BARRIERFREE_ACCESSBLE_UNITS": null, "LONGITUDE": -79.294566503, "LATITUDE": 43.695017657000001 }, "geometry": { "type": "Point", "coordinates": [ -79.294566503, 43.695017657 ] } },
{ "type": "Feature", "properties": { "_id": 194054, "AIR_CONDITIONING_TYPE": "NONE", "AMENITIES_AVAILABLE": null, "ANNUAL_FIRE_ALARM_TEST_RECORDS": "YES", "ANNUAL_FIRE_PUMP_FLOW_TEST_RECORDS": "YES", "APPROVED_FIRE_SAFETY_PLAN": "YES", "BALCONIES": "YES", "BARRIER_FREE_ACCESSIBILTY_ENTR": "NO", "BIKE_PARKING": "Not Available", "CONFIRMED_STOREYS": 7, "CONFIRMED_UNITS": 129, "DATE_OF_LAST_INSPECTION_BY_TSSA": "APR 15, 2017", "DESCRIPTION_OF_CHILD_PLAY_AREA": null, "DESCRIPTION_OF_INDOOR_EXERCISE_ROOM": null, "DESCRIPTION_OF_OUTDOOR_REC_FACILITIES": null, "ELEVATOR_PARTS_REPLACED": null, "ELEVATOR_STATUS": "ORIGINAL", "EMERG_POWER_SUPPLY_TEST_RECORDS": null, "EXTERIOR_FIRE_ESCAPE": "NO", "FACILITIES_AVAILABLE": "Green Bin / Organics", "FIRE_ALARM": "YES", "GARBAGE_CHUTES": "YES", "GREEN_BIN_LOCATION": "WEST SIDE", "HEATING_EQUIPMENT_STATUS": "ORIGINAL", "HEATING_EQUIPMENT_YEAR_INSTALLED": 1961.0, "HEATING_TYPE": "HOT WATER", "INDOOR_GARBAGE_STORAGE_AREA": "NO", "INTERCOM": "YES", "IS_THERE_A_COOLING_ROOM": "NO", "IS_THERE_EMERGENCY_POWER": "NO", "LAUNDRY_ROOM": "YES", "LAUNDRY_ROOM_HOURS_OF_OPERATION": "24 HOURS", "LAUNDRY_ROOM_LOCATION": "1ST FLOOR", "LOCKER_OR_STORAGE_ROOM": "YES", "NO_BARRIER_FREE_ACCESSBLE_UNITS": 0.0, "NO_OF_ACCESSIBLE_PARKING_SPACES": 2.0, "NO_OF_ELEVATORS": 2.0, "NO_OF_LAUNDRY_ROOM_MACHINES": 12.0, "NON_SMOKING_BUILDING": "NO", "OUTDOOR_GARBAGE_STORAGE_AREA": "YES", "PARKING_TYPE": "Underground Garage , Garage accessible thru buildg , Surface Parking", "PCODE": "M4C", "PET_RESTRICTIONS": null, "PETS_ALLOWED": "YES", "PROP_MANAGEMENT_COMPANY_NAME": "RANEE MANAGEMENT", "PROPERTY_TYPE": "PRIVATE", "RECYCLING_BINS_LOCATION": "WEST SIDE", "RSN": 4156383, "SEPARATE_GAS_METERS_EACH_UNIT": "NO", "SEPARATE_HYDRO_METER_EACH_UNIT": "NO", "SEPARATE_WATER_METERS_EA_UNIT": "NO", "SITE_ADDRESS": "106  GOODWOOD PARK CRT ", "SPRINKLER_SYSTEM": "YES", "SPRINKLER_SYSTEM_TEST_RECORD": "YES", "SPRINKLER_SYSTEM_YEAR_INSTALLED": 1961.0, "TSSA_TEST_RECORDS": "NO", "VISITOR_PARKING": "FREE", "WARD": 19, "WINDOW_TYPE": "DOUBLE PANE", "YEAR_BUILT": 1961.0, "YEAR_OF_REPLACEMENT": null, "YEAR_REGISTERED": 2017.0, "NO_OF_STOREYS": null, "IS_THERE_EMERGENCY_POWER?": null, "NON-SMOKING_BUILDING": null, "NO_OF_UNITS": null, "NO_OF_ACCESSIBLEPARKING_SPACES": null, "FACILITIES_AVAILABLE?": null, "IS_THERE_A_COOLING_ROOM?": null, "NO_BARRIERFREE_ACCESSBLE_UNITS": null, "LONGITUDE": -79.294566503, "LATITUDE": 43.695017657000001 }, "geometry": { "type": "Point", "coordinates": [ -79.294566503, 43.695017657 ] } },
{ "type": "Feature", "properties": { "_id": 195702, "AIR_CONDITIONING_TYPE": "INDIVIDUAL UNITS", "AMENITIES_AVAILABLE": "Indoor exercise room , Child play area", "ANNUAL_FIRE_ALARM_TEST_RECORDS": "YES", "ANNUAL_FIRE_PUMP_FLOW_TEST_RECORDS": "YES", "APPROVED_FIRE_SAFETY_PLAN": "YES", "BALCONIES": "YES", "BARRIER_FREE_ACCESSIBILTY_ENTR": "YES", "BIKE_PARKING": "30 indoor parking spots and 4 outdoor parking spots", "CONFIRMED_STOREYS": 7, "CONFIRMED_UNITS": 80, "DATE_OF_LAST_INSPECTION_BY_TSSA": "MAY 1, 2024", "DESCRIPTION_OF_CHILD_PLAY_AREA": "TABLES, CHALKBOARD, ARTS & CRAFTS FOR KIDS", "DESCRIPTION_OF_INDOOR_EXERCISE_ROOM": "FULL GYM", "DESCRIPTION_OF_OUTDOOR_REC_FACILITIES": "SPLASH PAD, COMMUNITY GARDEN, DOG RUN", "ELEVATOR_PARTS_REPLACED": null, "ELEVATOR_STATUS": "ORIGINAL", "EMERG_POWER_SUPPLY_TEST_RECORDS": "YES", "EXTERIOR_FIRE_ESCAPE": "YES", "FACILITIES_AVAILABLE": "Green Bin / Organics", "FIRE_ALARM": "YES", "GARBAGE_CHUTES": "YES", "GREEN_BIN_LOCATION": "GROUND FLOOR THROUGH THE CHUTE", "HEATING_EQUIPMENT_STATUS": "ORIGINAL", "HEATING_EQUIPMENT_YEAR_INSTALLED": 2023.0, "HEATING_TYPE": "FORCED AIR GAS", "INDOOR_GARBAGE_STORAGE_AREA": "YES", "INTERCOM": "YES", "IS_THERE_A_COOLING_ROOM": "NO", "IS_THERE_EMERGENCY_POWER": "YES", "LAUNDRY_ROOM": "NO", "LAUNDRY_ROOM_HOURS_OF_OPERATION": null, "LAUNDRY_ROOM_LOCATION": null, "LOCKER_OR_STORAGE_ROOM": "NO", "NO_BARRIER_FREE_ACCESSBLE_UNITS": 4.0, "NO_OF_ACCESSIBLE_PARKING_SPACES": 4.0, "NO_OF_ELEVATORS": 2.0, "NO_OF_LAUNDRY_ROOM_MACHINES": null, "NON_SMOKING_BUILDING": "YES", "OUTDOOR_GARBAGE_STORAGE_AREA": "YES", "PARKING_TYPE": "Underground Garage , Garage accessible thru buildg", "PCODE": "M4C", "PET_RESTRICTIONS": "NO", "PETS_ALLOWED": "YES", "PROP_MANAGEMENT_COMPANY_NAME": "DBS COMMUNITIES", "PROPERTY_TYPE": "PRIVATE", "RECYCLING_BINS_LOCATION": "GROUND FLOOR THROUGH THE CHUTE", "RSN": 5528214, "SEPARATE_GAS_METERS_EACH_UNIT": "NO", "SEPARATE_HYDRO_METER_EACH_UNIT": "YES", "SEPARATE_WATER_METERS_EA_UNIT": "YES", "SITE_ADDRESS": "94  EASTDALE AVE ", "SPRINKLER_SYSTEM": "YES", "SPRINKLER_SYSTEM_TEST_RECORD": "YES", "SPRINKLER_SYSTEM_YEAR_INSTALLED": 2024.0, "TSSA_TEST_RECORDS": "YES", "VISITOR_PARKING": "PAID", "WARD": 19, "WINDOW_TYPE": "THERMAL", "YEAR_BUILT": 2024.0, "YEAR_OF_REPLACEMENT": null, "YEAR_REGISTERED": 2024.0, "NO_OF_STOREYS": null, "IS_THERE_EMERGENCY_POWER?": null, "NON-SMOKING_BUILDING": null, "NO_OF_UNITS": null, "NO_OF_ACCESSIBLEPARKING_SPACES": null, "FACILITIES_AVAILABLE?": null, "IS_THERE_A_COOLING_ROOM?": null, "NO_BARRIERFREE_ACCESSBLE_UNITS": null, "LONGITUDE": -79.301722221999995, "LATITUDE": 43.695029892999997 }, "geometry": { "type": "Point", "coordinates": [ -79.301722222, 43.695029893 ] } },
{ "type": "Feature", "properties": { "_id": 194017, "AIR_CONDITIONING_TYPE": "NONE", "AMENITIES_AVAILABLE": null, "ANNUAL_FIRE_ALARM_TEST_RECORDS": "YES", "ANNUAL_FIRE_PUMP_FLOW_TEST_RECORDS": "YES", "APPROVED_FIRE_SAFETY_PLAN": "YES", "BALCONIES": "YES", "BARRIER_FREE_ACCESSIBILTY_ENTR": "NO", "BIKE_PARKING": "0 indoor parking spots and 20 outdoor parking spots", "CONFIRMED_STOREYS": 29, "CONFIRMED_UNITS": 584, "DATE_OF_LAST_INSPECTION_BY_TSSA": "JAN 23, 2013", "DESCRIPTION_OF_CHILD_PLAY_AREA": null, "DESCRIPTION_OF_INDOOR_EXERCISE_ROOM": null, "DESCRIPTION_OF_OUTDOOR_REC_FACILITIES": null, "ELEVATOR_PARTS_REPLACED": "CAB INTERIOR REFINISHED", "ELEVATOR_STATUS": "REPLACED", "EMERG_POWER_SUPPLY_TEST_RECORDS": "YES", "EXTERIOR_FIRE_ESCAPE": "NO", "FACILITIES_AVAILABLE": "Recycling bins", "FIRE_ALARM": "YES", "GARBAGE_CHUTES": "YES", "GREEN_BIN_LOCATION": null, "HEATING_EQUIPMENT_STATUS": "ORIGINAL", "HEATING_EQUIPMENT_YEAR_INSTALLED": 1971.0, "HEATING_TYPE": "ELECTRIC", "INDOOR_GARBAGE_STORAGE_AREA": "YES", "INTERCOM": "YES", "IS_THERE_A_COOLING_ROOM": "NO", "IS_THERE_EMERGENCY_POWER": "YES", "LAUNDRY_ROOM": "YES", "LAUNDRY_ROOM_HOURS_OF_OPERATION": "9AM-10PM", "LAUNDRY_ROOM_LOCATION": "GROUND FLOOR", "LOCKER_OR_STORAGE_ROOM": "NO", "NO_BARRIER_FREE_ACCESSBLE_UNITS": 0.0, "NO_OF_ACCESSIBLE_PARKING_SPACES": 0.0, "NO_OF_ELEVATORS": 5.0, "NO_OF_LAUNDRY_ROOM_MACHINES": 54.0, "NON_SMOKING_BUILDING": "YES", "OUTDOOR_GARBAGE_STORAGE_AREA": "YES", "PARKING_TYPE": "Underground Garage , Garage accessible thru buildg", "PCODE": "M4C", "PET_RESTRICTIONS": null, "PETS_ALLOWED": "YES", "PROP_MANAGEMENT_COMPANY_NAME": "PINEDALE PROPERTIES LTD", "PROPERTY_TYPE": "PRIVATE", "RECYCLING_BINS_LOCATION": "REAR OF BUILDING", "RSN": 4154037, "SEPARATE_GAS_METERS_EACH_UNIT": "NO", "SEPARATE_HYDRO_METER_EACH_UNIT": "YES", "SEPARATE_WATER_METERS_EA_UNIT": "NO", "SITE_ADDRESS": "7  CRESCENT PL ", "SPRINKLER_SYSTEM": "YES", "SPRINKLER_SYSTEM_TEST_RECORD": "YES", "SPRINKLER_SYSTEM_YEAR_INSTALLED": 1971.0, "TSSA_TEST_RECORDS": "YES", "VISITOR_PARKING": "PAID", "WARD": 19, "WINDOW_TYPE": "SINGLE PANE", "YEAR_BUILT": 1971.0, "YEAR_OF_REPLACEMENT": 2006.0, "YEAR_REGISTERED": 2017.0, "NO_OF_STOREYS": null, "IS_THERE_EMERGENCY_POWER?": null, "NON-SMOKING_BUILDING": null, "NO_OF_UNITS": null, "NO_OF_ACCESSIBLEPARKING_SPACES": null, "FACILITIES_AVAILABLE?": null, "IS_THERE_A_COOLING_ROOM?": null, "NO_BARRIERFREE_ACCESSBLE_UNITS": null, "LONGITUDE": -79.291784761000002, "LATITUDE": 43.695055074000003 }, "geometry": { "type": "Point", "coordinates": [ -79.291784761, 43.695055074 ] } },
{ "type": "Feature", "properties": { "_id": 193489, "AIR_CONDITIONING_TYPE": "CENTRAL AIR", "AMENITIES_AVAILABLE": "Indoor recreation room , Indoor exercise room", "ANNUAL_FIRE_ALARM_TEST_RECORDS": "YES", "ANNUAL_FIRE_PUMP_FLOW_TEST_RECORDS": "YES", "APPROVED_FIRE_SAFETY_PLAN": "YES", "BALCONIES": "YES", "BARRIER_FREE_ACCESSIBILTY_ENTR": "YES", "BIKE_PARKING": "400 indoor parking spots and 0 outdoor parking spots", "CONFIRMED_STOREYS": 35, "CONFIRMED_UNITS": 404, "DATE_OF_LAST_INSPECTION_BY_TSSA": "AUG 1, 2025", "DESCRIPTION_OF_CHILD_PLAY_AREA": null, "DESCRIPTION_OF_INDOOR_EXERCISE_ROOM": "FULL GYM", "DESCRIPTION_OF_OUTDOOR_REC_FACILITIES": null, "ELEVATOR_PARTS_REPLACED": null, "ELEVATOR_STATUS": "ORIGINAL", "EMERG_POWER_SUPPLY_TEST_RECORDS": "YES", "EXTERIOR_FIRE_ESCAPE": "YES", "FACILITIES_AVAILABLE": "Green Bin / Organics", "FIRE_ALARM": "YES", "GARBAGE_CHUTES": "YES", "GREEN_BIN_LOCATION": "GROUND FLOOR THROUGH THE CHUTE", "HEATING_EQUIPMENT_STATUS": "ORIGINAL", "HEATING_EQUIPMENT_YEAR_INSTALLED": 2024.0, "HEATING_TYPE": "FORCED AIR GAS", "INDOOR_GARBAGE_STORAGE_AREA": "YES", "INTERCOM": "YES", "IS_THERE_A_COOLING_ROOM": "YES", "IS_THERE_EMERGENCY_POWER": "YES", "LAUNDRY_ROOM": "NO", "LAUNDRY_ROOM_HOURS_OF_OPERATION": null, "LAUNDRY_ROOM_LOCATION": null, "LOCKER_OR_STORAGE_ROOM": "YES", "NO_BARRIER_FREE_ACCESSBLE_UNITS": 4.0, "NO_OF_ACCESSIBLE_PARKING_SPACES": 2.0, "NO_OF_ELEVATORS": null, "NO_OF_LAUNDRY_ROOM_MACHINES": null, "NON_SMOKING_BUILDING": "YES", "OUTDOOR_GARBAGE_STORAGE_AREA": "YES", "PARKING_TYPE": "Underground Garage , Ground Level Garage , Garage accessible thru buildg , Surface Parking", "PCODE": "M4C", "PET_RESTRICTIONS": "NO", "PETS_ALLOWED": "YES", "PROP_MANAGEMENT_COMPANY_NAME": "DBS COMMUNITIES", "PROPERTY_TYPE": "PRIVATE", "RECYCLING_BINS_LOCATION": "GROUND FLOOR THROUGH THE CHUTE", "RSN": 5750368, "SEPARATE_GAS_METERS_EACH_UNIT": "NO", "SEPARATE_HYDRO_METER_EACH_UNIT": "YES", "SEPARATE_WATER_METERS_EA_UNIT": "YES", "SITE_ADDRESS": "100  EASTDALE AVE ", "SPRINKLER_SYSTEM": "YES", "SPRINKLER_SYSTEM_TEST_RECORD": "NO", "SPRINKLER_SYSTEM_YEAR_INSTALLED": 2024.0, "TSSA_TEST_RECORDS": "YES", "VISITOR_PARKING": "PAID", "WARD": 19, "WINDOW_TYPE": null, "YEAR_BUILT": 2025.0, "YEAR_OF_REPLACEMENT": null, "YEAR_REGISTERED": 2026.0, "NO_OF_STOREYS": null, "IS_THERE_EMERGENCY_POWER?": null, "NON-SMOKING_BUILDING": null, "NO_OF_UNITS": null, "NO_OF_ACCESSIBLEPARKING_SPACES": null, "FACILITIES_AVAILABLE?": null, "IS_THERE_A_COOLING_ROOM?": null, "NO_BARRIERFREE_ACCESSBLE_UNITS": null, "LONGITUDE": -79.301487607, "LATITUDE": 43.69513669 }, "geometry": { "type": "Point", "coordinates": [ -79.301487607, 43.69513669 ] } },
{ "type": "Feature", "properties": { "_id": 192404, "AIR_CONDITIONING_TYPE": "NONE", "AMENITIES_AVAILABLE": null, "ANNUAL_FIRE_ALARM_TEST_RECORDS": "YES", "ANNUAL_FIRE_PUMP_FLOW_TEST_RECORDS": "YES", "APPROVED_FIRE_SAFETY_PLAN": "YES", "BALCONIES": "YES", "BARRIER_FREE_ACCESSIBILTY_ENTR": "NO", "BIKE_PARKING": "0 indoor parking spots and 20 outdoor parking spots", "CONFIRMED_STOREYS": 15, "CONFIRMED_UNITS": 235, "DATE_OF_LAST_INSPECTION_BY_TSSA": "MAR 15, 2017", "DESCRIPTION_OF_CHILD_PLAY_AREA": null, "DESCRIPTION_OF_INDOOR_EXERCISE_ROOM": null, "DESCRIPTION_OF_OUTDOOR_REC_FACILITIES": null, "ELEVATOR_PARTS_REPLACED": "COMPLETE MODERNISATION ", "ELEVATOR_STATUS": "REPLACED", "EMERG_POWER_SUPPLY_TEST_RECORDS": "YES", "EXTERIOR_FIRE_ESCAPE": "NO", "FACILITIES_AVAILABLE": "Green Bin / Organics", "FIRE_ALARM": "YES", "GARBAGE_CHUTES": "YES", "GREEN_BIN_LOCATION": "BACK OF THE BUILDING", "HEATING_EQUIPMENT_STATUS": "REPLACED", "HEATING_EQUIPMENT_YEAR_INSTALLED": 2001.0, "HEATING_TYPE": "HOT WATER", "INDOOR_GARBAGE_STORAGE_AREA": "YES", "INTERCOM": "YES", "IS_THERE_A_COOLING_ROOM": "NO", "IS_THERE_EMERGENCY_POWER": "YES", "LAUNDRY_ROOM": "YES", "LAUNDRY_ROOM_HOURS_OF_OPERATION": "24 HRS", "LAUNDRY_ROOM_LOCATION": "1ST FLOOR", "LOCKER_OR_STORAGE_ROOM": "YES", "NO_BARRIER_FREE_ACCESSBLE_UNITS": 0.0, "NO_OF_ACCESSIBLE_PARKING_SPACES": 0.0, "NO_OF_ELEVATORS": 3.0, "NO_OF_LAUNDRY_ROOM_MACHINES": 22.0, "NON_SMOKING_BUILDING": "NO", "OUTDOOR_GARBAGE_STORAGE_AREA": "YES", "PARKING_TYPE": "Underground Garage , Ground Level Garage , Garage accessible thru buildg , Surface Parking", "PCODE": "M4C", "PET_RESTRICTIONS": null, "PETS_ALLOWED": "YES", "PROP_MANAGEMENT_COMPANY_NAME": "COGIR MANAGEMENT CORPORATION", "PROPERTY_TYPE": "PRIVATE", "RECYCLING_BINS_LOCATION": "GARBAGE CHUTE ROOMS", "RSN": 4154078, "SEPARATE_GAS_METERS_EACH_UNIT": "NO", "SEPARATE_HYDRO_METER_EACH_UNIT": "YES", "SEPARATE_WATER_METERS_EA_UNIT": "NO", "SITE_ADDRESS": "75  EASTDALE AVE ", "SPRINKLER_SYSTEM": "YES", "SPRINKLER_SYSTEM_TEST_RECORD": "YES", "SPRINKLER_SYSTEM_YEAR_INSTALLED": 2010.0, "TSSA_TEST_RECORDS": "YES", "VISITOR_PARKING": "PAID", "WARD": 19, "WINDOW_TYPE": "SINGLE PANE", "YEAR_BUILT": 1974.0, "YEAR_OF_REPLACEMENT": 2010.0, "YEAR_REGISTERED": 2017.0, "NO_OF_STOREYS": null, "IS_THERE_EMERGENCY_POWER?": null, "NON-SMOKING_BUILDING": null, "NO_OF_UNITS": null, "NO_OF_ACCESSIBLEPARKING_SPACES": null, "FACILITIES_AVAILABLE?": null, "IS_THERE_A_COOLING_ROOM?": null, "NO_BARRIERFREE_ACCESSBLE_UNITS": null, "LONGITUDE": -79.300346352000005, "LATITUDE": 43.6951670415 }, "geometry": { "type": "Point", "coordinates": [ -79.300346352, 43.6951670415 ] } },
{ "type": "Feature", "properties": { "_id": 194742, "AIR_CONDITIONING_TYPE": "NONE", "AMENITIES_AVAILABLE": "Indoor recreation room", "ANNUAL_FIRE_ALARM_TEST_RECORDS": "YES", "ANNUAL_FIRE_PUMP_FLOW_TEST_RECORDS": "YES", "APPROVED_FIRE_SAFETY_PLAN": "YES", "BALCONIES": "YES", "BARRIER_FREE_ACCESSIBILTY_ENTR": "YES", "BIKE_PARKING": "Not Available", "CONFIRMED_STOREYS": 42, "CONFIRMED_UNITS": 183, "DATE_OF_LAST_INSPECTION_BY_TSSA": "AUG 10, 2017", "DESCRIPTION_OF_CHILD_PLAY_AREA": null, "DESCRIPTION_OF_INDOOR_EXERCISE_ROOM": null, "DESCRIPTION_OF_OUTDOOR_REC_FACILITIES": null, "ELEVATOR_PARTS_REPLACED": "FULL REPLACEMENT - MCE", "ELEVATOR_STATUS": "REPLACED", "EMERG_POWER_SUPPLY_TEST_RECORDS": "YES", "EXTERIOR_FIRE_ESCAPE": "NO", "FACILITIES_AVAILABLE": "Green Bin / Organics", "FIRE_ALARM": "YES", "GARBAGE_CHUTES": "YES", "GREEN_BIN_LOCATION": "COMPACTOR ROOM", "HEATING_EQUIPMENT_STATUS": "ORIGINAL", "HEATING_EQUIPMENT_YEAR_INSTALLED": 1969.0, "HEATING_TYPE": "HOT WATER", "INDOOR_GARBAGE_STORAGE_AREA": "YES", "INTERCOM": "YES", "IS_THERE_A_COOLING_ROOM": "NO", "IS_THERE_EMERGENCY_POWER": "YES", "LAUNDRY_ROOM": "YES", "LAUNDRY_ROOM_HOURS_OF_OPERATION": "7:00 AM- 10:00 PM ", "LAUNDRY_ROOM_LOCATION": "MAIN FLOOR", "LOCKER_OR_STORAGE_ROOM": "YES", "NO_BARRIER_FREE_ACCESSBLE_UNITS": 3.0, "NO_OF_ACCESSIBLE_PARKING_SPACES": 5.0, "NO_OF_ELEVATORS": 4.0, "NO_OF_LAUNDRY_ROOM_MACHINES": 11.0, "NON_SMOKING_BUILDING": "YES", "OUTDOOR_GARBAGE_STORAGE_AREA": "YES", "PARKING_TYPE": "Underground Garage , Garage accessible thru buildg , Surface Parking", "PCODE": "M4C", "PET_RESTRICTIONS": null, "PETS_ALLOWED": "YES", "PROP_MANAGEMENT_COMPANY_NAME": "DEL MANAGMENT", "PROPERTY_TYPE": "TCHC", "RECYCLING_BINS_LOCATION": "BACK OF BUILDING", "RSN": 4156316, "SEPARATE_GAS_METERS_EACH_UNIT": "NO", "SEPARATE_HYDRO_METER_EACH_UNIT": "NO", "SEPARATE_WATER_METERS_EA_UNIT": "NO", "SITE_ADDRESS": "444  LUMSDEN AVE ", "SPRINKLER_SYSTEM": "YES", "SPRINKLER_SYSTEM_TEST_RECORD": "YES", "SPRINKLER_SYSTEM_YEAR_INSTALLED": 1969.0, "TSSA_TEST_RECORDS": "YES", "VISITOR_PARKING": "PAID", "WARD": 19, "WINDOW_TYPE": "DOUBLE PANE", "YEAR_BUILT": 1969.0, "YEAR_OF_REPLACEMENT": 2009.0, "YEAR_REGISTERED": 2017.0, "NO_OF_STOREYS": null, "IS_THERE_EMERGENCY_POWER?": null, "NON-SMOKING_BUILDING": null, "NO_OF_UNITS": null, "NO_OF_ACCESSIBLEPARKING_SPACES": null, "FACILITIES_AVAILABLE?": null, "IS_THERE_A_COOLING_ROOM?": null, "NO_BARRIERFREE_ACCESSBLE_UNITS": null, "LONGITUDE": -79.303315108999996, "LATITUDE": 43.695391788000002 }, "geometry": { "type": "Point", "coordinates": [ -79.303315109, 43.695391788 ] } },
{ "type": "Feature", "properties": { "_id": 195745, "AIR_CONDITIONING_TYPE": "NONE", "AMENITIES_AVAILABLE": null, "ANNUAL_FIRE_ALARM_TEST_RECORDS": "YES", "ANNUAL_FIRE_PUMP_FLOW_TEST_RECORDS": "YES", "APPROVED_FIRE_SAFETY_PLAN": "YES", "BALCONIES": "YES", "BARRIER_FREE_ACCESSIBILTY_ENTR": "NO", "BIKE_PARKING": "Not Available", "CONFIRMED_STOREYS": 7, "CONFIRMED_UNITS": 122, "DATE_OF_LAST_INSPECTION_BY_TSSA": "APR 15, 2017", "DESCRIPTION_OF_CHILD_PLAY_AREA": null, "DESCRIPTION_OF_INDOOR_EXERCISE_ROOM": null, "DESCRIPTION_OF_OUTDOOR_REC_FACILITIES": null, "ELEVATOR_PARTS_REPLACED": null, "ELEVATOR_STATUS": "ORIGINAL", "EMERG_POWER_SUPPLY_TEST_RECORDS": null, "EXTERIOR_FIRE_ESCAPE": "NO", "FACILITIES_AVAILABLE": "Green Bin / Organics", "FIRE_ALARM": "YES", "GARBAGE_CHUTES": "YES", "GREEN_BIN_LOCATION": "NORTH EAST SIDE", "HEATING_EQUIPMENT_STATUS": "REPLACED", "HEATING_EQUIPMENT_YEAR_INSTALLED": 2002.0, "HEATING_TYPE": "HOT WATER", "INDOOR_GARBAGE_STORAGE_AREA": "NO", "INTERCOM": "YES", "IS_THERE_A_COOLING_ROOM": "NO", "IS_THERE_EMERGENCY_POWER": "NO", "LAUNDRY_ROOM": "YES", "LAUNDRY_ROOM_HOURS_OF_OPERATION": "24 HOURS", "LAUNDRY_ROOM_LOCATION": "1ST FLOOR", "LOCKER_OR_STORAGE_ROOM": "YES", "NO_BARRIER_FREE_ACCESSBLE_UNITS": 0.0, "NO_OF_ACCESSIBLE_PARKING_SPACES": 0.0, "NO_OF_ELEVATORS": 2.0, "NO_OF_LAUNDRY_ROOM_MACHINES": 8.0, "NON_SMOKING_BUILDING": "NO", "OUTDOOR_GARBAGE_STORAGE_AREA": "YES", "PARKING_TYPE": "Surface Parking", "PCODE": "M4C", "PET_RESTRICTIONS": null, "PETS_ALLOWED": "YES", "PROP_MANAGEMENT_COMPANY_NAME": "RANEE MANAGEMENT", "PROPERTY_TYPE": "PRIVATE", "RECYCLING_BINS_LOCATION": "NORTH EAST SIDE", "RSN": 4154034, "SEPARATE_GAS_METERS_EACH_UNIT": "NO", "SEPARATE_HYDRO_METER_EACH_UNIT": "NO", "SEPARATE_WATER_METERS_EA_UNIT": "NO", "SITE_ADDRESS": "104  GOODWOOD PARK CRT ", "SPRINKLER_SYSTEM": "YES", "SPRINKLER_SYSTEM_TEST_RECORD": "YES", "SPRINKLER_SYSTEM_YEAR_INSTALLED": 1960.0, "TSSA_TEST_RECORDS": "NO", "VISITOR_PARKING": "FREE", "WARD": 19, "WINDOW_TYPE": "DOUBLE PANE", "YEAR_BUILT": 1960.0, "YEAR_OF_REPLACEMENT": null, "YEAR_REGISTERED": 2017.0, "NO_OF_STOREYS": null, "IS_THERE_EMERGENCY_POWER?": null, "NON-SMOKING_BUILDING": null, "NO_OF_UNITS": null, "NO_OF_ACCESSIBLEPARKING_SPACES": null, "FACILITIES_AVAILABLE?": null, "IS_THERE_A_COOLING_ROOM?": null, "NO_BARRIERFREE_ACCESSBLE_UNITS": null, "LONGITUDE": -79.295514264999994, "LATITUDE": 43.695428452999998 }, "geometry": { "type": "Point", "coordinates": [ -79.295514265, 43.695428453 ] } },
{ "type": "Feature", "properties": { "_id": 194436, "AIR_CONDITIONING_TYPE": "NONE", "AMENITIES_AVAILABLE": null, "ANNUAL_FIRE_ALARM_TEST_RECORDS": "YES", "ANNUAL_FIRE_PUMP_FLOW_TEST_RECORDS": "YES", "APPROVED_FIRE_SAFETY_PLAN": "YES", "BALCONIES": "YES", "BARRIER_FREE_ACCESSIBILTY_ENTR": "YES", "BIKE_PARKING": "Not Available", "CONFIRMED_STOREYS": 11, "CONFIRMED_UNITS": 198, "DATE_OF_LAST_INSPECTION_BY_TSSA": "DEC 12, 2016", "DESCRIPTION_OF_CHILD_PLAY_AREA": null, "DESCRIPTION_OF_INDOOR_EXERCISE_ROOM": null, "DESCRIPTION_OF_OUTDOOR_REC_FACILITIES": null, "ELEVATOR_PARTS_REPLACED": "FULL REPLACEMENT - NORTHERN - NORMIC1600", "ELEVATOR_STATUS": "REPLACED", "EMERG_POWER_SUPPLY_TEST_RECORDS": "YES", "EXTERIOR_FIRE_ESCAPE": "NO", "FACILITIES_AVAILABLE": "Green Bin / Organics", "FIRE_ALARM": "YES", "GARBAGE_CHUTES": "YES", "GREEN_BIN_LOCATION": "COMPACTOR ROOM", "HEATING_EQUIPMENT_STATUS": "ORIGINAL", "HEATING_EQUIPMENT_YEAR_INSTALLED": 1967.0, "HEATING_TYPE": "HOT WATER", "INDOOR_GARBAGE_STORAGE_AREA": "YES", "INTERCOM": "YES", "IS_THERE_A_COOLING_ROOM": "NO", "IS_THERE_EMERGENCY_POWER": "YES", "LAUNDRY_ROOM": "YES", "LAUNDRY_ROOM_HOURS_OF_OPERATION": "7:00 AM- 10:00 PM ", "LAUNDRY_ROOM_LOCATION": "MAIN FLOOR", "LOCKER_OR_STORAGE_ROOM": "YES", "NO_BARRIER_FREE_ACCESSBLE_UNITS": 3.0, "NO_OF_ACCESSIBLE_PARKING_SPACES": 4.0, "NO_OF_ELEVATORS": 2.0, "NO_OF_LAUNDRY_ROOM_MACHINES": 12.0, "NON_SMOKING_BUILDING": "YES", "OUTDOOR_GARBAGE_STORAGE_AREA": "YES", "PARKING_TYPE": "Surface Parking", "PCODE": "M4A", "PET_RESTRICTIONS": null, "PETS_ALLOWED": "YES", "PROP_MANAGEMENT_COMPANY_NAME": "TCH", "PROPERTY_TYPE": "TCHC", "RECYCLING_BINS_LOCATION": "COMPACTOR ROOM", "RSN": 4156483, "SEPARATE_GAS_METERS_EACH_UNIT": "NO", "SEPARATE_HYDRO_METER_EACH_UNIT": "NO", "SEPARATE_WATER_METERS_EA_UNIT": "NO", "SITE_ADDRESS": "5  WAKUNDA PL ", "SPRINKLER_SYSTEM": "YES", "SPRINKLER_SYSTEM_TEST_RECORD": "YES", "SPRINKLER_SYSTEM_YEAR_INSTALLED": 1967.0, "TSSA_TEST_RECORDS": "YES", "VISITOR_PARKING": "PAID", "WARD": 19, "WINDOW_TYPE": "DOUBLE PANE", "YEAR_BUILT": 1967.0, "YEAR_OF_REPLACEMENT": 1993.0, "YEAR_REGISTERED": 2017.0, "NO_OF_STOREYS": null, "IS_THERE_EMERGENCY_POWER?": null, "NON-SMOKING_BUILDING": null, "NO_OF_UNITS": null, "NO_OF_ACCESSIBLEPARKING_SPACES": null, "FACILITIES_AVAILABLE?": null, "IS_THERE_A_COOLING_ROOM?": null, "NO_BARRIERFREE_ACCESSBLE_UNITS": null, "LONGITUDE": -79.304091025600002, "LATITUDE": 43.715761065800002 }, "geometry": { "type": "Point", "coordinates": [ -79.304091025600002, 43.715761065800002 ] } },
{ "type": "Feature", "properties": { "_id": 192808, "AIR_CONDITIONING_TYPE": "NONE", "AMENITIES_AVAILABLE": "Indoor recreation room", "ANNUAL_FIRE_ALARM_TEST_RECORDS": "YES", "ANNUAL_FIRE_PUMP_FLOW_TEST_RECORDS": "YES", "APPROVED_FIRE_SAFETY_PLAN": "YES", "BALCONIES": "YES", "BARRIER_FREE_ACCESSIBILTY_ENTR": "YES", "BIKE_PARKING": "Not Available", "CONFIRMED_STOREYS": 7, "CONFIRMED_UNITS": 92, "DATE_OF_LAST_INSPECTION_BY_TSSA": "MAR 12, 2015", "DESCRIPTION_OF_CHILD_PLAY_AREA": null, "DESCRIPTION_OF_INDOOR_EXERCISE_ROOM": null, "DESCRIPTION_OF_OUTDOOR_REC_FACILITIES": null, "ELEVATOR_PARTS_REPLACED": "FULL REPLACEMENT - GAL GALAXY ", "ELEVATOR_STATUS": "REPLACED", "EMERG_POWER_SUPPLY_TEST_RECORDS": null, "EXTERIOR_FIRE_ESCAPE": "NO", "FACILITIES_AVAILABLE": "Green Bin / Organics", "FIRE_ALARM": "YES", "GARBAGE_CHUTES": "YES", "GREEN_BIN_LOCATION": "COMPACTOR ROOM", "HEATING_EQUIPMENT_STATUS": "ORIGINAL", "HEATING_EQUIPMENT_YEAR_INSTALLED": 1966.0, "HEATING_TYPE": "HOT WATER", "INDOOR_GARBAGE_STORAGE_AREA": "YES", "INTERCOM": "YES", "IS_THERE_A_COOLING_ROOM": "NO", "IS_THERE_EMERGENCY_POWER": "NO", "LAUNDRY_ROOM": "YES", "LAUNDRY_ROOM_HOURS_OF_OPERATION": "7:00 AM- 10:00 PM ", "LAUNDRY_ROOM_LOCATION": "BASEMENT", "LOCKER_OR_STORAGE_ROOM": "NO", "NO_BARRIER_FREE_ACCESSBLE_UNITS": 2.0, "NO_OF_ACCESSIBLE_PARKING_SPACES": 4.0, "NO_OF_ELEVATORS": 1.0, "NO_OF_LAUNDRY_ROOM_MACHINES": 8.0, "NON_SMOKING_BUILDING": "YES", "OUTDOOR_GARBAGE_STORAGE_AREA": "YES", "PARKING_TYPE": "Surface Parking", "PCODE": "M4A", "PET_RESTRICTIONS": null, "PETS_ALLOWED": "YES", "PROP_MANAGEMENT_COMPANY_NAME": "TCH", "PROPERTY_TYPE": "TCHC", "RECYCLING_BINS_LOCATION": "BACK OF BUILDING", "RSN": 4156480, "SEPARATE_GAS_METERS_EACH_UNIT": "NO", "SEPARATE_HYDRO_METER_EACH_UNIT": "NO", "SEPARATE_WATER_METERS_EA_UNIT": "NO", "SITE_ADDRESS": "90  PARMA CRT ", "SPRINKLER_SYSTEM": "YES", "SPRINKLER_SYSTEM_TEST_RECORD": "YES", "SPRINKLER_SYSTEM_YEAR_INSTALLED": 1966.0, "TSSA_TEST_RECORDS": "YES", "VISITOR_PARKING": "PAID", "WARD": 19, "WINDOW_TYPE": "SINGLE PANE", "YEAR_BUILT": 1966.0, "YEAR_OF_REPLACEMENT": 2014.0, "YEAR_REGISTERED": 2017.0, "NO_OF_STOREYS": null, "IS_THERE_EMERGENCY_POWER?": null, "NON-SMOKING_BUILDING": null, "NO_OF_UNITS": null, "NO_OF_ACCESSIBLEPARKING_SPACES": null, "FACILITIES_AVAILABLE?": null, "IS_THERE_A_COOLING_ROOM?": null, "NO_BARRIERFREE_ACCESSBLE_UNITS": null, "LONGITUDE": -79.299715983, "LATITUDE": 43.716853157000003 }, "geometry": { "type": "Point", "coordinates": [ -79.299715983, 43.716853157 ] } },
{ "type": "Feature", "properties": { "_id": 194277, "AIR_CONDITIONING_TYPE": "NONE", "AMENITIES_AVAILABLE": "Indoor recreation room", "ANNUAL_FIRE_ALARM_TEST_RECORDS": "YES", "ANNUAL_FIRE_PUMP_FLOW_TEST_RECORDS": "YES", "APPROVED_FIRE_SAFETY_PLAN": "YES", "BALCONIES": "YES", "BARRIER_FREE_ACCESSIBILTY_ENTR": "YES", "BIKE_PARKING": "Not Available", "CONFIRMED_STOREYS": 10, "CONFIRMED_UNITS": 330, "DATE_OF_LAST_INSPECTION_BY_TSSA": "MAY 14, 2015", "DESCRIPTION_OF_CHILD_PLAY_AREA": null, "DESCRIPTION_OF_INDOOR_EXERCISE_ROOM": null, "DESCRIPTION_OF_OUTDOOR_REC_FACILITIES": null, "ELEVATOR_PARTS_REPLACED": "FULL REPLACEMENT - NORTHERN", "ELEVATOR_STATUS": "REPLACED", "EMERG_POWER_SUPPLY_TEST_RECORDS": "YES", "EXTERIOR_FIRE_ESCAPE": "NO", "FACILITIES_AVAILABLE": "Recycling bins", "FIRE_ALARM": "YES", "GARBAGE_CHUTES": "YES", "GREEN_BIN_LOCATION": null, "HEATING_EQUIPMENT_STATUS": "ORIGINAL", "HEATING_EQUIPMENT_YEAR_INSTALLED": 1977.0, "HEATING_TYPE": "HOT WATER", "INDOOR_GARBAGE_STORAGE_AREA": "YES", "INTERCOM": "YES", "IS_THERE_A_COOLING_ROOM": "NO", "IS_THERE_EMERGENCY_POWER": "YES", "LAUNDRY_ROOM": "YES", "LAUNDRY_ROOM_HOURS_OF_OPERATION": "TBD", "LAUNDRY_ROOM_LOCATION": "TBD", "LOCKER_OR_STORAGE_ROOM": "NO", "NO_BARRIER_FREE_ACCESSBLE_UNITS": 3.0, "NO_OF_ACCESSIBLE_PARKING_SPACES": 4.0, "NO_OF_ELEVATORS": 2.0, "NO_OF_LAUNDRY_ROOM_MACHINES": 12.0, "NON_SMOKING_BUILDING": "YES", "OUTDOOR_GARBAGE_STORAGE_AREA": "YES", "PARKING_TYPE": "Surface Parking", "PCODE": "M4A", "PET_RESTRICTIONS": null, "PETS_ALLOWED": "YES", "PROP_MANAGEMENT_COMPANY_NAME": "TORONTO COMMUNITY HOUSING CORPORATION", "PROPERTY_TYPE": "TCHC", "RECYCLING_BINS_LOCATION": "REAR OF BUILDING", "RSN": 4154850, "SEPARATE_GAS_METERS_EACH_UNIT": "NO", "SEPARATE_HYDRO_METER_EACH_UNIT": "NO", "SEPARATE_WATER_METERS_EA_UNIT": "NO", "SITE_ADDRESS": "1420  VICTORIA PARK AVE ", "SPRINKLER_SYSTEM": "YES", "SPRINKLER_SYSTEM_TEST_RECORD": "YES", "SPRINKLER_SYSTEM_YEAR_INSTALLED": 1977.0, "TSSA_TEST_RECORDS": "YES", "VISITOR_PARKING": "BOTH", "WARD": 16, "WINDOW_TYPE": "SINGLE PANE", "YEAR_BUILT": 1977.0, "YEAR_OF_REPLACEMENT": 1996.0, "YEAR_REGISTERED": 2017.0, "NO_OF_STOREYS": null, "IS_THERE_EMERGENCY_POWER?": null, "NON-SMOKING_BUILDING": null, "NO_OF_UNITS": null, "NO_OF_ACCESSIBLEPARKING_SPACES": null, "FACILITIES_AVAILABLE?": null, "IS_THERE_A_COOLING_ROOM?": null, "NO_BARRIERFREE_ACCESSBLE_UNITS": null, "LONGITUDE": -79.302458682299999, "LATITUDE": 43.721471797699998 }, "geometry": { "type": "Point", "coordinates": [ -79.302458682299999, 43.721471797699998 ] } },
{ "type": "Feature", "properties": { "_id": 194278, "AIR_CONDITIONING_TYPE": "NONE", "AMENITIES_AVAILABLE": null, "ANNUAL_FIRE_ALARM_TEST_RECORDS": "YES", "ANNUAL_FIRE_PUMP_FLOW_TEST_RECORDS": "NO", "APPROVED_FIRE_SAFETY_PLAN": "YES", "BALCONIES": "YES", "BARRIER_FREE_ACCESSIBILTY_ENTR": "NO", "BIKE_PARKING": "Not Available", "CONFIRMED_STOREYS": 4, "CONFIRMED_UNITS": 15, "DATE_OF_LAST_INSPECTION_BY_TSSA": null, "DESCRIPTION_OF_CHILD_PLAY_AREA": null, "DESCRIPTION_OF_INDOOR_EXERCISE_ROOM": null, "DESCRIPTION_OF_OUTDOOR_REC_FACILITIES": null, "ELEVATOR_PARTS_REPLACED": null, "ELEVATOR_STATUS": null, "EMERG_POWER_SUPPLY_TEST_RECORDS": null, "EXTERIOR_FIRE_ESCAPE": "NO", "FACILITIES_AVAILABLE": "Green Bin / Organics", "FIRE_ALARM": "YES", "GARBAGE_CHUTES": "NO", "GREEN_BIN_LOCATION": "OUTDOOR", "HEATING_EQUIPMENT_STATUS": "REPLACED", "HEATING_EQUIPMENT_YEAR_INSTALLED": 2004.0, "HEATING_TYPE": "HOT WATER", "INDOOR_GARBAGE_STORAGE_AREA": "NO", "INTERCOM": "YES", "IS_THERE_A_COOLING_ROOM": "NO", "IS_THERE_EMERGENCY_POWER": "NO", "LAUNDRY_ROOM": "YES", "LAUNDRY_ROOM_HOURS_OF_OPERATION": "MON-SUN 8 AM  TO 8 PM", "LAUNDRY_ROOM_LOCATION": "BASEMENT LEVEL", "LOCKER_OR_STORAGE_ROOM": "YES", "NO_BARRIER_FREE_ACCESSBLE_UNITS": 0.0, "NO_OF_ACCESSIBLE_PARKING_SPACES": 15.0, "NO_OF_ELEVATORS": 0.0, "NO_OF_LAUNDRY_ROOM_MACHINES": 4.0, "NON_SMOKING_BUILDING": "YES", "OUTDOOR_GARBAGE_STORAGE_AREA": "YES", "PARKING_TYPE": "Ground Level Garage , Surface Parking", "PCODE": "M4A", "PET_RESTRICTIONS": "NO PETS ALLOWED", "PETS_ALLOWED": "NO", "PROP_MANAGEMENT_COMPANY_NAME": "MTS CORP INC", "PROPERTY_TYPE": "PRIVATE", "RECYCLING_BINS_LOCATION": "4", "RSN": 4154858, "SEPARATE_GAS_METERS_EACH_UNIT": "NO", "SEPARATE_HYDRO_METER_EACH_UNIT": "YES", "SEPARATE_WATER_METERS_EA_UNIT": "NO", "SITE_ADDRESS": "85  BARTLEY DR ", "SPRINKLER_SYSTEM": "NO", "SPRINKLER_SYSTEM_TEST_RECORD": null, "SPRINKLER_SYSTEM_YEAR_INSTALLED": null, "TSSA_TEST_RECORDS": null, "VISITOR_PARKING": "UNAVAILABLE", "WARD": 16, "WINDOW_TYPE": "DOUBLE PANE", "YEAR_BUILT": 1962.0, "YEAR_OF_REPLACEMENT": null, "YEAR_REGISTERED": 2017.0, "NO_OF_STOREYS": null, "IS_THERE_EMERGENCY_POWER?": null, "NON-SMOKING_BUILDING": null, "NO_OF_UNITS": null, "NO_OF_ACCESSIBLEPARKING_SPACES": null, "FACILITIES_AVAILABLE?": null, "IS_THERE_A_COOLING_ROOM?": null, "NO_BARRIERFREE_ACCESSBLE_UNITS": null, "LONGITUDE": -79.306514168999996, "LATITUDE": 43.722088465 }, "geometry": { "type": "Point", "coordinates": [ -79.306514169, 43.722088465 ] } },
{ "type": "Feature", "properties": { "_id": 193260, "AIR_CONDITIONING_TYPE": "NONE", "AMENITIES_AVAILABLE": null, "ANNUAL_FIRE_ALARM_TEST_RECORDS": "YES", "ANNUAL_FIRE_PUMP_FLOW_TEST_RECORDS": "YES", "APPROVED_FIRE_SAFETY_PLAN": "YES", "BALCONIES": "YES", "BARRIER_FREE_ACCESSIBILTY_ENTR": "YES", "BIKE_PARKING": "Not Available", "CONFIRMED_STOREYS": 6, "CONFIRMED_UNITS": 71, "DATE_OF_LAST_INSPECTION_BY_TSSA": "DEC 12, 2012", "DESCRIPTION_OF_CHILD_PLAY_AREA": null, "DESCRIPTION_OF_INDOOR_EXERCISE_ROOM": null, "DESCRIPTION_OF_OUTDOOR_REC_FACILITIES": null, "ELEVATOR_PARTS_REPLACED": "CONTROL AND MODERNIZATION", "ELEVATOR_STATUS": "REPLACED", "EMERG_POWER_SUPPLY_TEST_RECORDS": "YES", "EXTERIOR_FIRE_ESCAPE": "NO", "FACILITIES_AVAILABLE": "Recycling bins", "FIRE_ALARM": "YES", "GARBAGE_CHUTES": "NO", "GREEN_BIN_LOCATION": null, "HEATING_EQUIPMENT_STATUS": "REPLACED", "HEATING_EQUIPMENT_YEAR_INSTALLED": 2009.0, "HEATING_TYPE": "HOT WATER", "INDOOR_GARBAGE_STORAGE_AREA": "NO", "INTERCOM": "YES", "IS_THERE_A_COOLING_ROOM": "NO", "IS_THERE_EMERGENCY_POWER": "YES", "LAUNDRY_ROOM": "YES", "LAUNDRY_ROOM_HOURS_OF_OPERATION": "8:30 AM TILL 11:30 PM", "LAUNDRY_ROOM_LOCATION": "FIRST FLOOR", "LOCKER_OR_STORAGE_ROOM": "YES", "NO_BARRIER_FREE_ACCESSBLE_UNITS": 0.0, "NO_OF_ACCESSIBLE_PARKING_SPACES": 0.0, "NO_OF_ELEVATORS": 2.0, "NO_OF_LAUNDRY_ROOM_MACHINES": 9.0, "NON_SMOKING_BUILDING": "NO", "OUTDOOR_GARBAGE_STORAGE_AREA": "YES", "PARKING_TYPE": "Parking Deck", "PCODE": "M4H", "PET_RESTRICTIONS": null, "PETS_ALLOWED": "YES", "PROP_MANAGEMENT_COMPANY_NAME": "PARK PROPERTY MANAGEMENT INC. ", "PROPERTY_TYPE": "PRIVATE", "RECYCLING_BINS_LOCATION": "BACK OF BUILDING", "RSN": 4154162, "SEPARATE_GAS_METERS_EACH_UNIT": "NO", "SEPARATE_HYDRO_METER_EACH_UNIT": "YES", "SEPARATE_WATER_METERS_EA_UNIT": "NO", "SITE_ADDRESS": "54  THORNCLIFFE PARK DR ", "SPRINKLER_SYSTEM": "YES", "SPRINKLER_SYSTEM_TEST_RECORD": "YES", "SPRINKLER_SYSTEM_YEAR_INSTALLED": 1960.0, "TSSA_TEST_RECORDS": "NO", "VISITOR_PARKING": "UNAVAILABLE", "WARD": 15, "WINDOW_TYPE": "DOUBLE PANE", "YEAR_BUILT": 1960.0, "YEAR_OF_REPLACEMENT": 2014.0, "YEAR_REGISTERED": 2017.0, "NO_OF_STOREYS": null, "IS_THERE_EMERGENCY_POWER?": null, "NON-SMOKING_BUILDING": null, "NO_OF_UNITS": null, "NO_OF_ACCESSIBLEPARKING_SPACES": null, "FACILITIES_AVAILABLE?": null, "IS_THERE_A_COOLING_ROOM?": null, "NO_BARRIERFREE_ACCESSBLE_UNITS": null, "LONGITUDE": -79.341792374999997, "LATITUDE": 43.704024203000003 }, "geometry": { "type": "Point", "coordinates": [ -79.341792375, 43.704024203 ] } },
{ "type": "Feature", "properties": { "_id": 193521, "AIR_CONDITIONING_TYPE": "NONE", "AMENITIES_AVAILABLE": null, "ANNUAL_FIRE_ALARM_TEST_RECORDS": "NO", "ANNUAL_FIRE_PUMP_FLOW_TEST_RECORDS": "NO", "APPROVED_FIRE_SAFETY_PLAN": "YES", "BALCONIES": "YES", "BARRIER_FREE_ACCESSIBILTY_ENTR": "NO", "BIKE_PARKING": "Not Available", "CONFIRMED_STOREYS": 6, "CONFIRMED_UNITS": 60, "DATE_OF_LAST_INSPECTION_BY_TSSA": "NOV 26, 2015", "DESCRIPTION_OF_CHILD_PLAY_AREA": null, "DESCRIPTION_OF_INDOOR_EXERCISE_ROOM": null, "DESCRIPTION_OF_OUTDOOR_REC_FACILITIES": null, "ELEVATOR_PARTS_REPLACED": "ELEVATOR MODERNIZED ", "ELEVATOR_STATUS": "REPLACED", "EMERG_POWER_SUPPLY_TEST_RECORDS": null, "EXTERIOR_FIRE_ESCAPE": "NO", "FACILITIES_AVAILABLE": "Green Bin / Organics", "FIRE_ALARM": "YES", "GARBAGE_CHUTES": "YES", "GREEN_BIN_LOCATION": "IN GARBAGE ROOM", "HEATING_EQUIPMENT_STATUS": "ORIGINAL", "HEATING_EQUIPMENT_YEAR_INSTALLED": 1962.0, "HEATING_TYPE": "HOT WATER", "INDOOR_GARBAGE_STORAGE_AREA": "NO", "INTERCOM": "YES", "IS_THERE_A_COOLING_ROOM": "NO", "IS_THERE_EMERGENCY_POWER": "NO", "LAUNDRY_ROOM": "YES", "LAUNDRY_ROOM_HOURS_OF_OPERATION": "8 AM TO 10 PM", "LAUNDRY_ROOM_LOCATION": "MAIN FLOOR", "LOCKER_OR_STORAGE_ROOM": "NO", "NO_BARRIER_FREE_ACCESSBLE_UNITS": 0.0, "NO_OF_ACCESSIBLE_PARKING_SPACES": 0.0, "NO_OF_ELEVATORS": 1.0, "NO_OF_LAUNDRY_ROOM_MACHINES": 6.0, "NON_SMOKING_BUILDING": "NO", "OUTDOOR_GARBAGE_STORAGE_AREA": "YES", "PARKING_TYPE": "Carport , Surface Parking", "PCODE": "M4H", "PET_RESTRICTIONS": null, "PETS_ALLOWED": "NO", "PROP_MANAGEMENT_COMPANY_NAME": "LAWRENCE CONSTRUCTION CO. LIMITED", "PROPERTY_TYPE": "PRIVATE", "RECYCLING_BINS_LOCATION": "AT FRONT OF BUILDING", "RSN": 4154171, "SEPARATE_GAS_METERS_EACH_UNIT": "NO", "SEPARATE_HYDRO_METER_EACH_UNIT": "YES", "SEPARATE_WATER_METERS_EA_UNIT": "NO", "SITE_ADDRESS": "4  GRANDSTAND PL ", "SPRINKLER_SYSTEM": "YES", "SPRINKLER_SYSTEM_TEST_RECORD": "NO", "SPRINKLER_SYSTEM_YEAR_INSTALLED": 1962.0, "TSSA_TEST_RECORDS": "YES", "VISITOR_PARKING": "FREE", "WARD": 15, "WINDOW_TYPE": "DOUBLE PANE", "YEAR_BUILT": 1962.0, "YEAR_OF_REPLACEMENT": 2016.0, "YEAR_REGISTERED": 2017.0, "NO_OF_STOREYS": null, "IS_THERE_EMERGENCY_POWER?": null, "NON-SMOKING_BUILDING": null, "NO_OF_UNITS": null, "NO_OF_ACCESSIBLEPARKING_SPACES": null, "FACILITIES_AVAILABLE?": null, "IS_THERE_A_COOLING_ROOM?": null, "NO_BARRIERFREE_ACCESSBLE_UNITS": null, "LONGITUDE": -79.345648732000001, "LATITUDE": 43.70404653 }, "geometry": { "type": "Point", "coordinates": [ -79.345648732, 43.70404653 ] } },
{ "type": "Feature", "properties": { "_id": 192419, "AIR_CONDITIONING_TYPE": "NONE", "AMENITIES_AVAILABLE": "Indoor recreation room", "ANNUAL_FIRE_ALARM_TEST_RECORDS": "YES", "ANNUAL_FIRE_PUMP_FLOW_TEST_RECORDS": "YES", "APPROVED_FIRE_SAFETY_PLAN": "YES", "BALCONIES": "YES", "BARRIER_FREE_ACCESSIBILTY_ENTR": "YES", "BIKE_PARKING": "Not Available", "CONFIRMED_STOREYS": 7, "CONFIRMED_UNITS": 109, "DATE_OF_LAST_INSPECTION_BY_TSSA": "SEP 8, 2015", "DESCRIPTION_OF_CHILD_PLAY_AREA": null, "DESCRIPTION_OF_INDOOR_EXERCISE_ROOM": null, "DESCRIPTION_OF_OUTDOOR_REC_FACILITIES": null, "ELEVATOR_PARTS_REPLACED": null, "ELEVATOR_STATUS": "ORIGINAL", "EMERG_POWER_SUPPLY_TEST_RECORDS": "YES", "EXTERIOR_FIRE_ESCAPE": "NO", "FACILITIES_AVAILABLE": "Green Bin / Organics", "FIRE_ALARM": "YES", "GARBAGE_CHUTES": "YES", "GREEN_BIN_LOCATION": "RECYCLE ROOM", "HEATING_EQUIPMENT_STATUS": "ORIGINAL", "HEATING_EQUIPMENT_YEAR_INSTALLED": 1985.0, "HEATING_TYPE": "ELECTRIC", "INDOOR_GARBAGE_STORAGE_AREA": "YES", "INTERCOM": "YES", "IS_THERE_A_COOLING_ROOM": "YES", "IS_THERE_EMERGENCY_POWER": "YES", "LAUNDRY_ROOM": "YES", "LAUNDRY_ROOM_HOURS_OF_OPERATION": "8AM TO 10 PM", "LAUNDRY_ROOM_LOCATION": "GROUND FLOOR", "LOCKER_OR_STORAGE_ROOM": "NO", "NO_BARRIER_FREE_ACCESSBLE_UNITS": 6.0, "NO_OF_ACCESSIBLE_PARKING_SPACES": 0.0, "NO_OF_ELEVATORS": 2.0, "NO_OF_LAUNDRY_ROOM_MACHINES": 16.0, "NON_SMOKING_BUILDING": "NO", "OUTDOOR_GARBAGE_STORAGE_AREA": "YES", "PARKING_TYPE": "Underground Garage , Garage accessible thru buildg", "PCODE": "M4H", "PET_RESTRICTIONS": null, "PETS_ALLOWED": "YES", "PROP_MANAGEMENT_COMPANY_NAME": "PRECISION PROPERTY MANAGEMENT", "PROPERTY_TYPE": "SOCIAL HOUSING", "RECYCLING_BINS_LOCATION": "RECYCLE ROOM", "RSN": 4154174, "SEPARATE_GAS_METERS_EACH_UNIT": "NO", "SEPARATE_HYDRO_METER_EACH_UNIT": "NO", "SEPARATE_WATER_METERS_EA_UNIT": "NO", "SITE_ADDRESS": "18  THORNCLIFFE PARK DR ", "SPRINKLER_SYSTEM": "YES", "SPRINKLER_SYSTEM_TEST_RECORD": "YES", "SPRINKLER_SYSTEM_YEAR_INSTALLED": 1985.0, "TSSA_TEST_RECORDS": "YES", "VISITOR_PARKING": "FREE", "WARD": 15, "WINDOW_TYPE": "DOUBLE PANE", "YEAR_BUILT": 1985.0, "YEAR_OF_REPLACEMENT": null, "YEAR_REGISTERED": 2017.0, "NO_OF_STOREYS": null, "IS_THERE_EMERGENCY_POWER?": null, "NON-SMOKING_BUILDING": null, "NO_OF_UNITS": null, "NO_OF_ACCESSIBLEPARKING_SPACES": null, "FACILITIES_AVAILABLE?": null, "IS_THERE_A_COOLING_ROOM?": null, "NO_BARRIERFREE_ACCESSBLE_UNITS": null, "LONGITUDE": -79.346988346000003, "LATITUDE": 43.704298811000001 }, "geometry": { "type": "Point", "coordinates": [ -79.346988346, 43.704298811 ] } },
{ "type": "Feature", "properties": { "_id": 192417, "AIR_CONDITIONING_TYPE": "NONE", "AMENITIES_AVAILABLE": null, "ANNUAL_FIRE_ALARM_TEST_RECORDS": "YES", "ANNUAL_FIRE_PUMP_FLOW_TEST_RECORDS": "YES", "APPROVED_FIRE_SAFETY_PLAN": "YES", "BALCONIES": "YES", "BARRIER_FREE_ACCESSIBILTY_ENTR": "YES", "BIKE_PARKING": "Not Available", "CONFIRMED_STOREYS": 6, "CONFIRMED_UNITS": 64, "DATE_OF_LAST_INSPECTION_BY_TSSA": "MAR 22, 2007", "DESCRIPTION_OF_CHILD_PLAY_AREA": null, "DESCRIPTION_OF_INDOOR_EXERCISE_ROOM": null, "DESCRIPTION_OF_OUTDOOR_REC_FACILITIES": null, "ELEVATOR_PARTS_REPLACED": "CONTROL MODERNIZATION", "ELEVATOR_STATUS": "REPLACED", "EMERG_POWER_SUPPLY_TEST_RECORDS": "YES", "EXTERIOR_FIRE_ESCAPE": "NO", "FACILITIES_AVAILABLE": "Recycling bins", "FIRE_ALARM": "YES", "GARBAGE_CHUTES": "NO", "GREEN_BIN_LOCATION": null, "HEATING_EQUIPMENT_STATUS": "REPLACED", "HEATING_EQUIPMENT_YEAR_INSTALLED": 2008.0, "HEATING_TYPE": "HOT WATER", "INDOOR_GARBAGE_STORAGE_AREA": "NO", "INTERCOM": "YES", "IS_THERE_A_COOLING_ROOM": "YES", "IS_THERE_EMERGENCY_POWER": "YES", "LAUNDRY_ROOM": "YES", "LAUNDRY_ROOM_HOURS_OF_OPERATION": "24", "LAUNDRY_ROOM_LOCATION": "BASEMENT", "LOCKER_OR_STORAGE_ROOM": "YES", "NO_BARRIER_FREE_ACCESSBLE_UNITS": 0.0, "NO_OF_ACCESSIBLE_PARKING_SPACES": 0.0, "NO_OF_ELEVATORS": 1.0, "NO_OF_LAUNDRY_ROOM_MACHINES": 9.0, "NON_SMOKING_BUILDING": "NO", "OUTDOOR_GARBAGE_STORAGE_AREA": "YES", "PARKING_TYPE": "Parking Deck", "PCODE": "M4H", "PET_RESTRICTIONS": null, "PETS_ALLOWED": "YES", "PROP_MANAGEMENT_COMPANY_NAME": "PARK PROPERTY MANAGEMENT INC. ", "PROPERTY_TYPE": "PRIVATE", "RECYCLING_BINS_LOCATION": "BACK OF BUILDING", "RSN": 4154161, "SEPARATE_GAS_METERS_EACH_UNIT": "NO", "SEPARATE_HYDRO_METER_EACH_UNIT": "YES", "SEPARATE_WATER_METERS_EA_UNIT": "NO", "SITE_ADDRESS": "56  THORNCLIFFE PARK DR ", "SPRINKLER_SYSTEM": "YES", "SPRINKLER_SYSTEM_TEST_RECORD": "YES", "SPRINKLER_SYSTEM_YEAR_INSTALLED": 1960.0, "TSSA_TEST_RECORDS": "YES", "VISITOR_PARKING": "UNAVAILABLE", "WARD": 15, "WINDOW_TYPE": "DOUBLE PANE", "YEAR_BUILT": 1960.0, "YEAR_OF_REPLACEMENT": 2014.0, "YEAR_REGISTERED": 2017.0, "NO_OF_STOREYS": null, "IS_THERE_EMERGENCY_POWER?": null, "NON-SMOKING_BUILDING": null, "NO_OF_UNITS": null, "NO_OF_ACCESSIBLEPARKING_SPACES": null, "FACILITIES_AVAILABLE?": null, "IS_THERE_A_COOLING_ROOM?": null, "NO_BARRIERFREE_ACCESSBLE_UNITS": null, "LONGITUDE": -79.342361798, "LATITUDE": 43.704412098 }, "geometry": { "type": "Point", "coordinates": [ -79.342361798, 43.704412098 ] } },
{ "type": "Feature", "properties": { "_id": 193942, "AIR_CONDITIONING_TYPE": "NONE", "AMENITIES_AVAILABLE": "Child play area", "ANNUAL_FIRE_ALARM_TEST_RECORDS": "YES", "ANNUAL_FIRE_PUMP_FLOW_TEST_RECORDS": "YES", "APPROVED_FIRE_SAFETY_PLAN": "YES", "BALCONIES": "YES", "BARRIER_FREE_ACCESSIBILTY_ENTR": "YES", "BIKE_PARKING": "Not Available", "CONFIRMED_STOREYS": 20, "CONFIRMED_UNITS": 314, "DATE_OF_LAST_INSPECTION_BY_TSSA": "MAY 15, 2017", "DESCRIPTION_OF_CHILD_PLAY_AREA": "PLAYSET", "DESCRIPTION_OF_INDOOR_EXERCISE_ROOM": null, "DESCRIPTION_OF_OUTDOOR_REC_FACILITIES": null, "ELEVATOR_PARTS_REPLACED": "SYSTEM", "ELEVATOR_STATUS": "REPLACED", "EMERG_POWER_SUPPLY_TEST_RECORDS": "YES", "EXTERIOR_FIRE_ESCAPE": "NO", "FACILITIES_AVAILABLE": "Recycling bins", "FIRE_ALARM": "YES", "GARBAGE_CHUTES": "YES", "GREEN_BIN_LOCATION": null, "HEATING_EQUIPMENT_STATUS": "REPLACED", "HEATING_EQUIPMENT_YEAR_INSTALLED": 2012.0, "HEATING_TYPE": "HOT WATER", "INDOOR_GARBAGE_STORAGE_AREA": "NO", "INTERCOM": "YES", "IS_THERE_A_COOLING_ROOM": "NO", "IS_THERE_EMERGENCY_POWER": "YES", "LAUNDRY_ROOM": "YES", "LAUNDRY_ROOM_HOURS_OF_OPERATION": "24", "LAUNDRY_ROOM_LOCATION": "BASEMENT", "LOCKER_OR_STORAGE_ROOM": "YES", "NO_BARRIER_FREE_ACCESSBLE_UNITS": 0.0, "NO_OF_ACCESSIBLE_PARKING_SPACES": 10.0, "NO_OF_ELEVATORS": 3.0, "NO_OF_LAUNDRY_ROOM_MACHINES": 16.0, "NON_SMOKING_BUILDING": "NO", "OUTDOOR_GARBAGE_STORAGE_AREA": "YES", "PARKING_TYPE": "Underground Garage , Garage accessible thru buildg , Surface Parking", "PCODE": "M4H", "PET_RESTRICTIONS": null, "PETS_ALLOWED": "YES", "PROP_MANAGEMENT_COMPANY_NAME": "METCAP LIVING MANAGEMENT INC", "PROPERTY_TYPE": "PRIVATE", "RECYCLING_BINS_LOCATION": "BACK", "RSN": 4154156, "SEPARATE_GAS_METERS_EACH_UNIT": "NO", "SEPARATE_HYDRO_METER_EACH_UNIT": "YES", "SEPARATE_WATER_METERS_EA_UNIT": "NO", "SITE_ADDRESS": "71  THORNCLIFFE PARK DR ", "SPRINKLER_SYSTEM": "YES", "SPRINKLER_SYSTEM_TEST_RECORD": "YES", "SPRINKLER_SYSTEM_YEAR_INSTALLED": 1966.0, "TSSA_TEST_RECORDS": "YES", "VISITOR_PARKING": "PAID", "WARD": 15, "WINDOW_TYPE": "DOUBLE PANE", "YEAR_BUILT": 1966.0, "YEAR_OF_REPLACEMENT": 2017.0, "YEAR_REGISTERED": 2017.0, "NO_OF_STOREYS": null, "IS_THERE_EMERGENCY_POWER?": null, "NON-SMOKING_BUILDING": null, "NO_OF_UNITS": null, "NO_OF_ACCESSIBLEPARKING_SPACES": null, "FACILITIES_AVAILABLE?": null, "IS_THERE_A_COOLING_ROOM?": null, "NO_BARRIERFREE_ACCESSBLE_UNITS": null, "LONGITUDE": -79.340380533000001, "LATITUDE": 43.704533558000001 }, "geometry": { "type": "Point", "coordinates": [ -79.340380533, 43.704533558 ] } },
{ "type": "Feature", "properties": { "_id": 193259, "AIR_CONDITIONING_TYPE": "NONE", "AMENITIES_AVAILABLE": null, "ANNUAL_FIRE_ALARM_TEST_RECORDS": "YES", "ANNUAL_FIRE_PUMP_FLOW_TEST_RECORDS": "YES", "APPROVED_FIRE_SAFETY_PLAN": "YES", "BALCONIES": "YES", "BARRIER_FREE_ACCESSIBILTY_ENTR": "YES", "BIKE_PARKING": "Not Available", "CONFIRMED_STOREYS": 6, "CONFIRMED_UNITS": 71, "DATE_OF_LAST_INSPECTION_BY_TSSA": "AUG 13, 2008", "DESCRIPTION_OF_CHILD_PLAY_AREA": null, "DESCRIPTION_OF_INDOOR_EXERCISE_ROOM": null, "DESCRIPTION_OF_OUTDOOR_REC_FACILITIES": null, "ELEVATOR_PARTS_REPLACED": "CONTROL AND MODERNIZATION", "ELEVATOR_STATUS": "REPLACED", "EMERG_POWER_SUPPLY_TEST_RECORDS": "YES", "EXTERIOR_FIRE_ESCAPE": "NO", "FACILITIES_AVAILABLE": "Recycling bins", "FIRE_ALARM": "YES", "GARBAGE_CHUTES": "NO", "GREEN_BIN_LOCATION": null, "HEATING_EQUIPMENT_STATUS": "REPLACED", "HEATING_EQUIPMENT_YEAR_INSTALLED": 2008.0, "HEATING_TYPE": "HOT WATER", "INDOOR_GARBAGE_STORAGE_AREA": "NO", "INTERCOM": "YES", "IS_THERE_A_COOLING_ROOM": "YES", "IS_THERE_EMERGENCY_POWER": "YES", "LAUNDRY_ROOM": "YES", "LAUNDRY_ROOM_HOURS_OF_OPERATION": "24", "LAUNDRY_ROOM_LOCATION": "EACH FLOOR", "LOCKER_OR_STORAGE_ROOM": "YES", "NO_BARRIER_FREE_ACCESSBLE_UNITS": 0.0, "NO_OF_ACCESSIBLE_PARKING_SPACES": 0.0, "NO_OF_ELEVATORS": 1.0, "NO_OF_LAUNDRY_ROOM_MACHINES": 12.0, "NON_SMOKING_BUILDING": "NO", "OUTDOOR_GARBAGE_STORAGE_AREA": "YES", "PARKING_TYPE": "Parking Deck", "PCODE": "M4H", "PET_RESTRICTIONS": null, "PETS_ALLOWED": "YES", "PROP_MANAGEMENT_COMPANY_NAME": "PARK PROPERTY MANAGEMENT INC. ", "PROPERTY_TYPE": "PRIVATE", "RECYCLING_BINS_LOCATION": "BACK OF BUILDING", "RSN": 4154160, "SEPARATE_GAS_METERS_EACH_UNIT": "NO", "SEPARATE_HYDRO_METER_EACH_UNIT": "YES", "SEPARATE_WATER_METERS_EA_UNIT": "NO", "SITE_ADDRESS": "58  THORNCLIFFE PARK DR ", "SPRINKLER_SYSTEM": "YES", "SPRINKLER_SYSTEM_TEST_RECORD": "YES", "SPRINKLER_SYSTEM_YEAR_INSTALLED": 1960.0, "TSSA_TEST_RECORDS": "YES", "VISITOR_PARKING": "UNAVAILABLE", "WARD": 15, "WINDOW_TYPE": "DOUBLE PANE", "YEAR_BUILT": 1960.0, "YEAR_OF_REPLACEMENT": 2012.0, "YEAR_REGISTERED": 2017.0, "NO_OF_STOREYS": null, "IS_THERE_EMERGENCY_POWER?": null, "NON-SMOKING_BUILDING": null, "NO_OF_UNITS": null, "NO_OF_ACCESSIBLEPARKING_SPACES": null, "FACILITIES_AVAILABLE?": null, "IS_THERE_A_COOLING_ROOM?": null, "NO_BARRIERFREE_ACCESSBLE_UNITS": null, "LONGITUDE": -79.342701345999998, "LATITUDE": 43.704647768000001 }, "geometry": { "type": "Point", "coordinates": [ -79.342701346, 43.704647768 ] } },
{ "type": "Feature", "properties": { "_id": 193256, "AIR_CONDITIONING_TYPE": "NONE", "AMENITIES_AVAILABLE": null, "ANNUAL_FIRE_ALARM_TEST_RECORDS": "YES", "ANNUAL_FIRE_PUMP_FLOW_TEST_RECORDS": "YES", "APPROVED_FIRE_SAFETY_PLAN": "YES", "BALCONIES": "YES", "BARRIER_FREE_ACCESSIBILTY_ENTR": "YES", "BIKE_PARKING": "Not Available", "CONFIRMED_STOREYS": 17, "CONFIRMED_UNITS": 308, "DATE_OF_LAST_INSPECTION_BY_TSSA": "MAY 30, 2017", "DESCRIPTION_OF_CHILD_PLAY_AREA": null, "DESCRIPTION_OF_INDOOR_EXERCISE_ROOM": null, "DESCRIPTION_OF_OUTDOOR_REC_FACILITIES": null, "ELEVATOR_PARTS_REPLACED": "TOTAL", "ELEVATOR_STATUS": "REPLACED", "EMERG_POWER_SUPPLY_TEST_RECORDS": null, "EXTERIOR_FIRE_ESCAPE": "NO", "FACILITIES_AVAILABLE": "Green Bin / Organics", "FIRE_ALARM": "YES", "GARBAGE_CHUTES": "YES", "GREEN_BIN_LOCATION": "BACK OF PROPERTY ", "HEATING_EQUIPMENT_STATUS": "REPLACED", "HEATING_EQUIPMENT_YEAR_INSTALLED": 2015.0, "HEATING_TYPE": "HOT WATER", "INDOOR_GARBAGE_STORAGE_AREA": "NO", "INTERCOM": "YES", "IS_THERE_A_COOLING_ROOM": "NO", "IS_THERE_EMERGENCY_POWER": "NO", "LAUNDRY_ROOM": "YES", "LAUNDRY_ROOM_HOURS_OF_OPERATION": "8AM TO 10PM", "LAUNDRY_ROOM_LOCATION": "BASEMENT", "LOCKER_OR_STORAGE_ROOM": "NO", "NO_BARRIER_FREE_ACCESSBLE_UNITS": 2.0, "NO_OF_ACCESSIBLE_PARKING_SPACES": 10.0, "NO_OF_ELEVATORS": 3.0, "NO_OF_LAUNDRY_ROOM_MACHINES": 20.0, "NON_SMOKING_BUILDING": "YES", "OUTDOOR_GARBAGE_STORAGE_AREA": "YES", "PARKING_TYPE": "Underground Garage , Garage accessible thru buildg , Surface Parking", "PCODE": "M4H", "PET_RESTRICTIONS": null, "PETS_ALLOWED": "YES", "PROP_MANAGEMENT_COMPANY_NAME": "GREENWIN CORP.", "PROPERTY_TYPE": "PRIVATE", "RECYCLING_BINS_LOCATION": "BACK OF PROPERTY", "RSN": 4154157, "SEPARATE_GAS_METERS_EACH_UNIT": "NO", "SEPARATE_HYDRO_METER_EACH_UNIT": "YES", "SEPARATE_WATER_METERS_EA_UNIT": "NO", "SITE_ADDRESS": "75  THORNCLIFFE PARK DR ", "SPRINKLER_SYSTEM": "NO", "SPRINKLER_SYSTEM_TEST_RECORD": null, "SPRINKLER_SYSTEM_YEAR_INSTALLED": null, "TSSA_TEST_RECORDS": "YES", "VISITOR_PARKING": "FREE", "WARD": 15, "WINDOW_TYPE": "DOUBLE PANE", "YEAR_BUILT": 1966.0, "YEAR_OF_REPLACEMENT": 2017.0, "YEAR_REGISTERED": 2017.0, "NO_OF_STOREYS": null, "IS_THERE_EMERGENCY_POWER?": null, "NON-SMOKING_BUILDING": null, "NO_OF_UNITS": null, "NO_OF_ACCESSIBLEPARKING_SPACES": null, "FACILITIES_AVAILABLE?": null, "IS_THERE_A_COOLING_ROOM?": null, "NO_BARRIERFREE_ACCESSBLE_UNITS": null, "LONGITUDE": -79.341449140999998, "LATITUDE": 43.705284648000003 }, "geometry": { "type": "Point", "coordinates": [ -79.341449141, 43.705284648 ] } },
{ "type": "Feature", "properties": { "_id": 194627, "AIR_CONDITIONING_TYPE": "NONE", "AMENITIES_AVAILABLE": null, "ANNUAL_FIRE_ALARM_TEST_RECORDS": "YES", "ANNUAL_FIRE_PUMP_FLOW_TEST_RECORDS": "YES", "APPROVED_FIRE_SAFETY_PLAN": "YES", "BALCONIES": "YES", "BARRIER_FREE_ACCESSIBILTY_ENTR": "YES", "BIKE_PARKING": "Not Available", "CONFIRMED_STOREYS": 17, "CONFIRMED_UNITS": 319, "DATE_OF_LAST_INSPECTION_BY_TSSA": "MAY 1, 2017", "DESCRIPTION_OF_CHILD_PLAY_AREA": null, "DESCRIPTION_OF_INDOOR_EXERCISE_ROOM": null, "DESCRIPTION_OF_OUTDOOR_REC_FACILITIES": null, "ELEVATOR_PARTS_REPLACED": "TOTAL", "ELEVATOR_STATUS": "REPLACED", "EMERG_POWER_SUPPLY_TEST_RECORDS": null, "EXTERIOR_FIRE_ESCAPE": "NO", "FACILITIES_AVAILABLE": "Recycling bins", "FIRE_ALARM": "YES", "GARBAGE_CHUTES": "YES", "GREEN_BIN_LOCATION": null, "HEATING_EQUIPMENT_STATUS": "REPLACED", "HEATING_EQUIPMENT_YEAR_INSTALLED": 2015.0, "HEATING_TYPE": "HOT WATER", "INDOOR_GARBAGE_STORAGE_AREA": "YES", "INTERCOM": "YES", "IS_THERE_A_COOLING_ROOM": "NO", "IS_THERE_EMERGENCY_POWER": "NO", "LAUNDRY_ROOM": "YES", "LAUNDRY_ROOM_HOURS_OF_OPERATION": "8AM TO 10PM", "LAUNDRY_ROOM_LOCATION": "BASEMENT", "LOCKER_OR_STORAGE_ROOM": "NO", "NO_BARRIER_FREE_ACCESSBLE_UNITS": 2.0, "NO_OF_ACCESSIBLE_PARKING_SPACES": 10.0, "NO_OF_ELEVATORS": 3.0, "NO_OF_LAUNDRY_ROOM_MACHINES": 20.0, "NON_SMOKING_BUILDING": "YES", "OUTDOOR_GARBAGE_STORAGE_AREA": "YES", "PARKING_TYPE": "Underground Garage , Garage accessible thru buildg , Surface Parking", "PCODE": "M4H", "PET_RESTRICTIONS": null, "PETS_ALLOWED": "YES", "PROP_MANAGEMENT_COMPANY_NAME": "GREENWIN CORP. ", "PROPERTY_TYPE": "PRIVATE", "RECYCLING_BINS_LOCATION": "BACK OF PROPERTY", "RSN": 4154158, "SEPARATE_GAS_METERS_EACH_UNIT": "NO", "SEPARATE_HYDRO_METER_EACH_UNIT": "YES", "SEPARATE_WATER_METERS_EA_UNIT": "NO", "SITE_ADDRESS": "79  THORNCLIFFE PARK DR ", "SPRINKLER_SYSTEM": "NO", "SPRINKLER_SYSTEM_TEST_RECORD": null, "SPRINKLER_SYSTEM_YEAR_INSTALLED": null, "TSSA_TEST_RECORDS": "YES", "VISITOR_PARKING": "FREE", "WARD": 15, "WINDOW_TYPE": "DOUBLE PANE", "YEAR_BUILT": 1966.0, "YEAR_OF_REPLACEMENT": 2017.0, "YEAR_REGISTERED": 2017.0, "NO_OF_STOREYS": null, "IS_THERE_EMERGENCY_POWER?": null, "NON-SMOKING_BUILDING": null, "NO_OF_UNITS": null, "NO_OF_ACCESSIBLEPARKING_SPACES": null, "FACILITIES_AVAILABLE?": null, "IS_THERE_A_COOLING_ROOM?": null, "NO_BARRIERFREE_ACCESSBLE_UNITS": null, "LONGITUDE": -79.341497271999998, "LATITUDE": 43.706129701000002 }, "geometry": { "type": "Point", "coordinates": [ -79.341497272, 43.706129701 ] } },
{ "type": "Feature", "properties": { "_id": 192416, "AIR_CONDITIONING_TYPE": "INDIVIDUAL UNITS", "AMENITIES_AVAILABLE": "Indoor pool , Indoor recreation room , Outdoor rec facilities , Indoor exercise room , Sauna", "ANNUAL_FIRE_ALARM_TEST_RECORDS": "YES", "ANNUAL_FIRE_PUMP_FLOW_TEST_RECORDS": "YES", "APPROVED_FIRE_SAFETY_PLAN": "YES", "BALCONIES": "NO", "BARRIER_FREE_ACCESSIBILTY_ENTR": "YES", "BIKE_PARKING": "91 indoor parking spots and 0 outdoor parking spots", "CONFIRMED_STOREYS": 43, "CONFIRMED_UNITS": 500, "DATE_OF_LAST_INSPECTION_BY_TSSA": "AUG 22, 2017", "DESCRIPTION_OF_CHILD_PLAY_AREA": null, "DESCRIPTION_OF_INDOOR_EXERCISE_ROOM": "CARDIO MACHINE, WEIGHTS AND UNIVERSAL MACHINE", "DESCRIPTION_OF_OUTDOOR_REC_FACILITIES": "BBQ AREA, DOG RUN", "ELEVATOR_PARTS_REPLACED": "CABS AND MACHINES", "ELEVATOR_STATUS": "REPLACED", "EMERG_POWER_SUPPLY_TEST_RECORDS": "YES", "EXTERIOR_FIRE_ESCAPE": "YES", "FACILITIES_AVAILABLE": "Green Bin / Organics", "FIRE_ALARM": "YES", "GARBAGE_CHUTES": "YES", "GREEN_BIN_LOCATION": "REAR OF BUILDING", "HEATING_EQUIPMENT_STATUS": "ORIGINAL", "HEATING_EQUIPMENT_YEAR_INSTALLED": 1971.0, "HEATING_TYPE": "FORCED AIR GAS", "INDOOR_GARBAGE_STORAGE_AREA": "YES", "INTERCOM": "NO", "IS_THERE_A_COOLING_ROOM": "NO", "IS_THERE_EMERGENCY_POWER": "YES", "LAUNDRY_ROOM": "YES", "LAUNDRY_ROOM_HOURS_OF_OPERATION": "5AM-12AM", "LAUNDRY_ROOM_LOCATION": "2ND FLOOR", "LOCKER_OR_STORAGE_ROOM": "YES", "NO_BARRIER_FREE_ACCESSBLE_UNITS": 2.0, "NO_OF_ACCESSIBLE_PARKING_SPACES": 2.0, "NO_OF_ELEVATORS": 6.0, "NO_OF_LAUNDRY_ROOM_MACHINES": 50.0, "NON_SMOKING_BUILDING": "YES", "OUTDOOR_GARBAGE_STORAGE_AREA": "NO", "PARKING_TYPE": "Underground Garage , Garage accessible thru buildg , Surface Parking", "PCODE": "M4H", "PET_RESTRICTIONS": null, "PETS_ALLOWED": "YES", "PROP_MANAGEMENT_COMPANY_NAME": "MORGUARD CORPORATION", "PROPERTY_TYPE": "PRIVATE", "RECYCLING_BINS_LOCATION": "INDOOR AND OUTDOOR", "RSN": 4154159, "SEPARATE_GAS_METERS_EACH_UNIT": "NO", "SEPARATE_HYDRO_METER_EACH_UNIT": "YES", "SEPARATE_WATER_METERS_EA_UNIT": "NO", "SITE_ADDRESS": "85-95  THORNCLIFFE PARK DR ", "SPRINKLER_SYSTEM": "YES", "SPRINKLER_SYSTEM_TEST_RECORD": "YES", "SPRINKLER_SYSTEM_YEAR_INSTALLED": 1971.0, "TSSA_TEST_RECORDS": "YES", "VISITOR_PARKING": "BOTH", "WARD": 15, "WINDOW_TYPE": "DOUBLE PANE", "YEAR_BUILT": 1971.0, "YEAR_OF_REPLACEMENT": 2017.0, "YEAR_REGISTERED": 2017.0, "NO_OF_STOREYS": null, "IS_THERE_EMERGENCY_POWER?": null, "NON-SMOKING_BUILDING": null, "NO_OF_UNITS": null, "NO_OF_ACCESSIBLEPARKING_SPACES": null, "FACILITIES_AVAILABLE?": null, "IS_THERE_A_COOLING_ROOM?": null, "NO_BARRIERFREE_ACCESSBLE_UNITS": null, "LONGITUDE": -79.341222856000002, "LATITUDE": 43.707223804000002 }, "geometry": { "type": "Point", "coordinates": [ -79.341222856, 43.707223804 ] } },
{ "type": "Feature", "properties": { "_id": 193257, "AIR_CONDITIONING_TYPE": "INDIVIDUAL UNITS", "AMENITIES_AVAILABLE": "Indoor pool , Indoor recreation room , Outdoor rec facilities , Indoor exercise room , Sauna", "ANNUAL_FIRE_ALARM_TEST_RECORDS": "YES", "ANNUAL_FIRE_PUMP_FLOW_TEST_RECORDS": "YES", "APPROVED_FIRE_SAFETY_PLAN": "YES", "BALCONIES": "NO", "BARRIER_FREE_ACCESSIBILTY_ENTR": "YES", "BIKE_PARKING": "63 indoor parking spots and 0 outdoor parking spots", "CONFIRMED_STOREYS": 43, "CONFIRMED_UNITS": 496, "DATE_OF_LAST_INSPECTION_BY_TSSA": "AUG 22, 2017", "DESCRIPTION_OF_CHILD_PLAY_AREA": null, "DESCRIPTION_OF_INDOOR_EXERCISE_ROOM": "CARDIO MACHINES AND UNIVERSAL MACHINE", "DESCRIPTION_OF_OUTDOOR_REC_FACILITIES": "BBQ AREA, DOG RUN", "ELEVATOR_PARTS_REPLACED": "WAS A FULL MODERNIZATION FROM CAB TO MACHINE", "ELEVATOR_STATUS": "REPLACED", "EMERG_POWER_SUPPLY_TEST_RECORDS": "YES", "EXTERIOR_FIRE_ESCAPE": "YES", "FACILITIES_AVAILABLE": "Green Bin / Organics", "FIRE_ALARM": "YES", "GARBAGE_CHUTES": "YES", "GREEN_BIN_LOCATION": "OUTSIDE AT THE REAR OF THE BUILDING", "HEATING_EQUIPMENT_STATUS": "ORIGINAL", "HEATING_EQUIPMENT_YEAR_INSTALLED": 1971.0, "HEATING_TYPE": "FORCED AIR GAS", "INDOOR_GARBAGE_STORAGE_AREA": "YES", "INTERCOM": "YES", "IS_THERE_A_COOLING_ROOM": "NO", "IS_THERE_EMERGENCY_POWER": "YES", "LAUNDRY_ROOM": "YES", "LAUNDRY_ROOM_HOURS_OF_OPERATION": "5AM-12AM", "LAUNDRY_ROOM_LOCATION": "2ND FLOOR", "LOCKER_OR_STORAGE_ROOM": "YES", "NO_BARRIER_FREE_ACCESSBLE_UNITS": 2.0, "NO_OF_ACCESSIBLE_PARKING_SPACES": 2.0, "NO_OF_ELEVATORS": 6.0, "NO_OF_LAUNDRY_ROOM_MACHINES": 51.0, "NON_SMOKING_BUILDING": "YES", "OUTDOOR_GARBAGE_STORAGE_AREA": "NO", "PARKING_TYPE": "Underground Garage , Garage accessible thru buildg , Surface Parking", "PCODE": "M4H", "PET_RESTRICTIONS": null, "PETS_ALLOWED": "YES", "PROP_MANAGEMENT_COMPANY_NAME": "MORGUARD CORPORATION", "PROPERTY_TYPE": "PRIVATE", "RECYCLING_BINS_LOCATION": "INDOOR & OUTDOOR", "RSN": 4237447, "SEPARATE_GAS_METERS_EACH_UNIT": "NO", "SEPARATE_HYDRO_METER_EACH_UNIT": "YES", "SEPARATE_WATER_METERS_EA_UNIT": "NO", "SITE_ADDRESS": "85-95  THORNCLIFFE PARK DR ", "SPRINKLER_SYSTEM": "YES", "SPRINKLER_SYSTEM_TEST_RECORD": "YES", "SPRINKLER_SYSTEM_YEAR_INSTALLED": 1971.0, "TSSA_TEST_RECORDS": "YES", "VISITOR_PARKING": "BOTH", "WARD": 15, "WINDOW_TYPE": "DOUBLE PANE", "YEAR_BUILT": 1971.0, "YEAR_OF_REPLACEMENT": 2017.0, "YEAR_REGISTERED": 2017.0, "NO_OF_STOREYS": null, "IS_THERE_EMERGENCY_POWER?": null, "NON-SMOKING_BUILDING": null, "NO_OF_UNITS": null, "NO_OF_ACCESSIBLEPARKING_SPACES": null, "FACILITIES_AVAILABLE?": null, "IS_THERE_A_COOLING_ROOM?": null, "NO_BARRIERFREE_ACCESSBLE_UNITS": null, "LONGITUDE": -79.341222856000002, "LATITUDE": 43.707223804000002 }, "geometry": { "type": "Point", "coordinates": [ -79.341222856, 43.707223804 ] } },
{ "type": "Feature", "properties": { "_id": 195029, "AIR_CONDITIONING_TYPE": "NONE", "AMENITIES_AVAILABLE": "Indoor pool , Indoor recreation room", "ANNUAL_FIRE_ALARM_TEST_RECORDS": "YES", "ANNUAL_FIRE_PUMP_FLOW_TEST_RECORDS": "YES", "APPROVED_FIRE_SAFETY_PLAN": "YES", "BALCONIES": "YES", "BARRIER_FREE_ACCESSIBILTY_ENTR": "NO", "BIKE_PARKING": "Not Available", "CONFIRMED_STOREYS": 28, "CONFIRMED_UNITS": 218, "DATE_OF_LAST_INSPECTION_BY_TSSA": "MAR 3, 2016", "DESCRIPTION_OF_CHILD_PLAY_AREA": null, "DESCRIPTION_OF_INDOOR_EXERCISE_ROOM": null, "DESCRIPTION_OF_OUTDOOR_REC_FACILITIES": null, "ELEVATOR_PARTS_REPLACED": "ALL CONTROLS, MOTORS WIRING,CAB UPGRADE ", "ELEVATOR_STATUS": "REPLACED", "EMERG_POWER_SUPPLY_TEST_RECORDS": "YES", "EXTERIOR_FIRE_ESCAPE": "NO", "FACILITIES_AVAILABLE": "Recycling bins", "FIRE_ALARM": "YES", "GARBAGE_CHUTES": "YES", "GREEN_BIN_LOCATION": null, "HEATING_EQUIPMENT_STATUS": "REPLACED", "HEATING_EQUIPMENT_YEAR_INSTALLED": 2013.0, "HEATING_TYPE": "HOT WATER", "INDOOR_GARBAGE_STORAGE_AREA": "NO", "INTERCOM": "YES", "IS_THERE_A_COOLING_ROOM": "NO", "IS_THERE_EMERGENCY_POWER": "YES", "LAUNDRY_ROOM": "YES", "LAUNDRY_ROOM_HOURS_OF_OPERATION": "9 A.M - 9 P.M", "LAUNDRY_ROOM_LOCATION": "BASEMENT FLOOR ", "LOCKER_OR_STORAGE_ROOM": "YES", "NO_BARRIER_FREE_ACCESSBLE_UNITS": 0.0, "NO_OF_ACCESSIBLE_PARKING_SPACES": 0.0, "NO_OF_ELEVATORS": 3.0, "NO_OF_LAUNDRY_ROOM_MACHINES": 20.0, "NON_SMOKING_BUILDING": "YES", "OUTDOOR_GARBAGE_STORAGE_AREA": "YES", "PARKING_TYPE": "Underground Garage , Ground Level Garage , Garage accessible thru buildg", "PCODE": "M3C", "PET_RESTRICTIONS": "SMALL BREED ", "PETS_ALLOWED": "YES", "PROP_MANAGEMENT_COMPANY_NAME": "CENTURION PROPERTY ASSOCIATES INC.", "PROPERTY_TYPE": "PRIVATE", "RECYCLING_BINS_LOCATION": "OUTSIDE - BACK OF THE BUILDING ", "RSN": 4154763, "SEPARATE_GAS_METERS_EACH_UNIT": "NO", "SEPARATE_HYDRO_METER_EACH_UNIT": "YES", "SEPARATE_WATER_METERS_EA_UNIT": "NO", "SITE_ADDRESS": "5  DUFRESNE CRT ", "SPRINKLER_SYSTEM": "YES", "SPRINKLER_SYSTEM_TEST_RECORD": "YES", "SPRINKLER_SYSTEM_YEAR_INSTALLED": 1968.0, "TSSA_TEST_RECORDS": "YES", "VISITOR_PARKING": "FREE", "WARD": 16, "WINDOW_TYPE": "DOUBLE PANE", "YEAR_BUILT": 1968.0, "YEAR_OF_REPLACEMENT": 2013.0, "YEAR_REGISTERED": 2017.0, "NO_OF_STOREYS": null, "IS_THERE_EMERGENCY_POWER?": null, "NON-SMOKING_BUILDING": null, "NO_OF_UNITS": null, "NO_OF_ACCESSIBLEPARKING_SPACES": null, "FACILITIES_AVAILABLE?": null, "IS_THERE_A_COOLING_ROOM?": null, "NO_BARRIERFREE_ACCESSBLE_UNITS": null, "LONGITUDE": -79.330584834000007, "LATITUDE": 43.715032350999998 }, "geometry": { "type": "Point", "coordinates": [ -79.330584834, 43.715032351 ] } },
{ "type": "Feature", "properties": { "_id": 195031, "AIR_CONDITIONING_TYPE": "NONE", "AMENITIES_AVAILABLE": "Indoor pool , Sauna", "ANNUAL_FIRE_ALARM_TEST_RECORDS": "YES", "ANNUAL_FIRE_PUMP_FLOW_TEST_RECORDS": "YES", "APPROVED_FIRE_SAFETY_PLAN": "YES", "BALCONIES": "YES", "BARRIER_FREE_ACCESSIBILTY_ENTR": "YES", "BIKE_PARKING": "Not Available", "CONFIRMED_STOREYS": 17, "CONFIRMED_UNITS": 284, "DATE_OF_LAST_INSPECTION_BY_TSSA": "OCT 19, 2016", "DESCRIPTION_OF_CHILD_PLAY_AREA": null, "DESCRIPTION_OF_INDOOR_EXERCISE_ROOM": null, "DESCRIPTION_OF_OUTDOOR_REC_FACILITIES": null, "ELEVATOR_PARTS_REPLACED": "EVERYTHING BESIDES THE CABS", "ELEVATOR_STATUS": "REPLACED", "EMERG_POWER_SUPPLY_TEST_RECORDS": "YES", "EXTERIOR_FIRE_ESCAPE": "NO", "FACILITIES_AVAILABLE": "Recycling bins", "FIRE_ALARM": "YES", "GARBAGE_CHUTES": "YES", "GREEN_BIN_LOCATION": null, "HEATING_EQUIPMENT_STATUS": "REPLACED", "HEATING_EQUIPMENT_YEAR_INSTALLED": 2010.0, "HEATING_TYPE": "HOT WATER", "INDOOR_GARBAGE_STORAGE_AREA": "NO", "INTERCOM": "YES", "IS_THERE_A_COOLING_ROOM": "NO", "IS_THERE_EMERGENCY_POWER": "YES", "LAUNDRY_ROOM": "YES", "LAUNDRY_ROOM_HOURS_OF_OPERATION": "8AM TO 11PM", "LAUNDRY_ROOM_LOCATION": "FIRST FLOOR", "LOCKER_OR_STORAGE_ROOM": "NO", "NO_BARRIER_FREE_ACCESSBLE_UNITS": 0.0, "NO_OF_ACCESSIBLE_PARKING_SPACES": 0.0, "NO_OF_ELEVATORS": 3.0, "NO_OF_LAUNDRY_ROOM_MACHINES": 20.0, "NON_SMOKING_BUILDING": "NO", "OUTDOOR_GARBAGE_STORAGE_AREA": "YES", "PARKING_TYPE": "Underground Garage , Garage accessible thru buildg , Surface Parking", "PCODE": "M3C", "PET_RESTRICTIONS": null, "PETS_ALLOWED": "YES", "PROP_MANAGEMENT_COMPANY_NAME": "NOVI PROPERTIES", "PROPERTY_TYPE": "PRIVATE", "RECYCLING_BINS_LOCATION": "OUTSIDE, AT THE BACK OF BUILDING", "RSN": 4154769, "SEPARATE_GAS_METERS_EACH_UNIT": "NO", "SEPARATE_HYDRO_METER_EACH_UNIT": "YES", "SEPARATE_WATER_METERS_EA_UNIT": "NO", "SITE_ADDRESS": "200  GATEWAY BLVD ", "SPRINKLER_SYSTEM": "YES", "SPRINKLER_SYSTEM_TEST_RECORD": "YES", "SPRINKLER_SYSTEM_YEAR_INSTALLED": 1966.0, "TSSA_TEST_RECORDS": "YES", "VISITOR_PARKING": "FREE", "WARD": 16, "WINDOW_TYPE": "DOUBLE PANE", "YEAR_BUILT": 1966.0, "YEAR_OF_REPLACEMENT": 2010.0, "YEAR_REGISTERED": 2017.0, "NO_OF_STOREYS": null, "IS_THERE_EMERGENCY_POWER?": null, "NON-SMOKING_BUILDING": null, "NO_OF_UNITS": null, "NO_OF_ACCESSIBLEPARKING_SPACES": null, "FACILITIES_AVAILABLE?": null, "IS_THERE_A_COOLING_ROOM?": null, "NO_BARRIERFREE_ACCESSBLE_UNITS": null, "LONGITUDE": -79.335278953900001, "LATITUDE": 43.715178693600002 }, "geometry": { "type": "Point", "coordinates": [ -79.335278953900001, 43.715178693600002 ] } },
{ "type": "Feature", "properties": { "_id": 192916, "AIR_CONDITIONING_TYPE": "NONE", "AMENITIES_AVAILABLE": "Indoor pool , Outdoor rec facilities , Indoor exercise room , Sauna", "ANNUAL_FIRE_ALARM_TEST_RECORDS": "YES", "ANNUAL_FIRE_PUMP_FLOW_TEST_RECORDS": "YES", "APPROVED_FIRE_SAFETY_PLAN": "YES", "BALCONIES": "YES", "BARRIER_FREE_ACCESSIBILTY_ENTR": "YES", "BIKE_PARKING": "Not Available", "CONFIRMED_STOREYS": 17, "CONFIRMED_UNITS": 278, "DATE_OF_LAST_INSPECTION_BY_TSSA": "DEC 21, 2016", "DESCRIPTION_OF_CHILD_PLAY_AREA": null, "DESCRIPTION_OF_INDOOR_EXERCISE_ROOM": "FITNESS MACHINES AND UNIVERSAL WEIGHTS", "DESCRIPTION_OF_OUTDOOR_REC_FACILITIES": "COMMUNITY GARDEN", "ELEVATOR_PARTS_REPLACED": "COMPLETE", "ELEVATOR_STATUS": "REPLACED", "EMERG_POWER_SUPPLY_TEST_RECORDS": "YES", "EXTERIOR_FIRE_ESCAPE": "NO", "FACILITIES_AVAILABLE": "Green Bin / Organics", "FIRE_ALARM": "YES", "GARBAGE_CHUTES": "YES", "GREEN_BIN_LOCATION": "OUTASIDE", "HEATING_EQUIPMENT_STATUS": "REPLACED", "HEATING_EQUIPMENT_YEAR_INSTALLED": 2001.0, "HEATING_TYPE": "HOT WATER", "INDOOR_GARBAGE_STORAGE_AREA": "NO", "INTERCOM": "YES", "IS_THERE_A_COOLING_ROOM": "YES", "IS_THERE_EMERGENCY_POWER": "YES", "LAUNDRY_ROOM": "YES", "LAUNDRY_ROOM_HOURS_OF_OPERATION": "24", "LAUNDRY_ROOM_LOCATION": "MIAN FLOOR", "LOCKER_OR_STORAGE_ROOM": "YES", "NO_BARRIER_FREE_ACCESSBLE_UNITS": 278.0, "NO_OF_ACCESSIBLE_PARKING_SPACES": 0.0, "NO_OF_ELEVATORS": 3.0, "NO_OF_LAUNDRY_ROOM_MACHINES": 27.0, "NON_SMOKING_BUILDING": "NO", "OUTDOOR_GARBAGE_STORAGE_AREA": "YES", "PARKING_TYPE": "Underground Garage , Garage accessible thru buildg , Surface Parking", "PCODE": "M3C", "PET_RESTRICTIONS": null, "PETS_ALLOWED": "YES", "PROP_MANAGEMENT_COMPANY_NAME": "WJ PROPERTIES", "PROPERTY_TYPE": "PRIVATE", "RECYCLING_BINS_LOCATION": "OUTDSIDE", "RSN": 4154764, "SEPARATE_GAS_METERS_EACH_UNIT": "NO", "SEPARATE_HYDRO_METER_EACH_UNIT": "YES", "SEPARATE_WATER_METERS_EA_UNIT": "NO", "SITE_ADDRESS": "7  ST DENNIS DR ", "SPRINKLER_SYSTEM": "YES", "SPRINKLER_SYSTEM_TEST_RECORD": "YES", "SPRINKLER_SYSTEM_YEAR_INSTALLED": 2001.0, "TSSA_TEST_RECORDS": "NO", "VISITOR_PARKING": "FREE", "WARD": 16, "WINDOW_TYPE": "DOUBLE PANE", "YEAR_BUILT": 1968.0, "YEAR_OF_REPLACEMENT": 2003.0, "YEAR_REGISTERED": 2017.0, "NO_OF_STOREYS": null, "IS_THERE_EMERGENCY_POWER?": null, "NON-SMOKING_BUILDING": null, "NO_OF_UNITS": null, "NO_OF_ACCESSIBLEPARKING_SPACES": null, "FACILITIES_AVAILABLE?": null, "IS_THERE_A_COOLING_ROOM?": null, "NO_BARRIERFREE_ACCESSBLE_UNITS": null, "LONGITUDE": -79.3362261, "LATITUDE": 43.716007499 }, "geometry": { "type": "Point", "coordinates": [ -79.3362261, 43.716007499 ] } },
{ "type": "Feature", "properties": { "_id": 195028, "AIR_CONDITIONING_TYPE": "NONE", "AMENITIES_AVAILABLE": "Sauna", "ANNUAL_FIRE_ALARM_TEST_RECORDS": "YES", "ANNUAL_FIRE_PUMP_FLOW_TEST_RECORDS": "YES", "APPROVED_FIRE_SAFETY_PLAN": "YES", "BALCONIES": "YES", "BARRIER_FREE_ACCESSIBILTY_ENTR": "NO", "BIKE_PARKING": "Not Available", "CONFIRMED_STOREYS": 28, "CONFIRMED_UNITS": 217, "DATE_OF_LAST_INSPECTION_BY_TSSA": "OCT 31, 2016", "DESCRIPTION_OF_CHILD_PLAY_AREA": null, "DESCRIPTION_OF_INDOOR_EXERCISE_ROOM": null, "DESCRIPTION_OF_OUTDOOR_REC_FACILITIES": null, "ELEVATOR_PARTS_REPLACED": null, "ELEVATOR_STATUS": "ORIGINAL", "EMERG_POWER_SUPPLY_TEST_RECORDS": "YES", "EXTERIOR_FIRE_ESCAPE": "NO", "FACILITIES_AVAILABLE": "Recycling bins", "FIRE_ALARM": "YES", "GARBAGE_CHUTES": "YES", "GREEN_BIN_LOCATION": null, "HEATING_EQUIPMENT_STATUS": "REPLACED", "HEATING_EQUIPMENT_YEAR_INSTALLED": 1966.0, "HEATING_TYPE": "HOT WATER", "INDOOR_GARBAGE_STORAGE_AREA": "NO", "INTERCOM": "YES", "IS_THERE_A_COOLING_ROOM": "NO", "IS_THERE_EMERGENCY_POWER": "YES", "LAUNDRY_ROOM": "YES", "LAUNDRY_ROOM_HOURS_OF_OPERATION": "7AM - 12 MIDNIGHT", "LAUNDRY_ROOM_LOCATION": "BASEMENT LEVEL", "LOCKER_OR_STORAGE_ROOM": "NO", "NO_BARRIER_FREE_ACCESSBLE_UNITS": 0.0, "NO_OF_ACCESSIBLE_PARKING_SPACES": 0.0, "NO_OF_ELEVATORS": 3.0, "NO_OF_LAUNDRY_ROOM_MACHINES": 20.0, "NON_SMOKING_BUILDING": "NO", "OUTDOOR_GARBAGE_STORAGE_AREA": "YES", "PARKING_TYPE": "Underground Garage , Garage accessible thru buildg , Carport , Surface Parking", "PCODE": "M3C", "PET_RESTRICTIONS": null, "PETS_ALLOWED": "YES", "PROP_MANAGEMENT_COMPANY_NAME": "BERNADA PROPERTIES", "PROPERTY_TYPE": "PRIVATE", "RECYCLING_BINS_LOCATION": "BACK OF BUILDING", "RSN": 4154762, "SEPARATE_GAS_METERS_EACH_UNIT": "NO", "SEPARATE_HYDRO_METER_EACH_UNIT": "YES", "SEPARATE_WATER_METERS_EA_UNIT": "NO", "SITE_ADDRESS": "45  GRENOBLE DR ", "SPRINKLER_SYSTEM": "YES", "SPRINKLER_SYSTEM_TEST_RECORD": "YES", "SPRINKLER_SYSTEM_YEAR_INSTALLED": 1966.0, "TSSA_TEST_RECORDS": "YES", "VISITOR_PARKING": "FREE", "WARD": 16, "WINDOW_TYPE": "DOUBLE PANE", "YEAR_BUILT": 1966.0, "YEAR_OF_REPLACEMENT": null, "YEAR_REGISTERED": 2017.0, "NO_OF_STOREYS": null, "IS_THERE_EMERGENCY_POWER?": null, "NON-SMOKING_BUILDING": null, "NO_OF_UNITS": null, "NO_OF_ACCESSIBLEPARKING_SPACES": null, "FACILITIES_AVAILABLE?": null, "IS_THERE_A_COOLING_ROOM?": null, "NO_BARRIERFREE_ACCESSBLE_UNITS": null, "LONGITUDE": -79.330923583000001, "LATITUDE": 43.716030297000003 }, "geometry": { "type": "Point", "coordinates": [ -79.330923583, 43.716030297 ] } },
{ "type": "Feature", "properties": { "_id": 192328, "AIR_CONDITIONING_TYPE": "NONE", "AMENITIES_AVAILABLE": "Indoor pool , Indoor recreation room , Sauna", "ANNUAL_FIRE_ALARM_TEST_RECORDS": "YES", "ANNUAL_FIRE_PUMP_FLOW_TEST_RECORDS": "YES", "APPROVED_FIRE_SAFETY_PLAN": "YES", "BALCONIES": "YES", "BARRIER_FREE_ACCESSIBILTY_ENTR": "YES", "BIKE_PARKING": "Not Available", "CONFIRMED_STOREYS": 17, "CONFIRMED_UNITS": 284, "DATE_OF_LAST_INSPECTION_BY_TSSA": "MAR 15, 2017", "DESCRIPTION_OF_CHILD_PLAY_AREA": null, "DESCRIPTION_OF_INDOOR_EXERCISE_ROOM": null, "DESCRIPTION_OF_OUTDOOR_REC_FACILITIES": null, "ELEVATOR_PARTS_REPLACED": "COMPLETE", "ELEVATOR_STATUS": "REPLACED", "EMERG_POWER_SUPPLY_TEST_RECORDS": "YES", "EXTERIOR_FIRE_ESCAPE": "NO", "FACILITIES_AVAILABLE": "Green Bin / Organics", "FIRE_ALARM": "YES", "GARBAGE_CHUTES": "YES", "GREEN_BIN_LOCATION": "OUTSIDE", "HEATING_EQUIPMENT_STATUS": "REPLACED", "HEATING_EQUIPMENT_YEAR_INSTALLED": 2006.0, "HEATING_TYPE": "HOT WATER", "INDOOR_GARBAGE_STORAGE_AREA": "NO", "INTERCOM": "YES", "IS_THERE_A_COOLING_ROOM": "YES", "IS_THERE_EMERGENCY_POWER": "YES", "LAUNDRY_ROOM": "YES", "LAUNDRY_ROOM_HOURS_OF_OPERATION": "24", "LAUNDRY_ROOM_LOCATION": "MAIN FLOOR", "LOCKER_OR_STORAGE_ROOM": "YES", "NO_BARRIER_FREE_ACCESSBLE_UNITS": 284.0, "NO_OF_ACCESSIBLE_PARKING_SPACES": 0.0, "NO_OF_ELEVATORS": 3.0, "NO_OF_LAUNDRY_ROOM_MACHINES": 23.0, "NON_SMOKING_BUILDING": "NO", "OUTDOOR_GARBAGE_STORAGE_AREA": "YES", "PARKING_TYPE": "Underground Garage , Garage accessible thru buildg , Surface Parking", "PCODE": "M3C", "PET_RESTRICTIONS": null, "PETS_ALLOWED": "YES", "PROP_MANAGEMENT_COMPANY_NAME": "WJ PROPERTIES", "PROPERTY_TYPE": "PRIVATE", "RECYCLING_BINS_LOCATION": "OUTSIDE", "RSN": 4154768, "SEPARATE_GAS_METERS_EACH_UNIT": "NO", "SEPARATE_HYDRO_METER_EACH_UNIT": "YES", "SEPARATE_WATER_METERS_EA_UNIT": "NO", "SITE_ADDRESS": "10  GRENOBLE DR ", "SPRINKLER_SYSTEM": "YES", "SPRINKLER_SYSTEM_TEST_RECORD": "YES", "SPRINKLER_SYSTEM_YEAR_INSTALLED": 2013.0, "TSSA_TEST_RECORDS": "NO", "VISITOR_PARKING": "FREE", "WARD": 16, "WINDOW_TYPE": "DOUBLE PANE", "YEAR_BUILT": 1969.0, "YEAR_OF_REPLACEMENT": 2009.0, "YEAR_REGISTERED": 2017.0, "NO_OF_STOREYS": null, "IS_THERE_EMERGENCY_POWER?": null, "NON-SMOKING_BUILDING": null, "NO_OF_UNITS": null, "NO_OF_ACCESSIBLEPARKING_SPACES": null, "FACILITIES_AVAILABLE?": null, "IS_THERE_A_COOLING_ROOM?": null, "NO_BARRIERFREE_ACCESSBLE_UNITS": null, "LONGITUDE": -79.334404293999995, "LATITUDE": 43.716421355000001 }, "geometry": { "type": "Point", "coordinates": [ -79.334404294, 43.716421355 ] } },
{ "type": "Feature", "properties": { "_id": 192327, "AIR_CONDITIONING_TYPE": "NONE", "AMENITIES_AVAILABLE": null, "ANNUAL_FIRE_ALARM_TEST_RECORDS": "YES", "ANNUAL_FIRE_PUMP_FLOW_TEST_RECORDS": "YES", "APPROVED_FIRE_SAFETY_PLAN": "YES", "BALCONIES": "YES", "BARRIER_FREE_ACCESSIBILTY_ENTR": "NO", "BIKE_PARKING": "0 indoor parking spots and 8 outdoor parking spots", "CONFIRMED_STOREYS": 9, "CONFIRMED_UNITS": 109, "DATE_OF_LAST_INSPECTION_BY_TSSA": "MAY 27, 2015", "DESCRIPTION_OF_CHILD_PLAY_AREA": null, "DESCRIPTION_OF_INDOOR_EXERCISE_ROOM": null, "DESCRIPTION_OF_OUTDOOR_REC_FACILITIES": null, "ELEVATOR_PARTS_REPLACED": "MECHANICAL ELEVATOR MODERNIZATION AND CAB INTERIOR", "ELEVATOR_STATUS": "REPLACED", "EMERG_POWER_SUPPLY_TEST_RECORDS": "YES", "EXTERIOR_FIRE_ESCAPE": "NO", "FACILITIES_AVAILABLE": "Green Bin / Organics", "FIRE_ALARM": "YES", "GARBAGE_CHUTES": "YES", "GREEN_BIN_LOCATION": "REAR OF BUILDING WEST SIDE", "HEATING_EQUIPMENT_STATUS": "REPLACED", "HEATING_EQUIPMENT_YEAR_INSTALLED": 2005.0, "HEATING_TYPE": "HOT WATER", "INDOOR_GARBAGE_STORAGE_AREA": "NO", "INTERCOM": "YES", "IS_THERE_A_COOLING_ROOM": "NO", "IS_THERE_EMERGENCY_POWER": "YES", "LAUNDRY_ROOM": "YES", "LAUNDRY_ROOM_HOURS_OF_OPERATION": "8 AM TO 10 PM", "LAUNDRY_ROOM_LOCATION": "MAIN FLOOR", "LOCKER_OR_STORAGE_ROOM": "YES", "NO_BARRIER_FREE_ACCESSBLE_UNITS": 0.0, "NO_OF_ACCESSIBLE_PARKING_SPACES": 0.0, "NO_OF_ELEVATORS": 2.0, "NO_OF_LAUNDRY_ROOM_MACHINES": 12.0, "NON_SMOKING_BUILDING": "NO", "OUTDOOR_GARBAGE_STORAGE_AREA": "YES", "PARKING_TYPE": "Underground Garage , Surface Parking", "PCODE": "M3C", "PET_RESTRICTIONS": "AS PER LEASING AGREEMENT", "PETS_ALLOWED": "YES", "PROP_MANAGEMENT_COMPANY_NAME": "BRIARLANE RENTAL PROPERTY MANAGEMENT INC.", "PROPERTY_TYPE": "PRIVATE", "RECYCLING_BINS_LOCATION": "REAR OF BUILDING WEST SIDE", "RSN": 4221322, "SEPARATE_GAS_METERS_EACH_UNIT": "NO", "SEPARATE_HYDRO_METER_EACH_UNIT": "YES", "SEPARATE_WATER_METERS_EA_UNIT": "NO", "SITE_ADDRESS": "48  GRENOBLE DR ", "SPRINKLER_SYSTEM": "YES", "SPRINKLER_SYSTEM_TEST_RECORD": "YES", "SPRINKLER_SYSTEM_YEAR_INSTALLED": 1968.0, "TSSA_TEST_RECORDS": "YES", "VISITOR_PARKING": "FREE", "WARD": 16, "WINDOW_TYPE": "DOUBLE PANE", "YEAR_BUILT": 1968.0, "YEAR_OF_REPLACEMENT": 2008.0, "YEAR_REGISTERED": 2017.0, "NO_OF_STOREYS": null, "IS_THERE_EMERGENCY_POWER?": null, "NON-SMOKING_BUILDING": null, "NO_OF_UNITS": null, "NO_OF_ACCESSIBLEPARKING_SPACES": null, "FACILITIES_AVAILABLE?": null, "IS_THERE_A_COOLING_ROOM?": null, "NO_BARRIERFREE_ACCESSBLE_UNITS": null, "LONGITUDE": -79.331308961000005, "LATITUDE": 43.716768049000002 }, "geometry": { "type": "Point", "coordinates": [ -79.331308961, 43.716768049 ] } },
{ "type": "Feature", "properties": { "_id": 193334, "AIR_CONDITIONING_TYPE": "NONE", "AMENITIES_AVAILABLE": null, "ANNUAL_FIRE_ALARM_TEST_RECORDS": "YES", "ANNUAL_FIRE_PUMP_FLOW_TEST_RECORDS": "YES", "APPROVED_FIRE_SAFETY_PLAN": "YES", "BALCONIES": "YES", "BARRIER_FREE_ACCESSIBILTY_ENTR": "NO", "BIKE_PARKING": "Not Available", "CONFIRMED_STOREYS": 9, "CONFIRMED_UNITS": 151, "DATE_OF_LAST_INSPECTION_BY_TSSA": "SEP 18, 2015", "DESCRIPTION_OF_CHILD_PLAY_AREA": null, "DESCRIPTION_OF_INDOOR_EXERCISE_ROOM": null, "DESCRIPTION_OF_OUTDOOR_REC_FACILITIES": null, "ELEVATOR_PARTS_REPLACED": "MECHANICAL ELEVATOR MODERNIZATION AND CAB INTERIOR", "ELEVATOR_STATUS": "REPLACED", "EMERG_POWER_SUPPLY_TEST_RECORDS": "YES", "EXTERIOR_FIRE_ESCAPE": "NO", "FACILITIES_AVAILABLE": "Green Bin / Organics", "FIRE_ALARM": "YES", "GARBAGE_CHUTES": "YES", "GREEN_BIN_LOCATION": "NW SIDE OF BUILDING NEAR RAMP", "HEATING_EQUIPMENT_STATUS": "REPLACED", "HEATING_EQUIPMENT_YEAR_INSTALLED": 1960.0, "HEATING_TYPE": "HOT WATER", "INDOOR_GARBAGE_STORAGE_AREA": "NO", "INTERCOM": "YES", "IS_THERE_A_COOLING_ROOM": "NO", "IS_THERE_EMERGENCY_POWER": "YES", "LAUNDRY_ROOM": "YES", "LAUNDRY_ROOM_HOURS_OF_OPERATION": "24/7", "LAUNDRY_ROOM_LOCATION": "FLOORS 2 THROUGH 8", "LOCKER_OR_STORAGE_ROOM": "NO", "NO_BARRIER_FREE_ACCESSBLE_UNITS": 0.0, "NO_OF_ACCESSIBLE_PARKING_SPACES": 0.0, "NO_OF_ELEVATORS": 2.0, "NO_OF_LAUNDRY_ROOM_MACHINES": 14.0, "NON_SMOKING_BUILDING": "NO", "OUTDOOR_GARBAGE_STORAGE_AREA": "YES", "PARKING_TYPE": "Underground Garage , Garage accessible thru buildg , Surface Parking", "PCODE": "M3C", "PET_RESTRICTIONS": "AS PER LEASE AGREEMENT", "PETS_ALLOWED": "YES", "PROP_MANAGEMENT_COMPANY_NAME": "BRIARLANE RENTAL PROPERTY MANAGEMENT INC.", "PROPERTY_TYPE": "PRIVATE", "RECYCLING_BINS_LOCATION": "NW SIDE OF BUILDING NEAR RAMP", "RSN": 4154761, "SEPARATE_GAS_METERS_EACH_UNIT": "NO", "SEPARATE_HYDRO_METER_EACH_UNIT": "YES", "SEPARATE_WATER_METERS_EA_UNIT": "NO", "SITE_ADDRESS": "1  DEAUVILLE LANE ", "SPRINKLER_SYSTEM": "YES", "SPRINKLER_SYSTEM_TEST_RECORD": "YES", "SPRINKLER_SYSTEM_YEAR_INSTALLED": 1960.0, "TSSA_TEST_RECORDS": "YES", "VISITOR_PARKING": "FREE", "WARD": 16, "WINDOW_TYPE": "DOUBLE PANE", "YEAR_BUILT": 1960.0, "YEAR_OF_REPLACEMENT": 2015.0, "YEAR_REGISTERED": 2017.0, "NO_OF_STOREYS": null, "IS_THERE_EMERGENCY_POWER?": null, "NON-SMOKING_BUILDING": null, "NO_OF_UNITS": null, "NO_OF_ACCESSIBLEPARKING_SPACES": null, "FACILITIES_AVAILABLE?": null, "IS_THERE_A_COOLING_ROOM?": null, "NO_BARRIERFREE_ACCESSBLE_UNITS": null, "LONGITUDE": -79.33008018, "LATITUDE": 43.717046695000001 }, "geometry": { "type": "Point", "coordinates": [ -79.33008018, 43.717046695 ] } },
{ "type": "Feature", "properties": { "_id": 195030, "AIR_CONDITIONING_TYPE": "NONE", "AMENITIES_AVAILABLE": "Indoor pool", "ANNUAL_FIRE_ALARM_TEST_RECORDS": "YES", "ANNUAL_FIRE_PUMP_FLOW_TEST_RECORDS": "YES", "APPROVED_FIRE_SAFETY_PLAN": "YES", "BALCONIES": "YES", "BARRIER_FREE_ACCESSIBILTY_ENTR": "YES", "BIKE_PARKING": "Not Available", "CONFIRMED_STOREYS": 17, "CONFIRMED_UNITS": 297, "DATE_OF_LAST_INSPECTION_BY_TSSA": "SEP 11, 2018", "DESCRIPTION_OF_CHILD_PLAY_AREA": null, "DESCRIPTION_OF_INDOOR_EXERCISE_ROOM": null, "DESCRIPTION_OF_OUTDOOR_REC_FACILITIES": null, "ELEVATOR_PARTS_REPLACED": "COMPLETE MODERNIZATION", "ELEVATOR_STATUS": "REPLACED", "EMERG_POWER_SUPPLY_TEST_RECORDS": "YES", "EXTERIOR_FIRE_ESCAPE": "NO", "FACILITIES_AVAILABLE": "Recycling bins", "FIRE_ALARM": "YES", "GARBAGE_CHUTES": "YES", "GREEN_BIN_LOCATION": null, "HEATING_EQUIPMENT_STATUS": "REPLACED", "HEATING_EQUIPMENT_YEAR_INSTALLED": 2015.0, "HEATING_TYPE": "HOT WATER", "INDOOR_GARBAGE_STORAGE_AREA": "NO", "INTERCOM": "YES", "IS_THERE_A_COOLING_ROOM": "YES", "IS_THERE_EMERGENCY_POWER": "YES", "LAUNDRY_ROOM": "YES", "LAUNDRY_ROOM_HOURS_OF_OPERATION": "24 HOURS", "LAUNDRY_ROOM_LOCATION": "MAIN FLOOR", "LOCKER_OR_STORAGE_ROOM": "NO", "NO_BARRIER_FREE_ACCESSBLE_UNITS": 0.0, "NO_OF_ACCESSIBLE_PARKING_SPACES": 2.0, "NO_OF_ELEVATORS": 3.0, "NO_OF_LAUNDRY_ROOM_MACHINES": 15.0, "NON_SMOKING_BUILDING": "NO", "OUTDOOR_GARBAGE_STORAGE_AREA": "YES", "PARKING_TYPE": "Underground Garage , Garage accessible thru buildg , Surface Parking", "PCODE": "M3C", "PET_RESTRICTIONS": "NONE", "PETS_ALLOWED": "YES", "PROP_MANAGEMENT_COMPANY_NAME": "25 ST. DENNIS INC - TORONTO, ON", "PROPERTY_TYPE": "PRIVATE", "RECYCLING_BINS_LOCATION": "BACK OF BUILDING", "RSN": 4154765, "SEPARATE_GAS_METERS_EACH_UNIT": "NO", "SEPARATE_HYDRO_METER_EACH_UNIT": "YES", "SEPARATE_WATER_METERS_EA_UNIT": "NO", "SITE_ADDRESS": "25  ST DENNIS DR ", "SPRINKLER_SYSTEM": "YES", "SPRINKLER_SYSTEM_TEST_RECORD": "YES", "SPRINKLER_SYSTEM_YEAR_INSTALLED": 2023.0, "TSSA_TEST_RECORDS": "NO", "VISITOR_PARKING": "UNAVAILABLE", "WARD": 16, "WINDOW_TYPE": "DOUBLE PANE", "YEAR_BUILT": 1967.0, "YEAR_OF_REPLACEMENT": 2010.0, "YEAR_REGISTERED": 2017.0, "NO_OF_STOREYS": null, "IS_THERE_EMERGENCY_POWER?": null, "NON-SMOKING_BUILDING": null, "NO_OF_UNITS": null, "NO_OF_ACCESSIBLEPARKING_SPACES": null, "FACILITIES_AVAILABLE?": null, "IS_THERE_A_COOLING_ROOM?": null, "NO_BARRIERFREE_ACCESSBLE_UNITS": null, "LONGITUDE": -79.332997055000007, "LATITUDE": 43.717178708 }, "geometry": { "type": "Point", "coordinates": [ -79.332997055, 43.717178708 ] } },
{ "type": "Feature", "properties": { "_id": 194949, "AIR_CONDITIONING_TYPE": "NONE", "AMENITIES_AVAILABLE": null, "ANNUAL_FIRE_ALARM_TEST_RECORDS": "YES", "ANNUAL_FIRE_PUMP_FLOW_TEST_RECORDS": "YES", "APPROVED_FIRE_SAFETY_PLAN": "YES", "BALCONIES": "YES", "BARRIER_FREE_ACCESSIBILTY_ENTR": "NO", "BIKE_PARKING": "Not Available", "CONFIRMED_STOREYS": 9, "CONFIRMED_UNITS": 325, "DATE_OF_LAST_INSPECTION_BY_TSSA": "JAN 3, 2017", "DESCRIPTION_OF_CHILD_PLAY_AREA": null, "DESCRIPTION_OF_INDOOR_EXERCISE_ROOM": null, "DESCRIPTION_OF_OUTDOOR_REC_FACILITIES": null, "ELEVATOR_PARTS_REPLACED": "COMPONENT CONTROLS & MACHINES REPLACED INSIDE CAR. RENOVATED HOIST & TRAVELLING ROPES CHANGED.", "ELEVATOR_STATUS": "REPLACED", "EMERG_POWER_SUPPLY_TEST_RECORDS": "YES", "EXTERIOR_FIRE_ESCAPE": null, "FACILITIES_AVAILABLE": "Green Bin / Organics", "FIRE_ALARM": null, "GARBAGE_CHUTES": "YES", "GREEN_BIN_LOCATION": "OUTSIDE", "HEATING_EQUIPMENT_STATUS": "ORIGINAL", "HEATING_EQUIPMENT_YEAR_INSTALLED": null, "HEATING_TYPE": "HOT WATER", "INDOOR_GARBAGE_STORAGE_AREA": null, "INTERCOM": "YES", "IS_THERE_A_COOLING_ROOM": "NO", "IS_THERE_EMERGENCY_POWER": "YES", "LAUNDRY_ROOM": "YES", "LAUNDRY_ROOM_HOURS_OF_OPERATION": "8 A.M. - 9 P.M.", "LAUNDRY_ROOM_LOCATION": "1ST FLOOR", "LOCKER_OR_STORAGE_ROOM": "NO", "NO_BARRIER_FREE_ACCESSBLE_UNITS": null, "NO_OF_ACCESSIBLE_PARKING_SPACES": 340.0, "NO_OF_ELEVATORS": 4.0, "NO_OF_LAUNDRY_ROOM_MACHINES": 32.0, "NON_SMOKING_BUILDING": null, "OUTDOOR_GARBAGE_STORAGE_AREA": "YES", "PARKING_TYPE": "Underground Garage , Surface Parking", "PCODE": "M3C", "PET_RESTRICTIONS": null, "PETS_ALLOWED": "YES", "PROP_MANAGEMENT_COMPANY_NAME": "10-12 ST DENNIS DRIVE LTD", "PROPERTY_TYPE": "PRIVATE", "RECYCLING_BINS_LOCATION": "OUTSIDE", "RSN": 4156740, "SEPARATE_GAS_METERS_EACH_UNIT": "NO", "SEPARATE_HYDRO_METER_EACH_UNIT": "YES", "SEPARATE_WATER_METERS_EA_UNIT": "NO", "SITE_ADDRESS": "10  ST DENNIS DR ", "SPRINKLER_SYSTEM": "YES", "SPRINKLER_SYSTEM_TEST_RECORD": "YES", "SPRINKLER_SYSTEM_YEAR_INSTALLED": null, "TSSA_TEST_RECORDS": "YES", "VISITOR_PARKING": "FREE", "WARD": 16, "WINDOW_TYPE": "DOUBLE PANE", "YEAR_BUILT": 1967.0, "YEAR_OF_REPLACEMENT": 2010.0, "YEAR_REGISTERED": 2017.0, "NO_OF_STOREYS": null, "IS_THERE_EMERGENCY_POWER?": null, "NON-SMOKING_BUILDING": null, "NO_OF_UNITS": null, "NO_OF_ACCESSIBLEPARKING_SPACES": null, "FACILITIES_AVAILABLE?": null, "IS_THERE_A_COOLING_ROOM?": null, "NO_BARRIERFREE_ACCESSBLE_UNITS": null, "LONGITUDE": -79.336050418, "LATITUDE": 43.717205556000003 }, "geometry": { "type": "Point", "coordinates": [ -79.336050418, 43.717205556 ] } },
{ "type": "Feature", "properties": { "_id": 193970, "AIR_CONDITIONING_TYPE": "NONE", "AMENITIES_AVAILABLE": null, "ANNUAL_FIRE_ALARM_TEST_RECORDS": "NO", "ANNUAL_FIRE_PUMP_FLOW_TEST_RECORDS": "NO", "APPROVED_FIRE_SAFETY_PLAN": "YES", "BALCONIES": "YES", "BARRIER_FREE_ACCESSIBILTY_ENTR": "NO", "BIKE_PARKING": "0 indoor parking spots and 4 outdoor parking spots", "CONFIRMED_STOREYS": 4, "CONFIRMED_UNITS": 60, "DATE_OF_LAST_INSPECTION_BY_TSSA": "NOV 14, 2016", "DESCRIPTION_OF_CHILD_PLAY_AREA": null, "DESCRIPTION_OF_INDOOR_EXERCISE_ROOM": null, "DESCRIPTION_OF_OUTDOOR_REC_FACILITIES": null, "ELEVATOR_PARTS_REPLACED": "ALL", "ELEVATOR_STATUS": "REPLACED", "EMERG_POWER_SUPPLY_TEST_RECORDS": null, "EXTERIOR_FIRE_ESCAPE": "NO", "FACILITIES_AVAILABLE": "Recycling bins", "FIRE_ALARM": "YES", "GARBAGE_CHUTES": "NO", "GREEN_BIN_LOCATION": null, "HEATING_EQUIPMENT_STATUS": "REPLACED", "HEATING_EQUIPMENT_YEAR_INSTALLED": 2009.0, "HEATING_TYPE": "HOT WATER", "INDOOR_GARBAGE_STORAGE_AREA": "NO", "INTERCOM": "YES", "IS_THERE_A_COOLING_ROOM": "NO", "IS_THERE_EMERGENCY_POWER": "NO", "LAUNDRY_ROOM": "YES", "LAUNDRY_ROOM_HOURS_OF_OPERATION": "24 HOURS", "LAUNDRY_ROOM_LOCATION": "GROUND FLOOR", "LOCKER_OR_STORAGE_ROOM": "YES", "NO_BARRIER_FREE_ACCESSBLE_UNITS": 0.0, "NO_OF_ACCESSIBLE_PARKING_SPACES": 73.0, "NO_OF_ELEVATORS": 1.0, "NO_OF_LAUNDRY_ROOM_MACHINES": 6.0, "NON_SMOKING_BUILDING": "YES", "OUTDOOR_GARBAGE_STORAGE_AREA": "YES", "PARKING_TYPE": "Ground Level Garage , Surface Parking", "PCODE": "M4A", "PET_RESTRICTIONS": null, "PETS_ALLOWED": "YES", "PROP_MANAGEMENT_COMPANY_NAME": null, "PROPERTY_TYPE": "PRIVATE", "RECYCLING_BINS_LOCATION": "REAR OF BUILDING", "RSN": 4154859, "SEPARATE_GAS_METERS_EACH_UNIT": "NO", "SEPARATE_HYDRO_METER_EACH_UNIT": "YES", "SEPARATE_WATER_METERS_EA_UNIT": "NO", "SITE_ADDRESS": "22  TINDER CRES ", "SPRINKLER_SYSTEM": "NO", "SPRINKLER_SYSTEM_TEST_RECORD": null, "SPRINKLER_SYSTEM_YEAR_INSTALLED": null, "TSSA_TEST_RECORDS": "NO", "VISITOR_PARKING": "FREE", "WARD": 16, "WINDOW_TYPE": "DOUBLE PANE", "YEAR_BUILT": 1964.0, "YEAR_OF_REPLACEMENT": 2016.0, "YEAR_REGISTERED": 2017.0, "NO_OF_STOREYS": null, "IS_THERE_EMERGENCY_POWER?": null, "NON-SMOKING_BUILDING": null, "NO_OF_UNITS": null, "NO_OF_ACCESSIBLEPARKING_SPACES": null, "FACILITIES_AVAILABLE?": null, "IS_THERE_A_COOLING_ROOM?": null, "NO_BARRIERFREE_ACCESSBLE_UNITS": null, "LONGITUDE": -79.3091895206, "LATITUDE": 43.7264501298 }, "geometry": { "type": "Point", "coordinates": [ -79.3091895206, 43.7264501298 ] } },
{ "type": "Feature", "properties": { "_id": 193347, "AIR_CONDITIONING_TYPE": "NONE", "AMENITIES_AVAILABLE": null, "ANNUAL_FIRE_ALARM_TEST_RECORDS": "NO", "ANNUAL_FIRE_PUMP_FLOW_TEST_RECORDS": "NO", "APPROVED_FIRE_SAFETY_PLAN": "YES", "BALCONIES": "YES", "BARRIER_FREE_ACCESSIBILTY_ENTR": "NO", "BIKE_PARKING": "Not Available", "CONFIRMED_STOREYS": 4, "CONFIRMED_UNITS": 61, "DATE_OF_LAST_INSPECTION_BY_TSSA": "JUN 8, 2016", "DESCRIPTION_OF_CHILD_PLAY_AREA": null, "DESCRIPTION_OF_INDOOR_EXERCISE_ROOM": null, "DESCRIPTION_OF_OUTDOOR_REC_FACILITIES": null, "ELEVATOR_PARTS_REPLACED": "FULL MECHANICAL AND CAB UPGRADE", "ELEVATOR_STATUS": "REPLACED", "EMERG_POWER_SUPPLY_TEST_RECORDS": "NO", "EXTERIOR_FIRE_ESCAPE": "NO", "FACILITIES_AVAILABLE": "Green Bin / Organics", "FIRE_ALARM": "YES", "GARBAGE_CHUTES": "NO", "GREEN_BIN_LOCATION": "BACK OF BUILDING ", "HEATING_EQUIPMENT_STATUS": "REPLACED", "HEATING_EQUIPMENT_YEAR_INSTALLED": 2000.0, "HEATING_TYPE": "HOT WATER", "INDOOR_GARBAGE_STORAGE_AREA": "NO", "INTERCOM": "YES", "IS_THERE_A_COOLING_ROOM": "NO", "IS_THERE_EMERGENCY_POWER": "YES", "LAUNDRY_ROOM": "YES", "LAUNDRY_ROOM_HOURS_OF_OPERATION": "8AM-10PM", "LAUNDRY_ROOM_LOCATION": "GROUND FLOOR", "LOCKER_OR_STORAGE_ROOM": "NO", "NO_BARRIER_FREE_ACCESSBLE_UNITS": 0.0, "NO_OF_ACCESSIBLE_PARKING_SPACES": 0.0, "NO_OF_ELEVATORS": 1.0, "NO_OF_LAUNDRY_ROOM_MACHINES": 6.0, "NON_SMOKING_BUILDING": "NO", "OUTDOOR_GARBAGE_STORAGE_AREA": "YES", "PARKING_TYPE": "Ground Level Garage , Surface Parking", "PCODE": "M4A", "PET_RESTRICTIONS": "AS LISTED ON LEASE", "PETS_ALLOWED": "YES", "PROP_MANAGEMENT_COMPANY_NAME": "BRIARLANE RENTAL PROPERTY MANAGEMENT INC.", "PROPERTY_TYPE": "PRIVATE", "RECYCLING_BINS_LOCATION": "BACK OF BUILDING ", "RSN": 4154891, "SEPARATE_GAS_METERS_EACH_UNIT": "NO", "SEPARATE_HYDRO_METER_EACH_UNIT": "YES", "SEPARATE_WATER_METERS_EA_UNIT": "NO", "SITE_ADDRESS": "2  SWIFT DR ", "SPRINKLER_SYSTEM": "NO", "SPRINKLER_SYSTEM_TEST_RECORD": null, "SPRINKLER_SYSTEM_YEAR_INSTALLED": null, "TSSA_TEST_RECORDS": "YES", "VISITOR_PARKING": "UNAVAILABLE", "WARD": 16, "WINDOW_TYPE": "DOUBLE PANE", "YEAR_BUILT": 1958.0, "YEAR_OF_REPLACEMENT": 2007.0, "YEAR_REGISTERED": 2017.0, "NO_OF_STOREYS": null, "IS_THERE_EMERGENCY_POWER?": null, "NON-SMOKING_BUILDING": null, "NO_OF_UNITS": null, "NO_OF_ACCESSIBLEPARKING_SPACES": null, "FACILITIES_AVAILABLE?": null, "IS_THERE_A_COOLING_ROOM?": null, "NO_BARRIERFREE_ACCESSBLE_UNITS": null, "LONGITUDE": -79.319188362099993, "LATITUDE": 43.726549517400002 }, "geometry": { "type": "Point", "coordinates": [ -79.319188362099993, 43.726549517400002 ] } },
{ "type": "Feature", "properties": { "_id": 195088, "AIR_CONDITIONING_TYPE": "NONE", "AMENITIES_AVAILABLE": "Outdoor rec facilities , Child play area", "ANNUAL_FIRE_ALARM_TEST_RECORDS": "NO", "ANNUAL_FIRE_PUMP_FLOW_TEST_RECORDS": "NO", "APPROVED_FIRE_SAFETY_PLAN": "YES", "BALCONIES": "YES", "BARRIER_FREE_ACCESSIBILTY_ENTR": "YES", "BIKE_PARKING": "0 indoor parking spots and 10 outdoor parking spots", "CONFIRMED_STOREYS": 4, "CONFIRMED_UNITS": 60, "DATE_OF_LAST_INSPECTION_BY_TSSA": "DEC 4, 2017", "DESCRIPTION_OF_CHILD_PLAY_AREA": "SWINGS AND SEA SAWS", "DESCRIPTION_OF_INDOOR_EXERCISE_ROOM": null, "DESCRIPTION_OF_OUTDOOR_REC_FACILITIES": "PLAYGROUND", "ELEVATOR_PARTS_REPLACED": null, "ELEVATOR_STATUS": "ORIGINAL", "EMERG_POWER_SUPPLY_TEST_RECORDS": null, "EXTERIOR_FIRE_ESCAPE": "NO", "FACILITIES_AVAILABLE": "Recycling bins", "FIRE_ALARM": "YES", "GARBAGE_CHUTES": "NO", "GREEN_BIN_LOCATION": null, "HEATING_EQUIPMENT_STATUS": "REPLACED", "HEATING_EQUIPMENT_YEAR_INSTALLED": 2009.0, "HEATING_TYPE": "HOT WATER", "INDOOR_GARBAGE_STORAGE_AREA": "NO", "INTERCOM": "YES", "IS_THERE_A_COOLING_ROOM": "NO", "IS_THERE_EMERGENCY_POWER": "NO", "LAUNDRY_ROOM": "YES", "LAUNDRY_ROOM_HOURS_OF_OPERATION": "24 HOURS", "LAUNDRY_ROOM_LOCATION": "MAIN FLOOR", "LOCKER_OR_STORAGE_ROOM": "YES", "NO_BARRIER_FREE_ACCESSBLE_UNITS": 0.0, "NO_OF_ACCESSIBLE_PARKING_SPACES": 0.0, "NO_OF_ELEVATORS": 1.0, "NO_OF_LAUNDRY_ROOM_MACHINES": 6.0, "NON_SMOKING_BUILDING": "YES", "OUTDOOR_GARBAGE_STORAGE_AREA": "YES", "PARKING_TYPE": "Ground Level Garage , Garage accessible thru buildg , Surface Parking", "PCODE": "M4A", "PET_RESTRICTIONS": null, "PETS_ALLOWED": "YES", "PROP_MANAGEMENT_COMPANY_NAME": "AKELIUS CANADA LTD", "PROPERTY_TYPE": "PRIVATE", "RECYCLING_BINS_LOCATION": "BEHIND THE BUILDING, CLOSE TO PLAYGROUND", "RSN": 4154890, "SEPARATE_GAS_METERS_EACH_UNIT": "NO", "SEPARATE_HYDRO_METER_EACH_UNIT": "YES", "SEPARATE_WATER_METERS_EA_UNIT": "NO", "SITE_ADDRESS": "55  ECCLESTON DR ", "SPRINKLER_SYSTEM": "YES", "SPRINKLER_SYSTEM_TEST_RECORD": "YES", "SPRINKLER_SYSTEM_YEAR_INSTALLED": 1960.0, "TSSA_TEST_RECORDS": "YES", "VISITOR_PARKING": "UNAVAILABLE", "WARD": 16, "WINDOW_TYPE": "DOUBLE PANE", "YEAR_BUILT": 1960.0, "YEAR_OF_REPLACEMENT": null, "YEAR_REGISTERED": 2017.0, "NO_OF_STOREYS": null, "IS_THERE_EMERGENCY_POWER?": null, "NON-SMOKING_BUILDING": null, "NO_OF_UNITS": null, "NO_OF_ACCESSIBLEPARKING_SPACES": null, "FACILITIES_AVAILABLE?": null, "IS_THERE_A_COOLING_ROOM?": null, "NO_BARRIERFREE_ACCESSBLE_UNITS": null, "LONGITUDE": -79.31980992, "LATITUDE": 43.726552796999997 }, "geometry": { "type": "Point", "coordinates": [ -79.31980992, 43.726552797 ] } },
{ "type": "Feature", "properties": { "_id": 194575, "AIR_CONDITIONING_TYPE": "NONE", "AMENITIES_AVAILABLE": null, "ANNUAL_FIRE_ALARM_TEST_RECORDS": "YES", "ANNUAL_FIRE_PUMP_FLOW_TEST_RECORDS": "YES", "APPROVED_FIRE_SAFETY_PLAN": "YES", "BALCONIES": "YES", "BARRIER_FREE_ACCESSIBILTY_ENTR": "NO", "BIKE_PARKING": "Not Available", "CONFIRMED_STOREYS": 4, "CONFIRMED_UNITS": 60, "DATE_OF_LAST_INSPECTION_BY_TSSA": "OCT 15, 2021", "DESCRIPTION_OF_CHILD_PLAY_AREA": null, "DESCRIPTION_OF_INDOOR_EXERCISE_ROOM": null, "DESCRIPTION_OF_OUTDOOR_REC_FACILITIES": null, "ELEVATOR_PARTS_REPLACED": "FULL MODERNIZATION", "ELEVATOR_STATUS": "REPLACED", "EMERG_POWER_SUPPLY_TEST_RECORDS": null, "EXTERIOR_FIRE_ESCAPE": "NO", "FACILITIES_AVAILABLE": "Green Bin / Organics", "FIRE_ALARM": "YES", "GARBAGE_CHUTES": "YES", "GREEN_BIN_LOCATION": "REAR OF BUILDING", "HEATING_EQUIPMENT_STATUS": "REPLACED", "HEATING_EQUIPMENT_YEAR_INSTALLED": 2017.0, "HEATING_TYPE": "HOT WATER", "INDOOR_GARBAGE_STORAGE_AREA": "NO", "INTERCOM": "YES", "IS_THERE_A_COOLING_ROOM": "NO", "IS_THERE_EMERGENCY_POWER": "NO", "LAUNDRY_ROOM": "YES", "LAUNDRY_ROOM_HOURS_OF_OPERATION": "8AM-10PM", "LAUNDRY_ROOM_LOCATION": "GROUND FLOOR", "LOCKER_OR_STORAGE_ROOM": "YES", "NO_BARRIER_FREE_ACCESSBLE_UNITS": 0.0, "NO_OF_ACCESSIBLE_PARKING_SPACES": 0.0, "NO_OF_ELEVATORS": 1.0, "NO_OF_LAUNDRY_ROOM_MACHINES": 6.0, "NON_SMOKING_BUILDING": "YES", "OUTDOOR_GARBAGE_STORAGE_AREA": "YES", "PARKING_TYPE": "Ground Level Garage , Surface Parking", "PCODE": "M4A", "PET_RESTRICTIONS": null, "PETS_ALLOWED": "YES", "PROP_MANAGEMENT_COMPANY_NAME": "PINEDALE PROPERTIES LTD", "PROPERTY_TYPE": "PRIVATE", "RECYCLING_BINS_LOCATION": "REAR OF BUILDING", "RSN": 4154876, "SEPARATE_GAS_METERS_EACH_UNIT": "NO", "SEPARATE_HYDRO_METER_EACH_UNIT": "YES", "SEPARATE_WATER_METERS_EA_UNIT": "NO", "SITE_ADDRESS": "26  SLOANE AVE ", "SPRINKLER_SYSTEM": "YES", "SPRINKLER_SYSTEM_TEST_RECORD": "YES", "SPRINKLER_SYSTEM_YEAR_INSTALLED": 1960.0, "TSSA_TEST_RECORDS": "YES", "VISITOR_PARKING": "FREE", "WARD": 16, "WINDOW_TYPE": "DOUBLE PANE", "YEAR_BUILT": 1960.0, "YEAR_OF_REPLACEMENT": 2017.0, "YEAR_REGISTERED": 2017.0, "NO_OF_STOREYS": null, "IS_THERE_EMERGENCY_POWER?": null, "NON-SMOKING_BUILDING": null, "NO_OF_UNITS": null, "NO_OF_ACCESSIBLEPARKING_SPACES": null, "FACILITIES_AVAILABLE?": null, "IS_THERE_A_COOLING_ROOM?": null, "NO_BARRIERFREE_ACCESSBLE_UNITS": null, "LONGITUDE": -79.314241797999998, "LATITUDE": 43.726666465000001 }, "geometry": { "type": "Point", "coordinates": [ -79.314241798, 43.726666465 ] } },
{ "type": "Feature", "properties": { "_id": 193345, "AIR_CONDITIONING_TYPE": "INDIVIDUAL UNITS", "AMENITIES_AVAILABLE": null, "ANNUAL_FIRE_ALARM_TEST_RECORDS": "YES", "ANNUAL_FIRE_PUMP_FLOW_TEST_RECORDS": "YES", "APPROVED_FIRE_SAFETY_PLAN": "YES", "BALCONIES": "YES", "BARRIER_FREE_ACCESSIBILTY_ENTR": "YES", "BIKE_PARKING": "Not Available", "CONFIRMED_STOREYS": 5, "CONFIRMED_UNITS": 61, "DATE_OF_LAST_INSPECTION_BY_TSSA": "APR 28, 2015", "DESCRIPTION_OF_CHILD_PLAY_AREA": null, "DESCRIPTION_OF_INDOOR_EXERCISE_ROOM": null, "DESCRIPTION_OF_OUTDOOR_REC_FACILITIES": null, "ELEVATOR_PARTS_REPLACED": "THE WHOLE ELEVATOR", "ELEVATOR_STATUS": "REPLACED", "EMERG_POWER_SUPPLY_TEST_RECORDS": null, "EXTERIOR_FIRE_ESCAPE": "YES", "FACILITIES_AVAILABLE": "Unknown", "FIRE_ALARM": "YES", "GARBAGE_CHUTES": "NO", "GREEN_BIN_LOCATION": null, "HEATING_EQUIPMENT_STATUS": "ORIGINAL", "HEATING_EQUIPMENT_YEAR_INSTALLED": 1959.0, "HEATING_TYPE": "HOT WATER", "INDOOR_GARBAGE_STORAGE_AREA": "NO", "INTERCOM": "NO", "IS_THERE_A_COOLING_ROOM": "NO", "IS_THERE_EMERGENCY_POWER": "NO", "LAUNDRY_ROOM": "YES", "LAUNDRY_ROOM_HOURS_OF_OPERATION": "24 HOURS", "LAUNDRY_ROOM_LOCATION": "GROUND LEVEL", "LOCKER_OR_STORAGE_ROOM": "YES", "NO_BARRIER_FREE_ACCESSBLE_UNITS": 61.0, "NO_OF_ACCESSIBLE_PARKING_SPACES": 53.0, "NO_OF_ELEVATORS": 1.0, "NO_OF_LAUNDRY_ROOM_MACHINES": 8.0, "NON_SMOKING_BUILDING": "NO", "OUTDOOR_GARBAGE_STORAGE_AREA": "YES", "PARKING_TYPE": "Ground Level Garage , Surface Parking", "PCODE": "M4A", "PET_RESTRICTIONS": null, "PETS_ALLOWED": "YES", "PROP_MANAGEMENT_COMPANY_NAME": "IMPERRA GENERAL MANAGEMENT", "PROPERTY_TYPE": "PRIVATE", "RECYCLING_BINS_LOCATION": null, "RSN": 4154869, "SEPARATE_GAS_METERS_EACH_UNIT": "NO", "SEPARATE_HYDRO_METER_EACH_UNIT": "YES", "SEPARATE_WATER_METERS_EA_UNIT": "NO", "SITE_ADDRESS": "3  SWIFT DR ", "SPRINKLER_SYSTEM": "NO", "SPRINKLER_SYSTEM_TEST_RECORD": null, "SPRINKLER_SYSTEM_YEAR_INSTALLED": null, "TSSA_TEST_RECORDS": "NO", "VISITOR_PARKING": "UNAVAILABLE", "WARD": 16, "WINDOW_TYPE": "DOUBLE PANE", "YEAR_BUILT": 1960.0, "YEAR_OF_REPLACEMENT": 2000.0, "YEAR_REGISTERED": 2017.0, "NO_OF_STOREYS": null, "IS_THERE_EMERGENCY_POWER?": null, "NON-SMOKING_BUILDING": null, "NO_OF_UNITS": null, "NO_OF_ACCESSIBLEPARKING_SPACES": null, "FACILITIES_AVAILABLE?": null, "IS_THERE_A_COOLING_ROOM?": null, "NO_BARRIERFREE_ACCESSBLE_UNITS": null, "LONGITUDE": -79.317808835299999, "LATITUDE": 43.726688229799997 }, "geometry": { "type": "Point", "coordinates": [ -79.317808835299999, 43.726688229799997 ] } },
{ "type": "Feature", "properties": { "_id": 192921, "AIR_CONDITIONING_TYPE": "NONE", "AMENITIES_AVAILABLE": null, "ANNUAL_FIRE_ALARM_TEST_RECORDS": "YES", "ANNUAL_FIRE_PUMP_FLOW_TEST_RECORDS": "YES", "APPROVED_FIRE_SAFETY_PLAN": "YES", "BALCONIES": "YES", "BARRIER_FREE_ACCESSIBILTY_ENTR": "YES", "BIKE_PARKING": "Not Available", "CONFIRMED_STOREYS": 4, "CONFIRMED_UNITS": 60, "DATE_OF_LAST_INSPECTION_BY_TSSA": "NOV 15, 2017", "DESCRIPTION_OF_CHILD_PLAY_AREA": null, "DESCRIPTION_OF_INDOOR_EXERCISE_ROOM": null, "DESCRIPTION_OF_OUTDOOR_REC_FACILITIES": null, "ELEVATOR_PARTS_REPLACED": "NEW ELEVATOR", "ELEVATOR_STATUS": "REPLACED", "EMERG_POWER_SUPPLY_TEST_RECORDS": null, "EXTERIOR_FIRE_ESCAPE": "NO", "FACILITIES_AVAILABLE": "Recycling bins", "FIRE_ALARM": "YES", "GARBAGE_CHUTES": "NO", "GREEN_BIN_LOCATION": null, "HEATING_EQUIPMENT_STATUS": "REPLACED", "HEATING_EQUIPMENT_YEAR_INSTALLED": 1999.0, "HEATING_TYPE": "HOT WATER", "INDOOR_GARBAGE_STORAGE_AREA": "NO", "INTERCOM": "YES", "IS_THERE_A_COOLING_ROOM": "NO", "IS_THERE_EMERGENCY_POWER": "NO", "LAUNDRY_ROOM": "YES", "LAUNDRY_ROOM_HOURS_OF_OPERATION": "24/7", "LAUNDRY_ROOM_LOCATION": "FIRST FLOOR", "LOCKER_OR_STORAGE_ROOM": "YES", "NO_BARRIER_FREE_ACCESSBLE_UNITS": 60.0, "NO_OF_ACCESSIBLE_PARKING_SPACES": 0.0, "NO_OF_ELEVATORS": 1.0, "NO_OF_LAUNDRY_ROOM_MACHINES": 8.0, "NON_SMOKING_BUILDING": "YES", "OUTDOOR_GARBAGE_STORAGE_AREA": "YES", "PARKING_TYPE": "Ground Level Garage , Surface Parking", "PCODE": "M4A", "PET_RESTRICTIONS": null, "PETS_ALLOWED": "YES", "PROP_MANAGEMENT_COMPANY_NAME": "ROYAL LEPAGE SIGNATURE REALTY", "PROPERTY_TYPE": "PRIVATE", "RECYCLING_BINS_LOCATION": "BACK OF THE BUILDING", "RSN": 4154872, "SEPARATE_GAS_METERS_EACH_UNIT": "NO", "SEPARATE_HYDRO_METER_EACH_UNIT": "YES", "SEPARATE_WATER_METERS_EA_UNIT": "NO", "SITE_ADDRESS": "17  ECCLESTON DR ", "SPRINKLER_SYSTEM": "YES", "SPRINKLER_SYSTEM_TEST_RECORD": "YES", "SPRINKLER_SYSTEM_YEAR_INSTALLED": 1960.0, "TSSA_TEST_RECORDS": "YES", "VISITOR_PARKING": "FREE", "WARD": 16, "WINDOW_TYPE": "DOUBLE PANE", "YEAR_BUILT": 1960.0, "YEAR_OF_REPLACEMENT": 2011.0, "YEAR_REGISTERED": 2018.0, "NO_OF_STOREYS": null, "IS_THERE_EMERGENCY_POWER?": null, "NON-SMOKING_BUILDING": null, "NO_OF_UNITS": null, "NO_OF_ACCESSIBLEPARKING_SPACES": null, "FACILITIES_AVAILABLE?": null, "IS_THERE_A_COOLING_ROOM?": null, "NO_BARRIERFREE_ACCESSBLE_UNITS": null, "LONGITUDE": -79.316056085400007, "LATITUDE": 43.726902977100004 }, "geometry": { "type": "Point", "coordinates": [ -79.316056085400007, 43.726902977100004 ] } },
{ "type": "Feature", "properties": { "_id": 194275, "AIR_CONDITIONING_TYPE": "NONE", "AMENITIES_AVAILABLE": null, "ANNUAL_FIRE_ALARM_TEST_RECORDS": "YES", "ANNUAL_FIRE_PUMP_FLOW_TEST_RECORDS": "YES", "APPROVED_FIRE_SAFETY_PLAN": "YES", "BALCONIES": "YES", "BARRIER_FREE_ACCESSIBILTY_ENTR": "NO", "BIKE_PARKING": "Not Available", "CONFIRMED_STOREYS": 4, "CONFIRMED_UNITS": 61, "DATE_OF_LAST_INSPECTION_BY_TSSA": "NOV 15, 2021", "DESCRIPTION_OF_CHILD_PLAY_AREA": null, "DESCRIPTION_OF_INDOOR_EXERCISE_ROOM": null, "DESCRIPTION_OF_OUTDOOR_REC_FACILITIES": null, "ELEVATOR_PARTS_REPLACED": "FULL MODERNIZATION", "ELEVATOR_STATUS": "REPLACED", "EMERG_POWER_SUPPLY_TEST_RECORDS": null, "EXTERIOR_FIRE_ESCAPE": "NO", "FACILITIES_AVAILABLE": "Green Bin / Organics", "FIRE_ALARM": "YES", "GARBAGE_CHUTES": "YES", "GREEN_BIN_LOCATION": "REAR OF BUILDING", "HEATING_EQUIPMENT_STATUS": "REPLACED", "HEATING_EQUIPMENT_YEAR_INSTALLED": 2017.0, "HEATING_TYPE": "HOT WATER", "INDOOR_GARBAGE_STORAGE_AREA": "NO", "INTERCOM": "YES", "IS_THERE_A_COOLING_ROOM": "NO", "IS_THERE_EMERGENCY_POWER": "NO", "LAUNDRY_ROOM": "YES", "LAUNDRY_ROOM_HOURS_OF_OPERATION": "8AM-10PM", "LAUNDRY_ROOM_LOCATION": "GROUND FLOOR", "LOCKER_OR_STORAGE_ROOM": "YES", "NO_BARRIER_FREE_ACCESSBLE_UNITS": 0.0, "NO_OF_ACCESSIBLE_PARKING_SPACES": 0.0, "NO_OF_ELEVATORS": 1.0, "NO_OF_LAUNDRY_ROOM_MACHINES": 6.0, "NON_SMOKING_BUILDING": "YES", "OUTDOOR_GARBAGE_STORAGE_AREA": "YES", "PARKING_TYPE": "Ground Level Garage , Surface Parking", "PCODE": "M4A", "PET_RESTRICTIONS": null, "PETS_ALLOWED": "YES", "PROP_MANAGEMENT_COMPANY_NAME": "PINEDALE PROPERTIES LTD", "PROPERTY_TYPE": "PRIVATE", "RECYCLING_BINS_LOCATION": "REAR OF BUILDING", "RSN": 4154874, "SEPARATE_GAS_METERS_EACH_UNIT": "NO", "SEPARATE_HYDRO_METER_EACH_UNIT": "YES", "SEPARATE_WATER_METERS_EA_UNIT": "NO", "SITE_ADDRESS": "3  ECCLESTON DR ", "SPRINKLER_SYSTEM": "YES", "SPRINKLER_SYSTEM_TEST_RECORD": "YES", "SPRINKLER_SYSTEM_YEAR_INSTALLED": 1960.0, "TSSA_TEST_RECORDS": "YES", "VISITOR_PARKING": "FREE", "WARD": 16, "WINDOW_TYPE": "DOUBLE PANE", "YEAR_BUILT": 1960.0, "YEAR_OF_REPLACEMENT": 2017.0, "YEAR_REGISTERED": 2017.0, "NO_OF_STOREYS": null, "IS_THERE_EMERGENCY_POWER?": null, "NON-SMOKING_BUILDING": null, "NO_OF_UNITS": null, "NO_OF_ACCESSIBLEPARKING_SPACES": null, "FACILITIES_AVAILABLE?": null, "IS_THERE_A_COOLING_ROOM?": null, "NO_BARRIERFREE_ACCESSBLE_UNITS": null, "LONGITUDE": -79.314705703900003, "LATITUDE": 43.726911033199997 }, "geometry": { "type": "Point", "coordinates": [ -79.314705703900003, 43.726911033199997 ] } },
{ "type": "Feature", "properties": { "_id": 193971, "AIR_CONDITIONING_TYPE": "NONE", "AMENITIES_AVAILABLE": null, "ANNUAL_FIRE_ALARM_TEST_RECORDS": "YES", "ANNUAL_FIRE_PUMP_FLOW_TEST_RECORDS": "YES", "APPROVED_FIRE_SAFETY_PLAN": "YES", "BALCONIES": "YES", "BARRIER_FREE_ACCESSIBILTY_ENTR": "YES", "BIKE_PARKING": "Not Available", "CONFIRMED_STOREYS": 4, "CONFIRMED_UNITS": 59, "DATE_OF_LAST_INSPECTION_BY_TSSA": "JUN 15, 2017", "DESCRIPTION_OF_CHILD_PLAY_AREA": null, "DESCRIPTION_OF_INDOOR_EXERCISE_ROOM": null, "DESCRIPTION_OF_OUTDOOR_REC_FACILITIES": null, "ELEVATOR_PARTS_REPLACED": "WHOLE ELEVATOR", "ELEVATOR_STATUS": "REPLACED", "EMERG_POWER_SUPPLY_TEST_RECORDS": null, "EXTERIOR_FIRE_ESCAPE": "NO", "FACILITIES_AVAILABLE": "Green Bin / Organics", "FIRE_ALARM": "YES", "GARBAGE_CHUTES": "NO", "GREEN_BIN_LOCATION": "BACK OF THE BUILDING", "HEATING_EQUIPMENT_STATUS": "REPLACED", "HEATING_EQUIPMENT_YEAR_INSTALLED": 2000.0, "HEATING_TYPE": "HOT WATER", "INDOOR_GARBAGE_STORAGE_AREA": "NO", "INTERCOM": "YES", "IS_THERE_A_COOLING_ROOM": "NO", "IS_THERE_EMERGENCY_POWER": "NO", "LAUNDRY_ROOM": "YES", "LAUNDRY_ROOM_HOURS_OF_OPERATION": "8 AM - 10:30 PM", "LAUNDRY_ROOM_LOCATION": "FIRST FLOOR", "LOCKER_OR_STORAGE_ROOM": "YES", "NO_BARRIER_FREE_ACCESSBLE_UNITS": 59.0, "NO_OF_ACCESSIBLE_PARKING_SPACES": 61.0, "NO_OF_ELEVATORS": 1.0, "NO_OF_LAUNDRY_ROOM_MACHINES": 6.0, "NON_SMOKING_BUILDING": "NO", "OUTDOOR_GARBAGE_STORAGE_AREA": "YES", "PARKING_TYPE": "Ground Level Garage , Surface Parking", "PCODE": "M4A", "PET_RESTRICTIONS": "NO BIG DOGS AND EXOTIC ANIMALS ARE ALLOWED ", "PETS_ALLOWED": "YES", "PROP_MANAGEMENT_COMPANY_NAME": "ROYAL LEPAGE SIGNATURE REALTY", "PROPERTY_TYPE": "PRIVATE", "RECYCLING_BINS_LOCATION": "BACK OF THE BUILDING", "RSN": 4154860, "SEPARATE_GAS_METERS_EACH_UNIT": "NO", "SEPARATE_HYDRO_METER_EACH_UNIT": "YES", "SEPARATE_WATER_METERS_EA_UNIT": "NO", "SITE_ADDRESS": "20  TINDER CRES ", "SPRINKLER_SYSTEM": "YES", "SPRINKLER_SYSTEM_TEST_RECORD": "YES", "SPRINKLER_SYSTEM_YEAR_INSTALLED": 1960.0, "TSSA_TEST_RECORDS": "YES", "VISITOR_PARKING": "FREE", "WARD": 16, "WINDOW_TYPE": "DOUBLE PANE", "YEAR_BUILT": 1960.0, "YEAR_OF_REPLACEMENT": 2011.0, "YEAR_REGISTERED": 2017.0, "NO_OF_STOREYS": null, "IS_THERE_EMERGENCY_POWER?": null, "NON-SMOKING_BUILDING": null, "NO_OF_UNITS": null, "NO_OF_ACCESSIBLEPARKING_SPACES": null, "FACILITIES_AVAILABLE?": null, "IS_THERE_A_COOLING_ROOM?": null, "NO_BARRIERFREE_ACCESSBLE_UNITS": null, "LONGITUDE": -79.308652183800007, "LATITUDE": 43.7269176828 }, "geometry": { "type": "Point", "coordinates": [ -79.308652183800007, 43.7269176828 ] } },
{ "type": "Feature", "properties": { "_id": 193348, "AIR_CONDITIONING_TYPE": "NONE", "AMENITIES_AVAILABLE": null, "ANNUAL_FIRE_ALARM_TEST_RECORDS": "YES", "ANNUAL_FIRE_PUMP_FLOW_TEST_RECORDS": "YES", "APPROVED_FIRE_SAFETY_PLAN": "YES", "BALCONIES": "NO", "BARRIER_FREE_ACCESSIBILTY_ENTR": "YES", "BIKE_PARKING": "Not Available", "CONFIRMED_STOREYS": 3, "CONFIRMED_UNITS": 10, "DATE_OF_LAST_INSPECTION_BY_TSSA": null, "DESCRIPTION_OF_CHILD_PLAY_AREA": null, "DESCRIPTION_OF_INDOOR_EXERCISE_ROOM": null, "DESCRIPTION_OF_OUTDOOR_REC_FACILITIES": null, "ELEVATOR_PARTS_REPLACED": null, "ELEVATOR_STATUS": null, "EMERG_POWER_SUPPLY_TEST_RECORDS": null, "EXTERIOR_FIRE_ESCAPE": "NO", "FACILITIES_AVAILABLE": "Green Bin / Organics", "FIRE_ALARM": "YES", "GARBAGE_CHUTES": "NO", "GREEN_BIN_LOCATION": "OUTDOOR", "HEATING_EQUIPMENT_STATUS": "REPLACED", "HEATING_EQUIPMENT_YEAR_INSTALLED": 2007.0, "HEATING_TYPE": "HOT WATER", "INDOOR_GARBAGE_STORAGE_AREA": "NO", "INTERCOM": "YES", "IS_THERE_A_COOLING_ROOM": "NO", "IS_THERE_EMERGENCY_POWER": "NO", "LAUNDRY_ROOM": "YES", "LAUNDRY_ROOM_HOURS_OF_OPERATION": "8AM-10PM", "LAUNDRY_ROOM_LOCATION": "BASEMENT", "LOCKER_OR_STORAGE_ROOM": "YES", "NO_BARRIER_FREE_ACCESSBLE_UNITS": 2.0, "NO_OF_ACCESSIBLE_PARKING_SPACES": 4.0, "NO_OF_ELEVATORS": 0.0, "NO_OF_LAUNDRY_ROOM_MACHINES": 2.0, "NON_SMOKING_BUILDING": "YES", "OUTDOOR_GARBAGE_STORAGE_AREA": "NO", "PARKING_TYPE": "Ground Level Garage , Surface Parking , Parking Deck", "PCODE": "M4A", "PET_RESTRICTIONS": "NO CATS AND DOGS", "PETS_ALLOWED": "NO", "PROP_MANAGEMENT_COMPANY_NAME": null, "PROPERTY_TYPE": "PRIVATE", "RECYCLING_BINS_LOCATION": "OUTDOOR", "RSN": 4154857, "SEPARATE_GAS_METERS_EACH_UNIT": "NO", "SEPARATE_HYDRO_METER_EACH_UNIT": "YES", "SEPARATE_WATER_METERS_EA_UNIT": "NO", "SITE_ADDRESS": "80  BARTLEY DR ", "SPRINKLER_SYSTEM": "NO", "SPRINKLER_SYSTEM_TEST_RECORD": null, "SPRINKLER_SYSTEM_YEAR_INSTALLED": null, "TSSA_TEST_RECORDS": null, "VISITOR_PARKING": "UNAVAILABLE", "WARD": 16, "WINDOW_TYPE": "SINGLE PANE", "YEAR_BUILT": 1962.0, "YEAR_OF_REPLACEMENT": null, "YEAR_REGISTERED": 2017.0, "NO_OF_STOREYS": null, "IS_THERE_EMERGENCY_POWER?": null, "NON-SMOKING_BUILDING": null, "NO_OF_UNITS": null, "NO_OF_ACCESSIBLEPARKING_SPACES": null, "FACILITIES_AVAILABLE?": null, "IS_THERE_A_COOLING_ROOM?": null, "NO_BARRIERFREE_ACCESSBLE_UNITS": null, "LONGITUDE": -79.306619675999997, "LATITUDE": 43.722615158000004 }, "geometry": { "type": "Point", "coordinates": [ -79.306619676, 43.722615158 ] } },
{ "type": "Feature", "properties": { "_id": 195333, "AIR_CONDITIONING_TYPE": "NONE", "AMENITIES_AVAILABLE": null, "ANNUAL_FIRE_ALARM_TEST_RECORDS": "YES", "ANNUAL_FIRE_PUMP_FLOW_TEST_RECORDS": "NO", "APPROVED_FIRE_SAFETY_PLAN": "YES", "BALCONIES": "NO", "BARRIER_FREE_ACCESSIBILTY_ENTR": "NO", "BIKE_PARKING": "Not Available", "CONFIRMED_STOREYS": 3, "CONFIRMED_UNITS": 10, "DATE_OF_LAST_INSPECTION_BY_TSSA": null, "DESCRIPTION_OF_CHILD_PLAY_AREA": null, "DESCRIPTION_OF_INDOOR_EXERCISE_ROOM": null, "DESCRIPTION_OF_OUTDOOR_REC_FACILITIES": null, "ELEVATOR_PARTS_REPLACED": null, "ELEVATOR_STATUS": null, "EMERG_POWER_SUPPLY_TEST_RECORDS": null, "EXTERIOR_FIRE_ESCAPE": "NO", "FACILITIES_AVAILABLE": "Green Bin / Organics", "FIRE_ALARM": "YES", "GARBAGE_CHUTES": "NO", "GREEN_BIN_LOCATION": "OUTSIDE", "HEATING_EQUIPMENT_STATUS": "REPLACED", "HEATING_EQUIPMENT_YEAR_INSTALLED": 2015.0, "HEATING_TYPE": "HOT WATER", "INDOOR_GARBAGE_STORAGE_AREA": "NO", "INTERCOM": "YES", "IS_THERE_A_COOLING_ROOM": "NO", "IS_THERE_EMERGENCY_POWER": "NO", "LAUNDRY_ROOM": "YES", "LAUNDRY_ROOM_HOURS_OF_OPERATION": "9AM-8PM", "LAUNDRY_ROOM_LOCATION": "BASEMENT", "LOCKER_OR_STORAGE_ROOM": "YES", "NO_BARRIER_FREE_ACCESSBLE_UNITS": 0.0, "NO_OF_ACCESSIBLE_PARKING_SPACES": 10.0, "NO_OF_ELEVATORS": 0.0, "NO_OF_LAUNDRY_ROOM_MACHINES": 1.0, "NON_SMOKING_BUILDING": "YES", "OUTDOOR_GARBAGE_STORAGE_AREA": "YES", "PARKING_TYPE": "Ground Level Garage , Surface Parking", "PCODE": "M4A", "PET_RESTRICTIONS": "NONE", "PETS_ALLOWED": "YES", "PROP_MANAGEMENT_COMPANY_NAME": null, "PROPERTY_TYPE": "PRIVATE", "RECYCLING_BINS_LOCATION": "OUTSIDE", "RSN": 4154856, "SEPARATE_GAS_METERS_EACH_UNIT": "NO", "SEPARATE_HYDRO_METER_EACH_UNIT": "YES", "SEPARATE_WATER_METERS_EA_UNIT": "NO", "SITE_ADDRESS": "76  BARTLEY DR ", "SPRINKLER_SYSTEM": "YES", "SPRINKLER_SYSTEM_TEST_RECORD": "YES", "SPRINKLER_SYSTEM_YEAR_INSTALLED": 1950.0, "TSSA_TEST_RECORDS": null, "VISITOR_PARKING": "UNAVAILABLE", "WARD": 16, "WINDOW_TYPE": "SINGLE PANE", "YEAR_BUILT": 1950.0, "YEAR_OF_REPLACEMENT": null, "YEAR_REGISTERED": 2017.0, "NO_OF_STOREYS": null, "IS_THERE_EMERGENCY_POWER?": null, "NON-SMOKING_BUILDING": null, "NO_OF_UNITS": null, "NO_OF_ACCESSIBLEPARKING_SPACES": null, "FACILITIES_AVAILABLE?": null, "IS_THERE_A_COOLING_ROOM?": null, "NO_BARRIERFREE_ACCESSBLE_UNITS": null, "LONGITUDE": -79.306350662, "LATITUDE": 43.722668083000002 }, "geometry": { "type": "Point", "coordinates": [ -79.306350662, 43.722668083 ] } },
{ "type": "Feature", "properties": { "_id": 195089, "AIR_CONDITIONING_TYPE": "NONE", "AMENITIES_AVAILABLE": "Outdoor pool , Indoor recreation room , Outdoor rec facilities , Indoor exercise room , Child play area", "ANNUAL_FIRE_ALARM_TEST_RECORDS": "YES", "ANNUAL_FIRE_PUMP_FLOW_TEST_RECORDS": "YES", "APPROVED_FIRE_SAFETY_PLAN": "YES", "BALCONIES": "YES", "BARRIER_FREE_ACCESSIBILTY_ENTR": "YES", "BIKE_PARKING": "Not Available", "CONFIRMED_STOREYS": 7, "CONFIRMED_UNITS": 92, "DATE_OF_LAST_INSPECTION_BY_TSSA": "NOV 9, 2018", "DESCRIPTION_OF_CHILD_PLAY_AREA": "OUTDOOR PLAYSET WITH SLIDES", "DESCRIPTION_OF_INDOOR_EXERCISE_ROOM": "CARDIO EQUIPMENT, WEIGHT MACHINE, TV", "DESCRIPTION_OF_OUTDOOR_REC_FACILITIES": "CHILDREN'S PLAYGROUND, LANDSCAPE GROUNDS", "ELEVATOR_PARTS_REPLACED": "MAJOR MODERNIZATION", "ELEVATOR_STATUS": "REPLACED", "EMERG_POWER_SUPPLY_TEST_RECORDS": "YES", "EXTERIOR_FIRE_ESCAPE": "NO", "FACILITIES_AVAILABLE": "Green Bin / Organics", "FIRE_ALARM": "YES", "GARBAGE_CHUTES": "YES", "GREEN_BIN_LOCATION": "COMPACTOR ROOM", "HEATING_EQUIPMENT_STATUS": "REPLACED", "HEATING_EQUIPMENT_YEAR_INSTALLED": 2013.0, "HEATING_TYPE": "HOT WATER", "INDOOR_GARBAGE_STORAGE_AREA": "NO", "INTERCOM": "YES", "IS_THERE_A_COOLING_ROOM": "NO", "IS_THERE_EMERGENCY_POWER": "YES", "LAUNDRY_ROOM": "YES", "LAUNDRY_ROOM_HOURS_OF_OPERATION": "8AM TO 11PM", "LAUNDRY_ROOM_LOCATION": "MAIN FLOOR", "LOCKER_OR_STORAGE_ROOM": "NO", "NO_BARRIER_FREE_ACCESSBLE_UNITS": 0.0, "NO_OF_ACCESSIBLE_PARKING_SPACES": 1.0, "NO_OF_ELEVATORS": 2.0, "NO_OF_LAUNDRY_ROOM_MACHINES": 10.0, "NON_SMOKING_BUILDING": "NO", "OUTDOOR_GARBAGE_STORAGE_AREA": "YES", "PARKING_TYPE": "Underground Garage , Garage accessible thru buildg , Surface Parking", "PCODE": "M4A", "PET_RESTRICTIONS": "DOG MAX. 23KG, MAX. 2 PETS PER SUITE", "PETS_ALLOWED": "YES", "PROP_MANAGEMENT_COMPANY_NAME": "BENTALLGREENOAK", "PROPERTY_TYPE": "PRIVATE", "RECYCLING_BINS_LOCATION": "OUTSIDE", "RSN": 4154851, "SEPARATE_GAS_METERS_EACH_UNIT": "NO", "SEPARATE_HYDRO_METER_EACH_UNIT": "YES", "SEPARATE_WATER_METERS_EA_UNIT": "NO", "SITE_ADDRESS": "1770  EGLINTON AVE E", "SPRINKLER_SYSTEM": "YES", "SPRINKLER_SYSTEM_TEST_RECORD": "YES", "SPRINKLER_SYSTEM_YEAR_INSTALLED": 1982.0, "TSSA_TEST_RECORDS": "YES", "VISITOR_PARKING": "FREE", "WARD": 16, "WINDOW_TYPE": "DOUBLE PANE", "YEAR_BUILT": 1982.0, "YEAR_OF_REPLACEMENT": 2005.0, "YEAR_REGISTERED": 2017.0, "NO_OF_STOREYS": null, "IS_THERE_EMERGENCY_POWER?": null, "NON-SMOKING_BUILDING": null, "NO_OF_UNITS": null, "NO_OF_ACCESSIBLEPARKING_SPACES": null, "FACILITIES_AVAILABLE?": null, "IS_THERE_A_COOLING_ROOM?": null, "NO_BARRIERFREE_ACCESSBLE_UNITS": null, "LONGITUDE": -79.305847286000002, "LATITUDE": 43.725321264999998 }, "geometry": { "type": "Point", "coordinates": [ -79.305847286, 43.725321265 ] } },
{ "type": "Feature", "properties": { "_id": 192923, "AIR_CONDITIONING_TYPE": "NONE", "AMENITIES_AVAILABLE": "Outdoor pool , Indoor recreation room , Outdoor rec facilities , Indoor exercise room , Child play area", "ANNUAL_FIRE_ALARM_TEST_RECORDS": "YES", "ANNUAL_FIRE_PUMP_FLOW_TEST_RECORDS": "YES", "APPROVED_FIRE_SAFETY_PLAN": "YES", "BALCONIES": "YES", "BARRIER_FREE_ACCESSIBILTY_ENTR": "YES", "BIKE_PARKING": "Not Available", "CONFIRMED_STOREYS": 9, "CONFIRMED_UNITS": 203, "DATE_OF_LAST_INSPECTION_BY_TSSA": "JAN 5, 2017", "DESCRIPTION_OF_CHILD_PLAY_AREA": "OUTDOOR PLAYSET WITH SLIDES", "DESCRIPTION_OF_INDOOR_EXERCISE_ROOM": "CARDIO EQUIPMENT WITH WEIGHT MACHINES AND TV", "DESCRIPTION_OF_OUTDOOR_REC_FACILITIES": "CHILDREN'S PLAYGROUND, LANDSCAPE GROUNDS", "ELEVATOR_PARTS_REPLACED": "MAJOR MODERNIZATION", "ELEVATOR_STATUS": "REPLACED", "EMERG_POWER_SUPPLY_TEST_RECORDS": "YES", "EXTERIOR_FIRE_ESCAPE": "NO", "FACILITIES_AVAILABLE": "Green Bin / Organics", "FIRE_ALARM": "YES", "GARBAGE_CHUTES": "YES", "GREEN_BIN_LOCATION": "COMPACTOR ROOM", "HEATING_EQUIPMENT_STATUS": "REPLACED", "HEATING_EQUIPMENT_YEAR_INSTALLED": 2013.0, "HEATING_TYPE": "HOT WATER", "INDOOR_GARBAGE_STORAGE_AREA": "NO", "INTERCOM": "YES", "IS_THERE_A_COOLING_ROOM": "YES", "IS_THERE_EMERGENCY_POWER": "YES", "LAUNDRY_ROOM": "YES", "LAUNDRY_ROOM_HOURS_OF_OPERATION": "8AM TO 11PM", "LAUNDRY_ROOM_LOCATION": "MAIN FLOOR", "LOCKER_OR_STORAGE_ROOM": "NO", "NO_BARRIER_FREE_ACCESSBLE_UNITS": 0.0, "NO_OF_ACCESSIBLE_PARKING_SPACES": 1.0, "NO_OF_ELEVATORS": 2.0, "NO_OF_LAUNDRY_ROOM_MACHINES": 20.0, "NON_SMOKING_BUILDING": "NO", "OUTDOOR_GARBAGE_STORAGE_AREA": "YES", "PARKING_TYPE": "Underground Garage , Garage accessible thru buildg , Surface Parking", "PCODE": "M4A", "PET_RESTRICTIONS": "DOG MAX. 23KG, MAX. 2 PETS PER SUITE", "PETS_ALLOWED": "YES", "PROP_MANAGEMENT_COMPANY_NAME": "BENTALLGREENOAK", "PROPERTY_TYPE": "PRIVATE", "RECYCLING_BINS_LOCATION": "OUTSIDE", "RSN": 4154852, "SEPARATE_GAS_METERS_EACH_UNIT": "NO", "SEPARATE_HYDRO_METER_EACH_UNIT": "YES", "SEPARATE_WATER_METERS_EA_UNIT": "NO", "SITE_ADDRESS": "1780  EGLINTON AVE E", "SPRINKLER_SYSTEM": "YES", "SPRINKLER_SYSTEM_TEST_RECORD": "YES", "SPRINKLER_SYSTEM_YEAR_INSTALLED": 1982.0, "TSSA_TEST_RECORDS": "YES", "VISITOR_PARKING": "FREE", "WARD": 16, "WINDOW_TYPE": "DOUBLE PANE", "YEAR_BUILT": 1982.0, "YEAR_OF_REPLACEMENT": 2005.0, "YEAR_REGISTERED": 2017.0, "NO_OF_STOREYS": null, "IS_THERE_EMERGENCY_POWER?": null, "NON-SMOKING_BUILDING": null, "NO_OF_UNITS": null, "NO_OF_ACCESSIBLEPARKING_SPACES": null, "FACILITIES_AVAILABLE?": null, "IS_THERE_A_COOLING_ROOM?": null, "NO_BARRIERFREE_ACCESSBLE_UNITS": null, "LONGITUDE": -79.304998826000002, "LATITUDE": 43.725379191000002 }, "geometry": { "type": "Point", "coordinates": [ -79.304998826, 43.725379191 ] } },
{ "type": "Feature", "properties": { "_id": 192326, "AIR_CONDITIONING_TYPE": "NONE", "AMENITIES_AVAILABLE": "Indoor recreation room", "ANNUAL_FIRE_ALARM_TEST_RECORDS": "YES", "ANNUAL_FIRE_PUMP_FLOW_TEST_RECORDS": "YES", "APPROVED_FIRE_SAFETY_PLAN": "YES", "BALCONIES": "YES", "BARRIER_FREE_ACCESSIBILTY_ENTR": "YES", "BIKE_PARKING": "Not Available", "CONFIRMED_STOREYS": 7, "CONFIRMED_UNITS": 247, "DATE_OF_LAST_INSPECTION_BY_TSSA": "APR 22, 2016", "DESCRIPTION_OF_CHILD_PLAY_AREA": null, "DESCRIPTION_OF_INDOOR_EXERCISE_ROOM": null, "DESCRIPTION_OF_OUTDOOR_REC_FACILITIES": null, "ELEVATOR_PARTS_REPLACED": "FULL REPLACEMENT - ECCI-ELEVATOR CONTROL CANADA", "ELEVATOR_STATUS": "REPLACED", "EMERG_POWER_SUPPLY_TEST_RECORDS": "YES", "EXTERIOR_FIRE_ESCAPE": "NO", "FACILITIES_AVAILABLE": "Unknown", "FIRE_ALARM": "YES", "GARBAGE_CHUTES": "YES", "GREEN_BIN_LOCATION": null, "HEATING_EQUIPMENT_STATUS": "ORIGINAL", "HEATING_EQUIPMENT_YEAR_INSTALLED": 1981.0, "HEATING_TYPE": "HOT WATER", "INDOOR_GARBAGE_STORAGE_AREA": "YES", "INTERCOM": "YES", "IS_THERE_A_COOLING_ROOM": "NO", "IS_THERE_EMERGENCY_POWER": "YES", "LAUNDRY_ROOM": "YES", "LAUNDRY_ROOM_HOURS_OF_OPERATION": "7:00 AM- 10:00 PM ", "LAUNDRY_ROOM_LOCATION": "MAIN FLOOR", "LOCKER_OR_STORAGE_ROOM": "NO", "NO_BARRIER_FREE_ACCESSBLE_UNITS": 4.0, "NO_OF_ACCESSIBLE_PARKING_SPACES": 4.0, "NO_OF_ELEVATORS": 2.0, "NO_OF_LAUNDRY_ROOM_MACHINES": 12.0, "NON_SMOKING_BUILDING": "YES", "OUTDOOR_GARBAGE_STORAGE_AREA": "YES", "PARKING_TYPE": "Underground Garage , Garage accessible thru buildg", "PCODE": "M3C", "PET_RESTRICTIONS": null, "PETS_ALLOWED": "YES", "PROP_MANAGEMENT_COMPANY_NAME": "TORONTO COMMUNITY HOUSING CORPORATION", "PROPERTY_TYPE": "TCHC", "RECYCLING_BINS_LOCATION": null, "RSN": 4154766, "SEPARATE_GAS_METERS_EACH_UNIT": "NO", "SEPARATE_HYDRO_METER_EACH_UNIT": "NO", "SEPARATE_WATER_METERS_EA_UNIT": "NO", "SITE_ADDRESS": "10  DEAUVILLE LANE ", "SPRINKLER_SYSTEM": "YES", "SPRINKLER_SYSTEM_TEST_RECORD": "YES", "SPRINKLER_SYSTEM_YEAR_INSTALLED": 1981.0, "TSSA_TEST_RECORDS": "YES", "VISITOR_PARKING": "UNAVAILABLE", "WARD": 16, "WINDOW_TYPE": "DOUBLE PANE", "YEAR_BUILT": 1981.0, "YEAR_OF_REPLACEMENT": 2005.0, "YEAR_REGISTERED": 2017.0, "NO_OF_STOREYS": null, "IS_THERE_EMERGENCY_POWER?": null, "NON-SMOKING_BUILDING": null, "NO_OF_UNITS": null, "NO_OF_ACCESSIBLEPARKING_SPACES": null, "FACILITIES_AVAILABLE?": null, "IS_THERE_A_COOLING_ROOM?": null, "NO_BARRIERFREE_ACCESSBLE_UNITS": null, "LONGITUDE": -79.331669098000006, "LATITUDE": 43.717545115999997 }, "geometry": { "type": "Point", "coordinates": [ -79.331669098, 43.717545116 ] } },
{ "type": "Feature", "properties": { "_id": 194672, "AIR_CONDITIONING_TYPE": "INDIVIDUAL UNITS", "AMENITIES_AVAILABLE": "Indoor recreation room", "ANNUAL_FIRE_ALARM_TEST_RECORDS": "YES", "ANNUAL_FIRE_PUMP_FLOW_TEST_RECORDS": "YES", "APPROVED_FIRE_SAFETY_PLAN": "YES", "BALCONIES": "YES", "BARRIER_FREE_ACCESSIBILTY_ENTR": "YES", "BIKE_PARKING": "Not Available", "CONFIRMED_STOREYS": 7, "CONFIRMED_UNITS": 62, "DATE_OF_LAST_INSPECTION_BY_TSSA": "JAN 22, 2017", "DESCRIPTION_OF_CHILD_PLAY_AREA": null, "DESCRIPTION_OF_INDOOR_EXERCISE_ROOM": null, "DESCRIPTION_OF_OUTDOOR_REC_FACILITIES": null, "ELEVATOR_PARTS_REPLACED": null, "ELEVATOR_STATUS": "ORIGINAL", "EMERG_POWER_SUPPLY_TEST_RECORDS": null, "EXTERIOR_FIRE_ESCAPE": "NO", "FACILITIES_AVAILABLE": "Green Bin / Organics", "FIRE_ALARM": "YES", "GARBAGE_CHUTES": "YES", "GREEN_BIN_LOCATION": "GARBAGE ROOM", "HEATING_EQUIPMENT_STATUS": "ORIGINAL", "HEATING_EQUIPMENT_YEAR_INSTALLED": 2013.0, "HEATING_TYPE": "FORCED AIR GAS", "INDOOR_GARBAGE_STORAGE_AREA": "YES", "INTERCOM": "YES", "IS_THERE_A_COOLING_ROOM": "NO", "IS_THERE_EMERGENCY_POWER": "NO", "LAUNDRY_ROOM": "YES", "LAUNDRY_ROOM_HOURS_OF_OPERATION": "8 AM TO 10 PM", "LAUNDRY_ROOM_LOCATION": "GROUND LEVEL", "LOCKER_OR_STORAGE_ROOM": "NO", "NO_BARRIER_FREE_ACCESSBLE_UNITS": 14.0, "NO_OF_ACCESSIBLE_PARKING_SPACES": 4.0, "NO_OF_ELEVATORS": 2.0, "NO_OF_LAUNDRY_ROOM_MACHINES": 8.0, "NON_SMOKING_BUILDING": "NO", "OUTDOOR_GARBAGE_STORAGE_AREA": "NO", "PARKING_TYPE": "Surface Parking", "PCODE": null, "PET_RESTRICTIONS": "SMALL PETS", "PETS_ALLOWED": "YES", "PROP_MANAGEMENT_COMPANY_NAME": "MAHOGANY MANAGEMENT", "PROPERTY_TYPE": "PRIVATE", "RECYCLING_BINS_LOCATION": "GARBAGE ROOM", "RSN": 4155673, "SEPARATE_GAS_METERS_EACH_UNIT": "NO", "SEPARATE_HYDRO_METER_EACH_UNIT": "YES", "SEPARATE_WATER_METERS_EA_UNIT": "NO", "SITE_ADDRESS": "5  DEAUVILLE LANE ", "SPRINKLER_SYSTEM": "YES", "SPRINKLER_SYSTEM_TEST_RECORD": "YES", "SPRINKLER_SYSTEM_YEAR_INSTALLED": 2013.0, "TSSA_TEST_RECORDS": "YES", "VISITOR_PARKING": "FREE", "WARD": 16, "WINDOW_TYPE": "DOUBLE PANE", "YEAR_BUILT": 2013.0, "YEAR_OF_REPLACEMENT": null, "YEAR_REGISTERED": 2017.0, "NO_OF_STOREYS": null, "IS_THERE_EMERGENCY_POWER?": null, "NON-SMOKING_BUILDING": null, "NO_OF_UNITS": null, "NO_OF_ACCESSIBLEPARKING_SPACES": null, "FACILITIES_AVAILABLE?": null, "IS_THERE_A_COOLING_ROOM?": null, "NO_BARRIERFREE_ACCESSBLE_UNITS": null, "LONGITUDE": -79.330538523000001, "LATITUDE": 43.717812062 }, "geometry": { "type": "Point", "coordinates": [ -79.330538523, 43.717812062 ] } },
{ "type": "Feature", "properties": { "_id": 192744, "AIR_CONDITIONING_TYPE": "NONE", "AMENITIES_AVAILABLE": null, "ANNUAL_FIRE_ALARM_TEST_RECORDS": "YES", "ANNUAL_FIRE_PUMP_FLOW_TEST_RECORDS": "YES", "APPROVED_FIRE_SAFETY_PLAN": "YES", "BALCONIES": "YES", "BARRIER_FREE_ACCESSIBILTY_ENTR": "NO", "BIKE_PARKING": "Not Available", "CONFIRMED_STOREYS": 10, "CONFIRMED_UNITS": 331, "DATE_OF_LAST_INSPECTION_BY_TSSA": "APR 17, 2017", "DESCRIPTION_OF_CHILD_PLAY_AREA": null, "DESCRIPTION_OF_INDOOR_EXERCISE_ROOM": null, "DESCRIPTION_OF_OUTDOOR_REC_FACILITIES": null, "ELEVATOR_PARTS_REPLACED": "CONTROL, MOTORS, CABS - WORK CURRENTLY IN PROGRESS", "ELEVATOR_STATUS": "REPLACED", "EMERG_POWER_SUPPLY_TEST_RECORDS": null, "EXTERIOR_FIRE_ESCAPE": "NO", "FACILITIES_AVAILABLE": "Recycling bins", "FIRE_ALARM": "YES", "GARBAGE_CHUTES": "YES", "GREEN_BIN_LOCATION": null, "HEATING_EQUIPMENT_STATUS": "REPLACED", "HEATING_EQUIPMENT_YEAR_INSTALLED": 2010.0, "HEATING_TYPE": "HOT WATER", "INDOOR_GARBAGE_STORAGE_AREA": "YES", "INTERCOM": "YES", "IS_THERE_A_COOLING_ROOM": "NO", "IS_THERE_EMERGENCY_POWER": "NO", "LAUNDRY_ROOM": "YES", "LAUNDRY_ROOM_HOURS_OF_OPERATION": "24 HRS", "LAUNDRY_ROOM_LOCATION": "MAIN LEVEL", "LOCKER_OR_STORAGE_ROOM": "NO", "NO_BARRIER_FREE_ACCESSBLE_UNITS": 0.0, "NO_OF_ACCESSIBLE_PARKING_SPACES": 1.0, "NO_OF_ELEVATORS": 4.0, "NO_OF_LAUNDRY_ROOM_MACHINES": 20.0, "NON_SMOKING_BUILDING": "NO", "OUTDOOR_GARBAGE_STORAGE_AREA": "YES", "PARKING_TYPE": "Underground Garage , Garage accessible thru buildg , Surface Parking", "PCODE": "M3C", "PET_RESTRICTIONS": null, "PETS_ALLOWED": "YES", "PROP_MANAGEMENT_COMPANY_NAME": "STERLING KARAMAR PROPERTY MANAGEMENT", "PROPERTY_TYPE": "PRIVATE", "RECYCLING_BINS_LOCATION": "FRONT OF 35 ST DENNIS AND BACK OF 31 ST DENNIS", "RSN": 4244530, "SEPARATE_GAS_METERS_EACH_UNIT": "NO", "SEPARATE_HYDRO_METER_EACH_UNIT": "NO", "SEPARATE_WATER_METERS_EA_UNIT": "NO", "SITE_ADDRESS": "35  ST DENNIS DR ", "SPRINKLER_SYSTEM": "YES", "SPRINKLER_SYSTEM_TEST_RECORD": "YES", "SPRINKLER_SYSTEM_YEAR_INSTALLED": 1962.0, "TSSA_TEST_RECORDS": "YES", "VISITOR_PARKING": "FREE", "WARD": 16, "WINDOW_TYPE": "DOUBLE PANE", "YEAR_BUILT": 1962.0, "YEAR_OF_REPLACEMENT": 2017.0, "YEAR_REGISTERED": 2017.0, "NO_OF_STOREYS": null, "IS_THERE_EMERGENCY_POWER?": null, "NON-SMOKING_BUILDING": null, "NO_OF_UNITS": null, "NO_OF_ACCESSIBLEPARKING_SPACES": null, "FACILITIES_AVAILABLE?": null, "IS_THERE_A_COOLING_ROOM?": null, "NO_BARRIERFREE_ACCESSBLE_UNITS": null, "LONGITUDE": -79.329087807999997, "LATITUDE": 43.718686691000002 }, "geometry": { "type": "Point", "coordinates": [ -79.329087808, 43.718686691 ] } },
{ "type": "Feature", "properties": { "_id": 195090, "AIR_CONDITIONING_TYPE": "NONE", "AMENITIES_AVAILABLE": "Outdoor pool , Indoor recreation room , Outdoor rec facilities , Indoor exercise room , Child play area", "ANNUAL_FIRE_ALARM_TEST_RECORDS": "YES", "ANNUAL_FIRE_PUMP_FLOW_TEST_RECORDS": "YES", "APPROVED_FIRE_SAFETY_PLAN": "YES", "BALCONIES": "YES", "BARRIER_FREE_ACCESSIBILTY_ENTR": "YES", "BIKE_PARKING": "Not Available", "CONFIRMED_STOREYS": 9, "CONFIRMED_UNITS": 117, "DATE_OF_LAST_INSPECTION_BY_TSSA": "JUL 5, 2018", "DESCRIPTION_OF_CHILD_PLAY_AREA": "OUTDOOR PLAYSET WITH SLIDES", "DESCRIPTION_OF_INDOOR_EXERCISE_ROOM": "CARDIO EQUIPMENT AND WEIGHT MACHINES AND TV", "DESCRIPTION_OF_OUTDOOR_REC_FACILITIES": "CHILDREN'S PLAYGROUND, LANDSCAPE GROUNDS", "ELEVATOR_PARTS_REPLACED": "MAJOR MODERNIZATION", "ELEVATOR_STATUS": "REPLACED", "EMERG_POWER_SUPPLY_TEST_RECORDS": "YES", "EXTERIOR_FIRE_ESCAPE": "NO", "FACILITIES_AVAILABLE": "Green Bin / Organics", "FIRE_ALARM": "YES", "GARBAGE_CHUTES": "YES", "GREEN_BIN_LOCATION": "COMPACTOR ROOM", "HEATING_EQUIPMENT_STATUS": "REPLACED", "HEATING_EQUIPMENT_YEAR_INSTALLED": 2013.0, "HEATING_TYPE": "HOT WATER", "INDOOR_GARBAGE_STORAGE_AREA": "NO", "INTERCOM": "YES", "IS_THERE_A_COOLING_ROOM": "YES", "IS_THERE_EMERGENCY_POWER": "YES", "LAUNDRY_ROOM": "YES", "LAUNDRY_ROOM_HOURS_OF_OPERATION": "8AM TO 11PM", "LAUNDRY_ROOM_LOCATION": "MAIN FLOOR", "LOCKER_OR_STORAGE_ROOM": "NO", "NO_BARRIER_FREE_ACCESSBLE_UNITS": 0.0, "NO_OF_ACCESSIBLE_PARKING_SPACES": 0.0, "NO_OF_ELEVATORS": 2.0, "NO_OF_LAUNDRY_ROOM_MACHINES": 10.0, "NON_SMOKING_BUILDING": "NO", "OUTDOOR_GARBAGE_STORAGE_AREA": "YES", "PARKING_TYPE": "Underground Garage , Garage accessible thru buildg , Surface Parking", "PCODE": "M4A", "PET_RESTRICTIONS": "DOG MAX. 23KG, MAX. 2 PETS PER SUITE", "PETS_ALLOWED": "YES", "PROP_MANAGEMENT_COMPANY_NAME": "BENTALLGREENOAK", "PROPERTY_TYPE": "PRIVATE", "RECYCLING_BINS_LOCATION": "OUTSIDE", "RSN": 4154853, "SEPARATE_GAS_METERS_EACH_UNIT": "NO", "SEPARATE_HYDRO_METER_EACH_UNIT": "YES", "SEPARATE_WATER_METERS_EA_UNIT": "NO", "SITE_ADDRESS": "1790  EGLINTON AVE E", "SPRINKLER_SYSTEM": "YES", "SPRINKLER_SYSTEM_TEST_RECORD": "YES", "SPRINKLER_SYSTEM_YEAR_INSTALLED": 1982.0, "TSSA_TEST_RECORDS": "YES", "VISITOR_PARKING": "FREE", "WARD": 16, "WINDOW_TYPE": "DOUBLE PANE", "YEAR_BUILT": 1982.0, "YEAR_OF_REPLACEMENT": 2015.0, "YEAR_REGISTERED": 2017.0, "NO_OF_STOREYS": null, "IS_THERE_EMERGENCY_POWER?": null, "NON-SMOKING_BUILDING": null, "NO_OF_UNITS": null, "NO_OF_ACCESSIBLEPARKING_SPACES": null, "FACILITIES_AVAILABLE?": null, "IS_THERE_A_COOLING_ROOM?": null, "NO_BARRIERFREE_ACCESSBLE_UNITS": null, "LONGITUDE": -79.304738793, "LATITUDE": 43.726050381 }, "geometry": { "type": "Point", "coordinates": [ -79.304738793, 43.726050381 ] } },
{ "type": "Feature", "properties": { "_id": 193973, "AIR_CONDITIONING_TYPE": "NONE", "AMENITIES_AVAILABLE": "Outdoor pool , Indoor recreation room , Outdoor rec facilities , Indoor exercise room , Child play area", "ANNUAL_FIRE_ALARM_TEST_RECORDS": "YES", "ANNUAL_FIRE_PUMP_FLOW_TEST_RECORDS": "YES", "APPROVED_FIRE_SAFETY_PLAN": "YES", "BALCONIES": "YES", "BARRIER_FREE_ACCESSIBILTY_ENTR": "YES", "BIKE_PARKING": "Not Available", "CONFIRMED_STOREYS": 9, "CONFIRMED_UNITS": 132, "DATE_OF_LAST_INSPECTION_BY_TSSA": "DEC 19, 2019", "DESCRIPTION_OF_CHILD_PLAY_AREA": "OUTDOOR PLAYSET WITH SLIDES", "DESCRIPTION_OF_INDOOR_EXERCISE_ROOM": "CARDIO EQUIPMENT, WEIGHT MACHINES AND TV", "DESCRIPTION_OF_OUTDOOR_REC_FACILITIES": "CHILDREN'S PLAYGROUND, LANDSCAPE GROUNDS", "ELEVATOR_PARTS_REPLACED": "MAJOR MODERNIZATION", "ELEVATOR_STATUS": "REPLACED", "EMERG_POWER_SUPPLY_TEST_RECORDS": "YES", "EXTERIOR_FIRE_ESCAPE": "NO", "FACILITIES_AVAILABLE": "Green Bin / Organics", "FIRE_ALARM": "YES", "GARBAGE_CHUTES": "YES", "GREEN_BIN_LOCATION": "COMPACTOR ROOM", "HEATING_EQUIPMENT_STATUS": "REPLACED", "HEATING_EQUIPMENT_YEAR_INSTALLED": 2013.0, "HEATING_TYPE": "HOT WATER", "INDOOR_GARBAGE_STORAGE_AREA": "NO", "INTERCOM": "YES", "IS_THERE_A_COOLING_ROOM": "YES", "IS_THERE_EMERGENCY_POWER": "YES", "LAUNDRY_ROOM": "YES", "LAUNDRY_ROOM_HOURS_OF_OPERATION": "8AM TO 11PM", "LAUNDRY_ROOM_LOCATION": "MAIN FLOOR", "LOCKER_OR_STORAGE_ROOM": "NO", "NO_BARRIER_FREE_ACCESSBLE_UNITS": 0.0, "NO_OF_ACCESSIBLE_PARKING_SPACES": 1.0, "NO_OF_ELEVATORS": 2.0, "NO_OF_LAUNDRY_ROOM_MACHINES": 15.0, "NON_SMOKING_BUILDING": "NO", "OUTDOOR_GARBAGE_STORAGE_AREA": "YES", "PARKING_TYPE": "Underground Garage , Garage accessible thru buildg , Surface Parking", "PCODE": "M1L", "PET_RESTRICTIONS": "DOG MAX. 23KG, MAX. 2 PETS PER SUITE", "PETS_ALLOWED": "YES", "PROP_MANAGEMENT_COMPANY_NAME": "BGO", "PROPERTY_TYPE": "PRIVATE", "RECYCLING_BINS_LOCATION": "OUTSIDE", "RSN": 4154855, "SEPARATE_GAS_METERS_EACH_UNIT": "NO", "SEPARATE_HYDRO_METER_EACH_UNIT": "YES", "SEPARATE_WATER_METERS_EA_UNIT": "NO", "SITE_ADDRESS": "1540  VICTORIA PARK AVE ", "SPRINKLER_SYSTEM": "YES", "SPRINKLER_SYSTEM_TEST_RECORD": "YES", "SPRINKLER_SYSTEM_YEAR_INSTALLED": 1982.0, "TSSA_TEST_RECORDS": "YES", "VISITOR_PARKING": "FREE", "WARD": 16, "WINDOW_TYPE": "DOUBLE PANE", "YEAR_BUILT": 1982.0, "YEAR_OF_REPLACEMENT": 2005.0, "YEAR_REGISTERED": 2017.0, "NO_OF_STOREYS": null, "IS_THERE_EMERGENCY_POWER?": null, "NON-SMOKING_BUILDING": null, "NO_OF_UNITS": null, "NO_OF_ACCESSIBLEPARKING_SPACES": null, "FACILITIES_AVAILABLE?": null, "IS_THERE_A_COOLING_ROOM?": null, "NO_BARRIERFREE_ACCESSBLE_UNITS": null, "LONGITUDE": -79.303823710200007, "LATITUDE": 43.7261205219 }, "geometry": { "type": "Point", "coordinates": [ -79.303823710200007, 43.7261205219 ] } },
{ "type": "Feature", "properties": { "_id": 193972, "AIR_CONDITIONING_TYPE": "NONE", "AMENITIES_AVAILABLE": null, "ANNUAL_FIRE_ALARM_TEST_RECORDS": "YES", "ANNUAL_FIRE_PUMP_FLOW_TEST_RECORDS": "YES", "APPROVED_FIRE_SAFETY_PLAN": "YES", "BALCONIES": "YES", "BARRIER_FREE_ACCESSIBILTY_ENTR": "NO", "BIKE_PARKING": "Not Available", "CONFIRMED_STOREYS": 4, "CONFIRMED_UNITS": 62, "DATE_OF_LAST_INSPECTION_BY_TSSA": "NOV 15, 2021", "DESCRIPTION_OF_CHILD_PLAY_AREA": null, "DESCRIPTION_OF_INDOOR_EXERCISE_ROOM": null, "DESCRIPTION_OF_OUTDOOR_REC_FACILITIES": null, "ELEVATOR_PARTS_REPLACED": "FULL MODERNIZATION", "ELEVATOR_STATUS": "REPLACED", "EMERG_POWER_SUPPLY_TEST_RECORDS": null, "EXTERIOR_FIRE_ESCAPE": "NO", "FACILITIES_AVAILABLE": "Green Bin / Organics", "FIRE_ALARM": "YES", "GARBAGE_CHUTES": "YES", "GREEN_BIN_LOCATION": "REAR OF BUILDING", "HEATING_EQUIPMENT_STATUS": "REPLACED", "HEATING_EQUIPMENT_YEAR_INSTALLED": 2009.0, "HEATING_TYPE": "HOT WATER", "INDOOR_GARBAGE_STORAGE_AREA": "NO", "INTERCOM": "YES", "IS_THERE_A_COOLING_ROOM": "NO", "IS_THERE_EMERGENCY_POWER": "NO", "LAUNDRY_ROOM": "YES", "LAUNDRY_ROOM_HOURS_OF_OPERATION": "8AM-10PM", "LAUNDRY_ROOM_LOCATION": "GROUND FLOOR", "LOCKER_OR_STORAGE_ROOM": "YES", "NO_BARRIER_FREE_ACCESSBLE_UNITS": 0.0, "NO_OF_ACCESSIBLE_PARKING_SPACES": 0.0, "NO_OF_ELEVATORS": 1.0, "NO_OF_LAUNDRY_ROOM_MACHINES": 6.0, "NON_SMOKING_BUILDING": "YES", "OUTDOOR_GARBAGE_STORAGE_AREA": "YES", "PARKING_TYPE": "Ground Level Garage , Surface Parking", "PCODE": "M4A", "PET_RESTRICTIONS": null, "PETS_ALLOWED": "YES", "PROP_MANAGEMENT_COMPANY_NAME": "PINEDALE PROPERTIES LTD", "PROPERTY_TYPE": "PRIVATE", "RECYCLING_BINS_LOCATION": "REAR OF BUILDING", "RSN": 4154875, "SEPARATE_GAS_METERS_EACH_UNIT": "NO", "SEPARATE_HYDRO_METER_EACH_UNIT": "YES", "SEPARATE_WATER_METERS_EA_UNIT": "NO", "SITE_ADDRESS": "1  ECCLESTON DR ", "SPRINKLER_SYSTEM": "YES", "SPRINKLER_SYSTEM_TEST_RECORD": "YES", "SPRINKLER_SYSTEM_YEAR_INSTALLED": 1960.0, "TSSA_TEST_RECORDS": "YES", "VISITOR_PARKING": "FREE", "WARD": 16, "WINDOW_TYPE": "DOUBLE PANE", "YEAR_BUILT": 1960.0, "YEAR_OF_REPLACEMENT": 2017.0, "YEAR_REGISTERED": 2017.0, "NO_OF_STOREYS": null, "IS_THERE_EMERGENCY_POWER?": null, "NON-SMOKING_BUILDING": null, "NO_OF_UNITS": null, "NO_OF_ACCESSIBLEPARKING_SPACES": null, "FACILITIES_AVAILABLE?": null, "IS_THERE_A_COOLING_ROOM?": null, "NO_BARRIERFREE_ACCESSBLE_UNITS": null, "LONGITUDE": -79.314080613900003, "LATITUDE": 43.727010393 }, "geometry": { "type": "Point", "coordinates": [ -79.314080613900003, 43.727010393 ] } },
{ "type": "Feature", "properties": { "_id": 195036, "AIR_CONDITIONING_TYPE": "NONE", "AMENITIES_AVAILABLE": null, "ANNUAL_FIRE_ALARM_TEST_RECORDS": "YES", "ANNUAL_FIRE_PUMP_FLOW_TEST_RECORDS": "YES", "APPROVED_FIRE_SAFETY_PLAN": "YES", "BALCONIES": "YES", "BARRIER_FREE_ACCESSIBILTY_ENTR": "NO", "BIKE_PARKING": "Not Available", "CONFIRMED_STOREYS": 4, "CONFIRMED_UNITS": 78, "DATE_OF_LAST_INSPECTION_BY_TSSA": "JUN 8, 2016", "DESCRIPTION_OF_CHILD_PLAY_AREA": null, "DESCRIPTION_OF_INDOOR_EXERCISE_ROOM": null, "DESCRIPTION_OF_OUTDOOR_REC_FACILITIES": null, "ELEVATOR_PARTS_REPLACED": "FULL MECHANICAL AND CAB UPGRADE", "ELEVATOR_STATUS": "REPLACED", "EMERG_POWER_SUPPLY_TEST_RECORDS": "YES", "EXTERIOR_FIRE_ESCAPE": "NO", "FACILITIES_AVAILABLE": "Green Bin / Organics", "FIRE_ALARM": "YES", "GARBAGE_CHUTES": "NO", "GREEN_BIN_LOCATION": "BACK OF BUILDING ", "HEATING_EQUIPMENT_STATUS": "REPLACED", "HEATING_EQUIPMENT_YEAR_INSTALLED": 2000.0, "HEATING_TYPE": "HOT WATER", "INDOOR_GARBAGE_STORAGE_AREA": "NO", "INTERCOM": "YES", "IS_THERE_A_COOLING_ROOM": "NO", "IS_THERE_EMERGENCY_POWER": "YES", "LAUNDRY_ROOM": "YES", "LAUNDRY_ROOM_HOURS_OF_OPERATION": "8AM-10PM", "LAUNDRY_ROOM_LOCATION": "GROUND FLOOR", "LOCKER_OR_STORAGE_ROOM": "NO", "NO_BARRIER_FREE_ACCESSBLE_UNITS": 0.0, "NO_OF_ACCESSIBLE_PARKING_SPACES": 0.0, "NO_OF_ELEVATORS": 1.0, "NO_OF_LAUNDRY_ROOM_MACHINES": 8.0, "NON_SMOKING_BUILDING": "NO", "OUTDOOR_GARBAGE_STORAGE_AREA": "YES", "PARKING_TYPE": "Ground Level Garage , Surface Parking", "PCODE": "M4A", "PET_RESTRICTIONS": "AS LISTED ON LEASE", "PETS_ALLOWED": "YES", "PROP_MANAGEMENT_COMPANY_NAME": "BRIARLANE RENTAL PROPERTY MANAGEMENT INC.", "PROPERTY_TYPE": "PRIVATE", "RECYCLING_BINS_LOCATION": "BACK OF BUILDING ", "RSN": 4154873, "SEPARATE_GAS_METERS_EACH_UNIT": "NO", "SEPARATE_HYDRO_METER_EACH_UNIT": "YES", "SEPARATE_WATER_METERS_EA_UNIT": "NO", "SITE_ADDRESS": "11  ECCLESTON DR ", "SPRINKLER_SYSTEM": "NO", "SPRINKLER_SYSTEM_TEST_RECORD": null, "SPRINKLER_SYSTEM_YEAR_INSTALLED": null, "TSSA_TEST_RECORDS": "YES", "VISITOR_PARKING": "UNAVAILABLE", "WARD": 16, "WINDOW_TYPE": "DOUBLE PANE", "YEAR_BUILT": 1962.0, "YEAR_OF_REPLACEMENT": 2004.0, "YEAR_REGISTERED": 2017.0, "NO_OF_STOREYS": null, "IS_THERE_EMERGENCY_POWER?": null, "NON-SMOKING_BUILDING": null, "NO_OF_UNITS": null, "NO_OF_ACCESSIBLEPARKING_SPACES": null, "FACILITIES_AVAILABLE?": null, "IS_THERE_A_COOLING_ROOM?": null, "NO_BARRIERFREE_ACCESSBLE_UNITS": null, "LONGITUDE": -79.315596986000003, "LATITUDE": 43.727024237199998 }, "geometry": { "type": "Point", "coordinates": [ -79.315596986, 43.727024237199998 ] } },
{ "type": "Feature", "properties": { "_id": 194990, "AIR_CONDITIONING_TYPE": "NONE", "AMENITIES_AVAILABLE": "Outdoor rec facilities , Child play area", "ANNUAL_FIRE_ALARM_TEST_RECORDS": "NO", "ANNUAL_FIRE_PUMP_FLOW_TEST_RECORDS": "NO", "APPROVED_FIRE_SAFETY_PLAN": "YES", "BALCONIES": "YES", "BARRIER_FREE_ACCESSIBILTY_ENTR": "YES", "BIKE_PARKING": "0 indoor parking spots and 10 outdoor parking spots", "CONFIRMED_STOREYS": 4, "CONFIRMED_UNITS": 60, "DATE_OF_LAST_INSPECTION_BY_TSSA": "DEC 4, 2018", "DESCRIPTION_OF_CHILD_PLAY_AREA": "SWINGS AND SEASAWS", "DESCRIPTION_OF_INDOOR_EXERCISE_ROOM": null, "DESCRIPTION_OF_OUTDOOR_REC_FACILITIES": "PLAYGROUND", "ELEVATOR_PARTS_REPLACED": null, "ELEVATOR_STATUS": "ORIGINAL", "EMERG_POWER_SUPPLY_TEST_RECORDS": null, "EXTERIOR_FIRE_ESCAPE": "NO", "FACILITIES_AVAILABLE": "Recycling bins", "FIRE_ALARM": "YES", "GARBAGE_CHUTES": "NO", "GREEN_BIN_LOCATION": null, "HEATING_EQUIPMENT_STATUS": "ORIGINAL", "HEATING_EQUIPMENT_YEAR_INSTALLED": 2012.0, "HEATING_TYPE": "HOT WATER", "INDOOR_GARBAGE_STORAGE_AREA": "NO", "INTERCOM": "YES", "IS_THERE_A_COOLING_ROOM": "NO", "IS_THERE_EMERGENCY_POWER": "NO", "LAUNDRY_ROOM": "YES", "LAUNDRY_ROOM_HOURS_OF_OPERATION": "24 HOURS", "LAUNDRY_ROOM_LOCATION": "MAIN FLOOR", "LOCKER_OR_STORAGE_ROOM": "YES", "NO_BARRIER_FREE_ACCESSBLE_UNITS": 0.0, "NO_OF_ACCESSIBLE_PARKING_SPACES": 0.0, "NO_OF_ELEVATORS": 1.0, "NO_OF_LAUNDRY_ROOM_MACHINES": 6.0, "NON_SMOKING_BUILDING": "YES", "OUTDOOR_GARBAGE_STORAGE_AREA": "YES", "PARKING_TYPE": "Ground Level Garage , Garage accessible thru buildg , Surface Parking", "PCODE": "M4A", "PET_RESTRICTIONS": null, "PETS_ALLOWED": "YES", "PROP_MANAGEMENT_COMPANY_NAME": "AKELIUS CANADA LTD", "PROPERTY_TYPE": "PRIVATE", "RECYCLING_BINS_LOCATION": "BEHIND 55 ECCLESTON DRIVE, CLOSE TO PLAYGROUND", "RSN": 4154889, "SEPARATE_GAS_METERS_EACH_UNIT": "NO", "SEPARATE_HYDRO_METER_EACH_UNIT": "YES", "SEPARATE_WATER_METERS_EA_UNIT": "NO", "SITE_ADDRESS": "56  ECCLESTON DR ", "SPRINKLER_SYSTEM": "YES", "SPRINKLER_SYSTEM_TEST_RECORD": "YES", "SPRINKLER_SYSTEM_YEAR_INSTALLED": 1960.0, "TSSA_TEST_RECORDS": "YES", "VISITOR_PARKING": "UNAVAILABLE", "WARD": 16, "WINDOW_TYPE": "DOUBLE PANE", "YEAR_BUILT": 1958.0, "YEAR_OF_REPLACEMENT": null, "YEAR_REGISTERED": 2017.0, "NO_OF_STOREYS": null, "IS_THERE_EMERGENCY_POWER?": null, "NON-SMOKING_BUILDING": null, "NO_OF_UNITS": null, "NO_OF_ACCESSIBLEPARKING_SPACES": null, "FACILITIES_AVAILABLE?": null, "IS_THERE_A_COOLING_ROOM?": null, "NO_BARRIERFREE_ACCESSBLE_UNITS": null, "LONGITUDE": -79.320037737000007, "LATITUDE": 43.727029754 }, "geometry": { "type": "Point", "coordinates": [ -79.320037737, 43.727029754 ] } },
{ "type": "Feature", "properties": { "_id": 194574, "AIR_CONDITIONING_TYPE": "NONE", "AMENITIES_AVAILABLE": null, "ANNUAL_FIRE_ALARM_TEST_RECORDS": "YES", "ANNUAL_FIRE_PUMP_FLOW_TEST_RECORDS": "YES", "APPROVED_FIRE_SAFETY_PLAN": "YES", "BALCONIES": "YES", "BARRIER_FREE_ACCESSIBILTY_ENTR": "NO", "BIKE_PARKING": "Not Available", "CONFIRMED_STOREYS": 4, "CONFIRMED_UNITS": 64, "DATE_OF_LAST_INSPECTION_BY_TSSA": "OCT 15, 2021", "DESCRIPTION_OF_CHILD_PLAY_AREA": null, "DESCRIPTION_OF_INDOOR_EXERCISE_ROOM": null, "DESCRIPTION_OF_OUTDOOR_REC_FACILITIES": null, "ELEVATOR_PARTS_REPLACED": "FULL MODERNIZATION", "ELEVATOR_STATUS": "REPLACED", "EMERG_POWER_SUPPLY_TEST_RECORDS": null, "EXTERIOR_FIRE_ESCAPE": "NO", "FACILITIES_AVAILABLE": "Green Bin / Organics", "FIRE_ALARM": "YES", "GARBAGE_CHUTES": "YES", "GREEN_BIN_LOCATION": "REAR OF BUILDING", "HEATING_EQUIPMENT_STATUS": "REPLACED", "HEATING_EQUIPMENT_YEAR_INSTALLED": 2011.0, "HEATING_TYPE": "HOT WATER", "INDOOR_GARBAGE_STORAGE_AREA": "NO", "INTERCOM": "YES", "IS_THERE_A_COOLING_ROOM": "NO", "IS_THERE_EMERGENCY_POWER": "NO", "LAUNDRY_ROOM": "YES", "LAUNDRY_ROOM_HOURS_OF_OPERATION": "8AM-10PM", "LAUNDRY_ROOM_LOCATION": "GROUND FLOOR", "LOCKER_OR_STORAGE_ROOM": "YES", "NO_BARRIER_FREE_ACCESSBLE_UNITS": 0.0, "NO_OF_ACCESSIBLE_PARKING_SPACES": 0.0, "NO_OF_ELEVATORS": 1.0, "NO_OF_LAUNDRY_ROOM_MACHINES": 8.0, "NON_SMOKING_BUILDING": "YES", "OUTDOOR_GARBAGE_STORAGE_AREA": "YES", "PARKING_TYPE": "Ground Level Garage , Surface Parking", "PCODE": "M4A", "PET_RESTRICTIONS": null, "PETS_ALLOWED": "YES", "PROP_MANAGEMENT_COMPANY_NAME": "PINEDALE PROPERTIES LTD", "PROPERTY_TYPE": "PRIVATE", "RECYCLING_BINS_LOCATION": "REAR OF BUILDING", "RSN": 4154871, "SEPARATE_GAS_METERS_EACH_UNIT": "NO", "SEPARATE_HYDRO_METER_EACH_UNIT": "YES", "SEPARATE_WATER_METERS_EA_UNIT": "NO", "SITE_ADDRESS": "21  ECCLESTON DR ", "SPRINKLER_SYSTEM": "YES", "SPRINKLER_SYSTEM_TEST_RECORD": "YES", "SPRINKLER_SYSTEM_YEAR_INSTALLED": 1960.0, "TSSA_TEST_RECORDS": "YES", "VISITOR_PARKING": "FREE", "WARD": 16, "WINDOW_TYPE": "DOUBLE PANE", "YEAR_BUILT": 1960.0, "YEAR_OF_REPLACEMENT": 2017.0, "YEAR_REGISTERED": 2017.0, "NO_OF_STOREYS": null, "IS_THERE_EMERGENCY_POWER?": null, "NON-SMOKING_BUILDING": null, "NO_OF_UNITS": null, "NO_OF_ACCESSIBLEPARKING_SPACES": null, "FACILITIES_AVAILABLE?": null, "IS_THERE_A_COOLING_ROOM?": null, "NO_BARRIERFREE_ACCESSBLE_UNITS": null, "LONGITUDE": -79.316951838099996, "LATITUDE": 43.727053654899997 }, "geometry": { "type": "Point", "coordinates": [ -79.316951838099996, 43.727053654899997 ] } },
{ "type": "Feature", "properties": { "_id": 193346, "AIR_CONDITIONING_TYPE": "NONE", "AMENITIES_AVAILABLE": null, "ANNUAL_FIRE_ALARM_TEST_RECORDS": "YES", "ANNUAL_FIRE_PUMP_FLOW_TEST_RECORDS": "YES", "APPROVED_FIRE_SAFETY_PLAN": "YES", "BALCONIES": "YES", "BARRIER_FREE_ACCESSIBILTY_ENTR": "YES", "BIKE_PARKING": "Not Available", "CONFIRMED_STOREYS": 4, "CONFIRMED_UNITS": 61, "DATE_OF_LAST_INSPECTION_BY_TSSA": "NOV 1, 2018", "DESCRIPTION_OF_CHILD_PLAY_AREA": null, "DESCRIPTION_OF_INDOOR_EXERCISE_ROOM": null, "DESCRIPTION_OF_OUTDOOR_REC_FACILITIES": null, "ELEVATOR_PARTS_REPLACED": null, "ELEVATOR_STATUS": "REPLACED", "EMERG_POWER_SUPPLY_TEST_RECORDS": null, "EXTERIOR_FIRE_ESCAPE": "NO", "FACILITIES_AVAILABLE": "Recycling bins", "FIRE_ALARM": "YES", "GARBAGE_CHUTES": "NO", "GREEN_BIN_LOCATION": null, "HEATING_EQUIPMENT_STATUS": "REPLACED", "HEATING_EQUIPMENT_YEAR_INSTALLED": 2015.0, "HEATING_TYPE": "HOT WATER", "INDOOR_GARBAGE_STORAGE_AREA": "NO", "INTERCOM": "YES", "IS_THERE_A_COOLING_ROOM": "NO", "IS_THERE_EMERGENCY_POWER": "NO", "LAUNDRY_ROOM": "YES", "LAUNDRY_ROOM_HOURS_OF_OPERATION": "24 HOURS", "LAUNDRY_ROOM_LOCATION": "MAIN FLOOR", "LOCKER_OR_STORAGE_ROOM": "YES", "NO_BARRIER_FREE_ACCESSBLE_UNITS": 0.0, "NO_OF_ACCESSIBLE_PARKING_SPACES": 0.0, "NO_OF_ELEVATORS": 1.0, "NO_OF_LAUNDRY_ROOM_MACHINES": 6.0, "NON_SMOKING_BUILDING": "YES", "OUTDOOR_GARBAGE_STORAGE_AREA": "YES", "PARKING_TYPE": "Ground Level Garage , Surface Parking", "PCODE": "M4A", "PET_RESTRICTIONS": null, "PETS_ALLOWED": "YES", "PROP_MANAGEMENT_COMPANY_NAME": "AKELIUS CANADA LTD.", "PROPERTY_TYPE": "PRIVATE", "RECYCLING_BINS_LOCATION": "AT THE BACK OF BUILDING", "RSN": 4154870, "SEPARATE_GAS_METERS_EACH_UNIT": "NO", "SEPARATE_HYDRO_METER_EACH_UNIT": "YES", "SEPARATE_WATER_METERS_EA_UNIT": "NO", "SITE_ADDRESS": "25  ECCLESTON DR ", "SPRINKLER_SYSTEM": "YES", "SPRINKLER_SYSTEM_TEST_RECORD": "YES", "SPRINKLER_SYSTEM_YEAR_INSTALLED": 1958.0, "TSSA_TEST_RECORDS": "YES", "VISITOR_PARKING": "UNAVAILABLE", "WARD": 16, "WINDOW_TYPE": "DOUBLE PANE", "YEAR_BUILT": 1958.0, "YEAR_OF_REPLACEMENT": 2015.0, "YEAR_REGISTERED": 2019.0, "NO_OF_STOREYS": null, "IS_THERE_EMERGENCY_POWER?": null, "NON-SMOKING_BUILDING": null, "NO_OF_UNITS": null, "NO_OF_ACCESSIBLEPARKING_SPACES": null, "FACILITIES_AVAILABLE?": null, "IS_THERE_A_COOLING_ROOM?": null, "NO_BARRIERFREE_ACCESSBLE_UNITS": null, "LONGITUDE": -79.317980681400002, "LATITUDE": 43.727222264300003 }, "geometry": { "type": "Point", "coordinates": [ -79.317980681400002, 43.727222264300003 ] } },
{ "type": "Feature", "properties": { "_id": 194938, "AIR_CONDITIONING_TYPE": "NONE", "AMENITIES_AVAILABLE": null, "ANNUAL_FIRE_ALARM_TEST_RECORDS": "NO", "ANNUAL_FIRE_PUMP_FLOW_TEST_RECORDS": "NO", "APPROVED_FIRE_SAFETY_PLAN": "YES", "BALCONIES": "YES", "BARRIER_FREE_ACCESSIBILTY_ENTR": "YES", "BIKE_PARKING": "Not Available", "CONFIRMED_STOREYS": 4, "CONFIRMED_UNITS": 70, "DATE_OF_LAST_INSPECTION_BY_TSSA": "APR 12, 2017", "DESCRIPTION_OF_CHILD_PLAY_AREA": null, "DESCRIPTION_OF_INDOOR_EXERCISE_ROOM": null, "DESCRIPTION_OF_OUTDOOR_REC_FACILITIES": null, "ELEVATOR_PARTS_REPLACED": "COMPLETE ELEVATOR RETROFIT", "ELEVATOR_STATUS": "REPLACED", "EMERG_POWER_SUPPLY_TEST_RECORDS": null, "EXTERIOR_FIRE_ESCAPE": "NO", "FACILITIES_AVAILABLE": "Green Bin / Organics", "FIRE_ALARM": "YES", "GARBAGE_CHUTES": "YES", "GREEN_BIN_LOCATION": "NORTH EAST CORNER OF BUILDING", "HEATING_EQUIPMENT_STATUS": "ORIGINAL", "HEATING_EQUIPMENT_YEAR_INSTALLED": 1955.0, "HEATING_TYPE": "HOT WATER", "INDOOR_GARBAGE_STORAGE_AREA": "NO", "INTERCOM": "YES", "IS_THERE_A_COOLING_ROOM": "NO", "IS_THERE_EMERGENCY_POWER": "NO", "LAUNDRY_ROOM": "YES", "LAUNDRY_ROOM_HOURS_OF_OPERATION": "24 HOURS", "LAUNDRY_ROOM_LOCATION": "MAIN FLOOR", "LOCKER_OR_STORAGE_ROOM": "YES", "NO_BARRIER_FREE_ACCESSBLE_UNITS": 0.0, "NO_OF_ACCESSIBLE_PARKING_SPACES": 0.0, "NO_OF_ELEVATORS": 1.0, "NO_OF_LAUNDRY_ROOM_MACHINES": 6.0, "NON_SMOKING_BUILDING": "NO", "OUTDOOR_GARBAGE_STORAGE_AREA": "YES", "PARKING_TYPE": "Ground Level Garage , Surface Parking", "PCODE": "M4A", "PET_RESTRICTIONS": null, "PETS_ALLOWED": "NO", "PROP_MANAGEMENT_COMPANY_NAME": "THREE R PROPERTY MANAGEMENT CORPORATION", "PROPERTY_TYPE": "PRIVATE", "RECYCLING_BINS_LOCATION": "NORTH EAST CORNER OF BUILDING", "RSN": 4154861, "SEPARATE_GAS_METERS_EACH_UNIT": "NO", "SEPARATE_HYDRO_METER_EACH_UNIT": "YES", "SEPARATE_WATER_METERS_EA_UNIT": "NO", "SITE_ADDRESS": "18  TINDER CRES ", "SPRINKLER_SYSTEM": "YES", "SPRINKLER_SYSTEM_TEST_RECORD": "NO", "SPRINKLER_SYSTEM_YEAR_INSTALLED": 1955.0, "TSSA_TEST_RECORDS": "NO", "VISITOR_PARKING": "FREE", "WARD": 16, "WINDOW_TYPE": "DOUBLE PANE", "YEAR_BUILT": 1955.0, "YEAR_OF_REPLACEMENT": 2001.0, "YEAR_REGISTERED": 2017.0, "NO_OF_STOREYS": null, "IS_THERE_EMERGENCY_POWER?": null, "NON-SMOKING_BUILDING": null, "NO_OF_UNITS": null, "NO_OF_ACCESSIBLEPARKING_SPACES": null, "FACILITIES_AVAILABLE?": null, "IS_THERE_A_COOLING_ROOM?": null, "NO_BARRIERFREE_ACCESSBLE_UNITS": null, "LONGITUDE": -79.307986851799996, "LATITUDE": 43.727314775799996 }, "geometry": { "type": "Point", "coordinates": [ -79.307986851799996, 43.727314775799996 ] } },
{ "type": "Feature", "properties": { "_id": 195331, "AIR_CONDITIONING_TYPE": "NONE", "AMENITIES_AVAILABLE": null, "ANNUAL_FIRE_ALARM_TEST_RECORDS": "YES", "ANNUAL_FIRE_PUMP_FLOW_TEST_RECORDS": "YES", "APPROVED_FIRE_SAFETY_PLAN": "YES", "BALCONIES": "YES", "BARRIER_FREE_ACCESSIBILTY_ENTR": "NO", "BIKE_PARKING": "Not Available", "CONFIRMED_STOREYS": 4, "CONFIRMED_UNITS": 60, "DATE_OF_LAST_INSPECTION_BY_TSSA": "JUN 1, 2015", "DESCRIPTION_OF_CHILD_PLAY_AREA": null, "DESCRIPTION_OF_INDOOR_EXERCISE_ROOM": null, "DESCRIPTION_OF_OUTDOOR_REC_FACILITIES": null, "ELEVATOR_PARTS_REPLACED": "FULL MECHANICAL AND CAB UPGRADE", "ELEVATOR_STATUS": "REPLACED", "EMERG_POWER_SUPPLY_TEST_RECORDS": "YES", "EXTERIOR_FIRE_ESCAPE": "NO", "FACILITIES_AVAILABLE": "Recycling bins", "FIRE_ALARM": "YES", "GARBAGE_CHUTES": "NO", "GREEN_BIN_LOCATION": null, "HEATING_EQUIPMENT_STATUS": "REPLACED", "HEATING_EQUIPMENT_YEAR_INSTALLED": 2000.0, "HEATING_TYPE": "HOT WATER", "INDOOR_GARBAGE_STORAGE_AREA": "NO", "INTERCOM": "YES", "IS_THERE_A_COOLING_ROOM": "NO", "IS_THERE_EMERGENCY_POWER": "YES", "LAUNDRY_ROOM": "YES", "LAUNDRY_ROOM_HOURS_OF_OPERATION": "9AM TO 10PM", "LAUNDRY_ROOM_LOCATION": "GROUND FLOOR", "LOCKER_OR_STORAGE_ROOM": "YES", "NO_BARRIER_FREE_ACCESSBLE_UNITS": 0.0, "NO_OF_ACCESSIBLE_PARKING_SPACES": 0.0, "NO_OF_ELEVATORS": 1.0, "NO_OF_LAUNDRY_ROOM_MACHINES": 8.0, "NON_SMOKING_BUILDING": "NO", "OUTDOOR_GARBAGE_STORAGE_AREA": "YES", "PARKING_TYPE": "Ground Level Garage , Surface Parking", "PCODE": "M4A", "PET_RESTRICTIONS": "AS LISTED ON LEASE", "PETS_ALLOWED": "YES", "PROP_MANAGEMENT_COMPANY_NAME": "BRIARLANE RENTAL PROPERTY MANAGEMENT INC.", "PROPERTY_TYPE": "PRIVATE", "RECYCLING_BINS_LOCATION": "BACK OF BUILDING ENCLOSURE", "RSN": 4154888, "SEPARATE_GAS_METERS_EACH_UNIT": "NO", "SEPARATE_HYDRO_METER_EACH_UNIT": "YES", "SEPARATE_WATER_METERS_EA_UNIT": "NO", "SITE_ADDRESS": "50  ECCLESTON DR ", "SPRINKLER_SYSTEM": "NO", "SPRINKLER_SYSTEM_TEST_RECORD": null, "SPRINKLER_SYSTEM_YEAR_INSTALLED": null, "TSSA_TEST_RECORDS": "NO", "VISITOR_PARKING": "UNAVAILABLE", "WARD": 16, "WINDOW_TYPE": "DOUBLE PANE", "YEAR_BUILT": 1958.0, "YEAR_OF_REPLACEMENT": 2015.0, "YEAR_REGISTERED": 2017.0, "NO_OF_STOREYS": null, "IS_THERE_EMERGENCY_POWER?": null, "NON-SMOKING_BUILDING": null, "NO_OF_UNITS": null, "NO_OF_ACCESSIBLEPARKING_SPACES": null, "FACILITIES_AVAILABLE?": null, "IS_THERE_A_COOLING_ROOM?": null, "NO_BARRIERFREE_ACCESSBLE_UNITS": null, "LONGITUDE": -79.3190299977, "LATITUDE": 43.727585863800002 }, "geometry": { "type": "Point", "coordinates": [ -79.3190299977, 43.727585863800002 ] } },
{ "type": "Feature", "properties": { "_id": 195087, "AIR_CONDITIONING_TYPE": "NONE", "AMENITIES_AVAILABLE": null, "ANNUAL_FIRE_ALARM_TEST_RECORDS": "YES", "ANNUAL_FIRE_PUMP_FLOW_TEST_RECORDS": "YES", "APPROVED_FIRE_SAFETY_PLAN": "YES", "BALCONIES": "YES", "BARRIER_FREE_ACCESSIBILTY_ENTR": "NO", "BIKE_PARKING": "Not Available", "CONFIRMED_STOREYS": 4, "CONFIRMED_UNITS": 69, "DATE_OF_LAST_INSPECTION_BY_TSSA": "JAN 30, 2015", "DESCRIPTION_OF_CHILD_PLAY_AREA": null, "DESCRIPTION_OF_INDOOR_EXERCISE_ROOM": null, "DESCRIPTION_OF_OUTDOOR_REC_FACILITIES": null, "ELEVATOR_PARTS_REPLACED": "MODERNIZATION OF ELEVATOR (CAB, MOTOR, ETC.)", "ELEVATOR_STATUS": "REPLACED", "EMERG_POWER_SUPPLY_TEST_RECORDS": null, "EXTERIOR_FIRE_ESCAPE": "NO", "FACILITIES_AVAILABLE": "Green Bin / Organics", "FIRE_ALARM": "YES", "GARBAGE_CHUTES": "NO", "GREEN_BIN_LOCATION": "BACK OF BUILDING", "HEATING_EQUIPMENT_STATUS": "ORIGINAL", "HEATING_EQUIPMENT_YEAR_INSTALLED": 1960.0, "HEATING_TYPE": "HOT WATER", "INDOOR_GARBAGE_STORAGE_AREA": "NO", "INTERCOM": "YES", "IS_THERE_A_COOLING_ROOM": "NO", "IS_THERE_EMERGENCY_POWER": "NO", "LAUNDRY_ROOM": "YES", "LAUNDRY_ROOM_HOURS_OF_OPERATION": "8AM - 9PM 7 DAYS WEEK", "LAUNDRY_ROOM_LOCATION": "MAIN FLOOR", "LOCKER_OR_STORAGE_ROOM": "YES", "NO_BARRIER_FREE_ACCESSBLE_UNITS": 9.0, "NO_OF_ACCESSIBLE_PARKING_SPACES": 56.0, "NO_OF_ELEVATORS": 1.0, "NO_OF_LAUNDRY_ROOM_MACHINES": 8.0, "NON_SMOKING_BUILDING": "NO", "OUTDOOR_GARBAGE_STORAGE_AREA": "YES", "PARKING_TYPE": "Surface Parking", "PCODE": "M4A", "PET_RESTRICTIONS": null, "PETS_ALLOWED": "NO", "PROP_MANAGEMENT_COMPANY_NAME": "LINWOOD MANAGEMENT CORPORATION", "PROPERTY_TYPE": "PRIVATE", "RECYCLING_BINS_LOCATION": "BACK OF BUILDING", "RSN": 4154887, "SEPARATE_GAS_METERS_EACH_UNIT": "NO", "SEPARATE_HYDRO_METER_EACH_UNIT": "YES", "SEPARATE_WATER_METERS_EA_UNIT": "NO", "SITE_ADDRESS": "48  ECCLESTON DR ", "SPRINKLER_SYSTEM": "NO", "SPRINKLER_SYSTEM_TEST_RECORD": null, "SPRINKLER_SYSTEM_YEAR_INSTALLED": null, "TSSA_TEST_RECORDS": "YES", "VISITOR_PARKING": "FREE", "WARD": 16, "WINDOW_TYPE": "DOUBLE PANE", "YEAR_BUILT": 1960.0, "YEAR_OF_REPLACEMENT": 2016.0, "YEAR_REGISTERED": 2017.0, "NO_OF_STOREYS": null, "IS_THERE_EMERGENCY_POWER?": null, "NON-SMOKING_BUILDING": null, "NO_OF_UNITS": null, "NO_OF_ACCESSIBLEPARKING_SPACES": null, "FACILITIES_AVAILABLE?": null, "IS_THERE_A_COOLING_ROOM?": null, "NO_BARRIERFREE_ACCESSBLE_UNITS": null, "LONGITUDE": -79.317988725800006, "LATITUDE": 43.727965808500002 }, "geometry": { "type": "Point", "coordinates": [ -79.317988725800006, 43.727965808500002 ] } },
{ "type": "Feature", "properties": { "_id": 194941, "AIR_CONDITIONING_TYPE": "NONE", "AMENITIES_AVAILABLE": null, "ANNUAL_FIRE_ALARM_TEST_RECORDS": "YES", "ANNUAL_FIRE_PUMP_FLOW_TEST_RECORDS": "NO", "APPROVED_FIRE_SAFETY_PLAN": "YES", "BALCONIES": "YES", "BARRIER_FREE_ACCESSIBILTY_ENTR": "YES", "BIKE_PARKING": "Not Available", "CONFIRMED_STOREYS": 4, "CONFIRMED_UNITS": 65, "DATE_OF_LAST_INSPECTION_BY_TSSA": "SEP 14, 2016", "DESCRIPTION_OF_CHILD_PLAY_AREA": null, "DESCRIPTION_OF_INDOOR_EXERCISE_ROOM": null, "DESCRIPTION_OF_OUTDOOR_REC_FACILITIES": null, "ELEVATOR_PARTS_REPLACED": "ALL CONTROLS, MOTORS, WIRING, CAB UPGRADED ", "ELEVATOR_STATUS": "REPLACED", "EMERG_POWER_SUPPLY_TEST_RECORDS": null, "EXTERIOR_FIRE_ESCAPE": "NO", "FACILITIES_AVAILABLE": "Recycling bins", "FIRE_ALARM": "YES", "GARBAGE_CHUTES": "NO", "GREEN_BIN_LOCATION": null, "HEATING_EQUIPMENT_STATUS": "REPLACED", "HEATING_EQUIPMENT_YEAR_INSTALLED": 2016.0, "HEATING_TYPE": "HOT WATER", "INDOOR_GARBAGE_STORAGE_AREA": "NO", "INTERCOM": "YES", "IS_THERE_A_COOLING_ROOM": "NO", "IS_THERE_EMERGENCY_POWER": "NO", "LAUNDRY_ROOM": "YES", "LAUNDRY_ROOM_HOURS_OF_OPERATION": "9 A.M - 9 P.M", "LAUNDRY_ROOM_LOCATION": "BASEMENT FLOOR ", "LOCKER_OR_STORAGE_ROOM": "YES", "NO_BARRIER_FREE_ACCESSBLE_UNITS": 2.0, "NO_OF_ACCESSIBLE_PARKING_SPACES": 1.0, "NO_OF_ELEVATORS": 1.0, "NO_OF_LAUNDRY_ROOM_MACHINES": 6.0, "NON_SMOKING_BUILDING": "YES", "OUTDOOR_GARBAGE_STORAGE_AREA": "YES", "PARKING_TYPE": "Ground Level Garage , Surface Parking", "PCODE": "M4A", "PET_RESTRICTIONS": "SMALL BREED ", "PETS_ALLOWED": "YES", "PROP_MANAGEMENT_COMPANY_NAME": "CENTURION PROPERTY ASSOCIATES INC.", "PROPERTY_TYPE": "PRIVATE", "RECYCLING_BINS_LOCATION": "OUTSIDE -PARKING LOT AREA ", "RSN": 4154866, "SEPARATE_GAS_METERS_EACH_UNIT": "NO", "SEPARATE_HYDRO_METER_EACH_UNIT": "YES", "SEPARATE_WATER_METERS_EA_UNIT": "NO", "SITE_ADDRESS": "5  BIGGIN CRT ", "SPRINKLER_SYSTEM": "YES", "SPRINKLER_SYSTEM_TEST_RECORD": "YES", "SPRINKLER_SYSTEM_YEAR_INSTALLED": 1955.0, "TSSA_TEST_RECORDS": "YES", "VISITOR_PARKING": "FREE", "WARD": 16, "WINDOW_TYPE": "DOUBLE PANE", "YEAR_BUILT": 1955.0, "YEAR_OF_REPLACEMENT": 2012.0, "YEAR_REGISTERED": 2017.0, "NO_OF_STOREYS": null, "IS_THERE_EMERGENCY_POWER?": null, "NON-SMOKING_BUILDING": null, "NO_OF_UNITS": null, "NO_OF_ACCESSIBLEPARKING_SPACES": null, "FACILITIES_AVAILABLE?": null, "IS_THERE_A_COOLING_ROOM?": null, "NO_BARRIERFREE_ACCESSBLE_UNITS": null, "LONGITUDE": -79.306802091199998, "LATITUDE": 43.727996603100003 }, "geometry": { "type": "Point", "coordinates": [ -79.306802091199998, 43.727996603100003 ] } },
{ "type": "Feature", "properties": { "_id": 195035, "AIR_CONDITIONING_TYPE": "NONE", "AMENITIES_AVAILABLE": null, "ANNUAL_FIRE_ALARM_TEST_RECORDS": "YES", "ANNUAL_FIRE_PUMP_FLOW_TEST_RECORDS": "NO", "APPROVED_FIRE_SAFETY_PLAN": "YES", "BALCONIES": "YES", "BARRIER_FREE_ACCESSIBILTY_ENTR": "NO", "BIKE_PARKING": "Not Available", "CONFIRMED_STOREYS": 4, "CONFIRMED_UNITS": 52, "DATE_OF_LAST_INSPECTION_BY_TSSA": "SEP 14, 2016", "DESCRIPTION_OF_CHILD_PLAY_AREA": null, "DESCRIPTION_OF_INDOOR_EXERCISE_ROOM": null, "DESCRIPTION_OF_OUTDOOR_REC_FACILITIES": null, "ELEVATOR_PARTS_REPLACED": "ALL CONTROLS, MOTORS WIRING,CAB UPGRADE ", "ELEVATOR_STATUS": "REPLACED", "EMERG_POWER_SUPPLY_TEST_RECORDS": null, "EXTERIOR_FIRE_ESCAPE": "NO", "FACILITIES_AVAILABLE": "Recycling bins", "FIRE_ALARM": "YES", "GARBAGE_CHUTES": "NO", "GREEN_BIN_LOCATION": null, "HEATING_EQUIPMENT_STATUS": "REPLACED", "HEATING_EQUIPMENT_YEAR_INSTALLED": 2011.0, "HEATING_TYPE": "HOT WATER", "INDOOR_GARBAGE_STORAGE_AREA": "NO", "INTERCOM": "YES", "IS_THERE_A_COOLING_ROOM": "NO", "IS_THERE_EMERGENCY_POWER": "NO", "LAUNDRY_ROOM": "YES", "LAUNDRY_ROOM_HOURS_OF_OPERATION": "9 A.M - 9 P.M", "LAUNDRY_ROOM_LOCATION": "BASEMENT FLOOR ", "LOCKER_OR_STORAGE_ROOM": "YES", "NO_BARRIER_FREE_ACCESSBLE_UNITS": 0.0, "NO_OF_ACCESSIBLE_PARKING_SPACES": 2.0, "NO_OF_ELEVATORS": 1.0, "NO_OF_LAUNDRY_ROOM_MACHINES": 8.0, "NON_SMOKING_BUILDING": "YES", "OUTDOOR_GARBAGE_STORAGE_AREA": "YES", "PARKING_TYPE": "Ground Level Garage , Surface Parking", "PCODE": "M4A", "PET_RESTRICTIONS": "SMALL BREED ", "PETS_ALLOWED": "YES", "PROP_MANAGEMENT_COMPANY_NAME": "CENTURION PROPERTY ASSOCIATES INC.", "PROPERTY_TYPE": "PRIVATE", "RECYCLING_BINS_LOCATION": "OUTSIDE -PARKING LOT AREA ", "RSN": 4154867, "SEPARATE_GAS_METERS_EACH_UNIT": "NO", "SEPARATE_HYDRO_METER_EACH_UNIT": "YES", "SEPARATE_WATER_METERS_EA_UNIT": "NO", "SITE_ADDRESS": "3  BIGGIN CRT ", "SPRINKLER_SYSTEM": "YES", "SPRINKLER_SYSTEM_TEST_RECORD": "YES", "SPRINKLER_SYSTEM_YEAR_INSTALLED": 1955.0, "TSSA_TEST_RECORDS": "YES", "VISITOR_PARKING": "FREE", "WARD": 16, "WINDOW_TYPE": "DOUBLE PANE", "YEAR_BUILT": 1955.0, "YEAR_OF_REPLACEMENT": 2012.0, "YEAR_REGISTERED": 2017.0, "NO_OF_STOREYS": null, "IS_THERE_EMERGENCY_POWER?": null, "NON-SMOKING_BUILDING": null, "NO_OF_UNITS": null, "NO_OF_ACCESSIBLEPARKING_SPACES": null, "FACILITIES_AVAILABLE?": null, "IS_THERE_A_COOLING_ROOM?": null, "NO_BARRIERFREE_ACCESSBLE_UNITS": null, "LONGITUDE": -79.3058539405, "LATITUDE": 43.728264873500002 }, "geometry": { "type": "Point", "coordinates": [ -79.3058539405, 43.728264873500002 ] } },
{ "type": "Feature", "properties": { "_id": 192920, "AIR_CONDITIONING_TYPE": "NONE", "AMENITIES_AVAILABLE": null, "ANNUAL_FIRE_ALARM_TEST_RECORDS": "YES", "ANNUAL_FIRE_PUMP_FLOW_TEST_RECORDS": "NO", "APPROVED_FIRE_SAFETY_PLAN": "YES", "BALCONIES": "YES", "BARRIER_FREE_ACCESSIBILTY_ENTR": "YES", "BIKE_PARKING": "Not Available", "CONFIRMED_STOREYS": 4, "CONFIRMED_UNITS": 48, "DATE_OF_LAST_INSPECTION_BY_TSSA": "SEP 14, 2016", "DESCRIPTION_OF_CHILD_PLAY_AREA": null, "DESCRIPTION_OF_INDOOR_EXERCISE_ROOM": null, "DESCRIPTION_OF_OUTDOOR_REC_FACILITIES": null, "ELEVATOR_PARTS_REPLACED": "ALL CONTROLS, MOTORS WIRING,CAB UPGRADE ", "ELEVATOR_STATUS": "REPLACED", "EMERG_POWER_SUPPLY_TEST_RECORDS": null, "EXTERIOR_FIRE_ESCAPE": "NO", "FACILITIES_AVAILABLE": "Recycling bins", "FIRE_ALARM": "YES", "GARBAGE_CHUTES": "NO", "GREEN_BIN_LOCATION": null, "HEATING_EQUIPMENT_STATUS": "ORIGINAL", "HEATING_EQUIPMENT_YEAR_INSTALLED": 1955.0, "HEATING_TYPE": "HOT WATER", "INDOOR_GARBAGE_STORAGE_AREA": "NO", "INTERCOM": "YES", "IS_THERE_A_COOLING_ROOM": "NO", "IS_THERE_EMERGENCY_POWER": "NO", "LAUNDRY_ROOM": "YES", "LAUNDRY_ROOM_HOURS_OF_OPERATION": "9 A.M - 9 P.M", "LAUNDRY_ROOM_LOCATION": "BASEMENT FLOOR ", "LOCKER_OR_STORAGE_ROOM": "NO", "NO_BARRIER_FREE_ACCESSBLE_UNITS": 2.0, "NO_OF_ACCESSIBLE_PARKING_SPACES": 2.0, "NO_OF_ELEVATORS": 1.0, "NO_OF_LAUNDRY_ROOM_MACHINES": 6.0, "NON_SMOKING_BUILDING": "YES", "OUTDOOR_GARBAGE_STORAGE_AREA": "YES", "PARKING_TYPE": "Ground Level Garage , Surface Parking", "PCODE": "M4A", "PET_RESTRICTIONS": "SMALL BREED ", "PETS_ALLOWED": "YES", "PROP_MANAGEMENT_COMPANY_NAME": "CENTURION PROPERTY ASSOCIATES INC.", "PROPERTY_TYPE": "PRIVATE", "RECYCLING_BINS_LOCATION": "OUTSIDE -PARKING LOT AREA ", "RSN": 4154868, "SEPARATE_GAS_METERS_EACH_UNIT": "NO", "SEPARATE_HYDRO_METER_EACH_UNIT": "YES", "SEPARATE_WATER_METERS_EA_UNIT": "NO", "SITE_ADDRESS": "1  BIGGIN CRT ", "SPRINKLER_SYSTEM": "NO", "SPRINKLER_SYSTEM_TEST_RECORD": null, "SPRINKLER_SYSTEM_YEAR_INSTALLED": null, "TSSA_TEST_RECORDS": "YES", "VISITOR_PARKING": "FREE", "WARD": 16, "WINDOW_TYPE": "DOUBLE PANE", "YEAR_BUILT": 1955.0, "YEAR_OF_REPLACEMENT": 2012.0, "YEAR_REGISTERED": 2017.0, "NO_OF_STOREYS": null, "IS_THERE_EMERGENCY_POWER?": null, "NON-SMOKING_BUILDING": null, "NO_OF_UNITS": null, "NO_OF_ACCESSIBLEPARKING_SPACES": null, "FACILITIES_AVAILABLE?": null, "IS_THERE_A_COOLING_ROOM?": null, "NO_BARRIERFREE_ACCESSBLE_UNITS": null, "LONGITUDE": -79.305010268499998, "LATITUDE": 43.728479645100002 }, "geometry": { "type": "Point", "coordinates": [ -79.305010268499998, 43.728479645100002 ] } },
{ "type": "Feature", "properties": { "_id": 195034, "AIR_CONDITIONING_TYPE": "NONE", "AMENITIES_AVAILABLE": null, "ANNUAL_FIRE_ALARM_TEST_RECORDS": "YES", "ANNUAL_FIRE_PUMP_FLOW_TEST_RECORDS": "NO", "APPROVED_FIRE_SAFETY_PLAN": "YES", "BALCONIES": "YES", "BARRIER_FREE_ACCESSIBILTY_ENTR": "YES", "BIKE_PARKING": "Not Available", "CONFIRMED_STOREYS": 4, "CONFIRMED_UNITS": 66, "DATE_OF_LAST_INSPECTION_BY_TSSA": "SEP 14, 2016", "DESCRIPTION_OF_CHILD_PLAY_AREA": null, "DESCRIPTION_OF_INDOOR_EXERCISE_ROOM": null, "DESCRIPTION_OF_OUTDOOR_REC_FACILITIES": null, "ELEVATOR_PARTS_REPLACED": "ALL CONTROLS, MOTORS, WIRING, CAB UPGRADED ", "ELEVATOR_STATUS": "REPLACED", "EMERG_POWER_SUPPLY_TEST_RECORDS": null, "EXTERIOR_FIRE_ESCAPE": "NO", "FACILITIES_AVAILABLE": "Recycling bins", "FIRE_ALARM": "YES", "GARBAGE_CHUTES": "NO", "GREEN_BIN_LOCATION": null, "HEATING_EQUIPMENT_STATUS": "REPLACED", "HEATING_EQUIPMENT_YEAR_INSTALLED": 2014.0, "HEATING_TYPE": "HOT WATER", "INDOOR_GARBAGE_STORAGE_AREA": "NO", "INTERCOM": "YES", "IS_THERE_A_COOLING_ROOM": "NO", "IS_THERE_EMERGENCY_POWER": "NO", "LAUNDRY_ROOM": "YES", "LAUNDRY_ROOM_HOURS_OF_OPERATION": "9 A.M - 9 P.M", "LAUNDRY_ROOM_LOCATION": "GROUND FLOOR ", "LOCKER_OR_STORAGE_ROOM": "YES", "NO_BARRIER_FREE_ACCESSBLE_UNITS": 2.0, "NO_OF_ACCESSIBLE_PARKING_SPACES": 1.0, "NO_OF_ELEVATORS": 1.0, "NO_OF_LAUNDRY_ROOM_MACHINES": 6.0, "NON_SMOKING_BUILDING": "YES", "OUTDOOR_GARBAGE_STORAGE_AREA": "YES", "PARKING_TYPE": "Surface Parking", "PCODE": "M4A", "PET_RESTRICTIONS": "SMALL BREED ", "PETS_ALLOWED": "YES", "PROP_MANAGEMENT_COMPANY_NAME": "CENTURION PROPERTY ASSOCIATES INC.", "PROPERTY_TYPE": "PRIVATE", "RECYCLING_BINS_LOCATION": "OUTSIDE -PARKING LOT AREA ", "RSN": 4154865, "SEPARATE_GAS_METERS_EACH_UNIT": "NO", "SEPARATE_HYDRO_METER_EACH_UNIT": "YES", "SEPARATE_WATER_METERS_EA_UNIT": "NO", "SITE_ADDRESS": "7  BIGGIN CRT ", "SPRINKLER_SYSTEM": "YES", "SPRINKLER_SYSTEM_TEST_RECORD": "YES", "SPRINKLER_SYSTEM_YEAR_INSTALLED": 1951.0, "TSSA_TEST_RECORDS": "YES", "VISITOR_PARKING": "FREE", "WARD": 16, "WINDOW_TYPE": "DOUBLE PANE", "YEAR_BUILT": 1951.0, "YEAR_OF_REPLACEMENT": 2013.0, "YEAR_REGISTERED": 2017.0, "NO_OF_STOREYS": null, "IS_THERE_EMERGENCY_POWER?": null, "NON-SMOKING_BUILDING": null, "NO_OF_UNITS": null, "NO_OF_ACCESSIBLEPARKING_SPACES": null, "FACILITIES_AVAILABLE?": null, "IS_THERE_A_COOLING_ROOM?": null, "NO_BARRIERFREE_ACCESSBLE_UNITS": null, "LONGITUDE": -79.3062091197, "LATITUDE": 43.728756861999997 }, "geometry": { "type": "Point", "coordinates": [ -79.3062091197, 43.728756862 ] } },
{ "type": "Feature", "properties": { "_id": 194940, "AIR_CONDITIONING_TYPE": "NONE", "AMENITIES_AVAILABLE": null, "ANNUAL_FIRE_ALARM_TEST_RECORDS": "YES", "ANNUAL_FIRE_PUMP_FLOW_TEST_RECORDS": "NO", "APPROVED_FIRE_SAFETY_PLAN": "YES", "BALCONIES": "YES", "BARRIER_FREE_ACCESSIBILTY_ENTR": "NO", "BIKE_PARKING": "Not Available", "CONFIRMED_STOREYS": 4, "CONFIRMED_UNITS": 77, "DATE_OF_LAST_INSPECTION_BY_TSSA": "NOV 13, 2014", "DESCRIPTION_OF_CHILD_PLAY_AREA": null, "DESCRIPTION_OF_INDOOR_EXERCISE_ROOM": null, "DESCRIPTION_OF_OUTDOOR_REC_FACILITIES": null, "ELEVATOR_PARTS_REPLACED": "ALL CONTROLS, MOTORS, WIRING, CAB UPGRADED ", "ELEVATOR_STATUS": "REPLACED", "EMERG_POWER_SUPPLY_TEST_RECORDS": null, "EXTERIOR_FIRE_ESCAPE": "NO", "FACILITIES_AVAILABLE": "Recycling bins", "FIRE_ALARM": "YES", "GARBAGE_CHUTES": "NO", "GREEN_BIN_LOCATION": null, "HEATING_EQUIPMENT_STATUS": "REPLACED", "HEATING_EQUIPMENT_YEAR_INSTALLED": 2017.0, "HEATING_TYPE": "HOT WATER", "INDOOR_GARBAGE_STORAGE_AREA": "NO", "INTERCOM": "YES", "IS_THERE_A_COOLING_ROOM": "NO", "IS_THERE_EMERGENCY_POWER": "NO", "LAUNDRY_ROOM": "YES", "LAUNDRY_ROOM_HOURS_OF_OPERATION": "9 A.M - 9 P.M", "LAUNDRY_ROOM_LOCATION": "GROUND FLOOR ", "LOCKER_OR_STORAGE_ROOM": "NO", "NO_BARRIER_FREE_ACCESSBLE_UNITS": 0.0, "NO_OF_ACCESSIBLE_PARKING_SPACES": 2.0, "NO_OF_ELEVATORS": 1.0, "NO_OF_LAUNDRY_ROOM_MACHINES": 8.0, "NON_SMOKING_BUILDING": "YES", "OUTDOOR_GARBAGE_STORAGE_AREA": "YES", "PARKING_TYPE": "Surface Parking", "PCODE": "M4A", "PET_RESTRICTIONS": "SMALL BREED ", "PETS_ALLOWED": "YES", "PROP_MANAGEMENT_COMPANY_NAME": "CENTURION PROPERTY ASSOCIATES INC.", "PROPERTY_TYPE": "PRIVATE", "RECYCLING_BINS_LOCATION": "OUTSIDE -PARKING LOT AREA ", "RSN": 4154864, "SEPARATE_GAS_METERS_EACH_UNIT": "NO", "SEPARATE_HYDRO_METER_EACH_UNIT": "YES", "SEPARATE_WATER_METERS_EA_UNIT": "NO", "SITE_ADDRESS": "2  BIGGIN CRT ", "SPRINKLER_SYSTEM": "YES", "SPRINKLER_SYSTEM_TEST_RECORD": "YES", "SPRINKLER_SYSTEM_YEAR_INSTALLED": 1960.0, "TSSA_TEST_RECORDS": "YES", "VISITOR_PARKING": "FREE", "WARD": 16, "WINDOW_TYPE": "DOUBLE PANE", "YEAR_BUILT": 1955.0, "YEAR_OF_REPLACEMENT": 2012.0, "YEAR_REGISTERED": 2017.0, "NO_OF_STOREYS": null, "IS_THERE_EMERGENCY_POWER?": null, "NON-SMOKING_BUILDING": null, "NO_OF_UNITS": null, "NO_OF_ACCESSIBLEPARKING_SPACES": null, "FACILITIES_AVAILABLE?": null, "IS_THERE_A_COOLING_ROOM?": null, "NO_BARRIERFREE_ACCESSBLE_UNITS": null, "LONGITUDE": -79.304949893400007, "LATITUDE": 43.7290550556 }, "geometry": { "type": "Point", "coordinates": [ -79.304949893400007, 43.7290550556 ] } },
{ "type": "Feature", "properties": { "_id": 194573, "AIR_CONDITIONING_TYPE": "NONE", "AMENITIES_AVAILABLE": null, "ANNUAL_FIRE_ALARM_TEST_RECORDS": "YES", "ANNUAL_FIRE_PUMP_FLOW_TEST_RECORDS": "NO", "APPROVED_FIRE_SAFETY_PLAN": "YES", "BALCONIES": "YES", "BARRIER_FREE_ACCESSIBILTY_ENTR": "NO", "BIKE_PARKING": "Not Available", "CONFIRMED_STOREYS": 4, "CONFIRMED_UNITS": 28, "DATE_OF_LAST_INSPECTION_BY_TSSA": "MAR 3, 2017", "DESCRIPTION_OF_CHILD_PLAY_AREA": null, "DESCRIPTION_OF_INDOOR_EXERCISE_ROOM": null, "DESCRIPTION_OF_OUTDOOR_REC_FACILITIES": null, "ELEVATOR_PARTS_REPLACED": "ALL CONTROLS, MOTORS WIRING,CAB UPGRADE ", "ELEVATOR_STATUS": "REPLACED", "EMERG_POWER_SUPPLY_TEST_RECORDS": null, "EXTERIOR_FIRE_ESCAPE": "NO", "FACILITIES_AVAILABLE": "Recycling bins", "FIRE_ALARM": "YES", "GARBAGE_CHUTES": "NO", "GREEN_BIN_LOCATION": null, "HEATING_EQUIPMENT_STATUS": "REPLACED", "HEATING_EQUIPMENT_YEAR_INSTALLED": 2017.0, "HEATING_TYPE": "HOT WATER", "INDOOR_GARBAGE_STORAGE_AREA": "NO", "INTERCOM": "YES", "IS_THERE_A_COOLING_ROOM": "NO", "IS_THERE_EMERGENCY_POWER": "NO", "LAUNDRY_ROOM": "YES", "LAUNDRY_ROOM_HOURS_OF_OPERATION": "9 A.M - 9 P.M", "LAUNDRY_ROOM_LOCATION": "SECOND FLOOR ", "LOCKER_OR_STORAGE_ROOM": "YES", "NO_BARRIER_FREE_ACCESSBLE_UNITS": 0.0, "NO_OF_ACCESSIBLE_PARKING_SPACES": 1.0, "NO_OF_ELEVATORS": 1.0, "NO_OF_LAUNDRY_ROOM_MACHINES": 4.0, "NON_SMOKING_BUILDING": "YES", "OUTDOOR_GARBAGE_STORAGE_AREA": "NO", "PARKING_TYPE": "Surface Parking", "PCODE": "M1R", "PET_RESTRICTIONS": "SMALL BREED ", "PETS_ALLOWED": "YES", "PROP_MANAGEMENT_COMPANY_NAME": "CENTURION PROPERTY ASSOCIATES INC.", "PROPERTY_TYPE": "PRIVATE", "RECYCLING_BINS_LOCATION": "OUTSIDE -PARKING LOT AREA ", "RSN": 4154863, "SEPARATE_GAS_METERS_EACH_UNIT": "NO", "SEPARATE_HYDRO_METER_EACH_UNIT": "YES", "SEPARATE_WATER_METERS_EA_UNIT": "NO", "SITE_ADDRESS": "1594  VICTORIA PARK AVE ", "SPRINKLER_SYSTEM": "NO", "SPRINKLER_SYSTEM_TEST_RECORD": null, "SPRINKLER_SYSTEM_YEAR_INSTALLED": null, "TSSA_TEST_RECORDS": "YES", "VISITOR_PARKING": "FREE", "WARD": 16, "WINDOW_TYPE": "DOUBLE PANE", "YEAR_BUILT": 1956.0, "YEAR_OF_REPLACEMENT": 2014.0, "YEAR_REGISTERED": 2017.0, "NO_OF_STOREYS": null, "IS_THERE_EMERGENCY_POWER?": null, "NON-SMOKING_BUILDING": null, "NO_OF_UNITS": null, "NO_OF_ACCESSIBLEPARKING_SPACES": null, "FACILITIES_AVAILABLE?": null, "IS_THERE_A_COOLING_ROOM?": null, "NO_BARRIERFREE_ACCESSBLE_UNITS": null, "LONGITUDE": -79.305179273600004, "LATITUDE": 43.729553567799996 }, "geometry": { "type": "Point", "coordinates": [ -79.305179273600004, 43.729553567799996 ] } },
{ "type": "Feature", "properties": { "_id": 193344, "AIR_CONDITIONING_TYPE": "INDIVIDUAL UNITS", "AMENITIES_AVAILABLE": null, "ANNUAL_FIRE_ALARM_TEST_RECORDS": "NO", "ANNUAL_FIRE_PUMP_FLOW_TEST_RECORDS": "NO", "APPROVED_FIRE_SAFETY_PLAN": "YES", "BALCONIES": "YES", "BARRIER_FREE_ACCESSIBILTY_ENTR": "NO", "BIKE_PARKING": "Not Available", "CONFIRMED_STOREYS": 4, "CONFIRMED_UNITS": 27, "DATE_OF_LAST_INSPECTION_BY_TSSA": "MAY 12, 2016", "DESCRIPTION_OF_CHILD_PLAY_AREA": null, "DESCRIPTION_OF_INDOOR_EXERCISE_ROOM": null, "DESCRIPTION_OF_OUTDOOR_REC_FACILITIES": null, "ELEVATOR_PARTS_REPLACED": "ELEVATORS MODERNIZED", "ELEVATOR_STATUS": "REPLACED", "EMERG_POWER_SUPPLY_TEST_RECORDS": null, "EXTERIOR_FIRE_ESCAPE": "NO", "FACILITIES_AVAILABLE": "Green Bin / Organics", "FIRE_ALARM": "YES", "GARBAGE_CHUTES": "NO", "GREEN_BIN_LOCATION": "NEAR THE BUILDING", "HEATING_EQUIPMENT_STATUS": "ORIGINAL", "HEATING_EQUIPMENT_YEAR_INSTALLED": 1968.0, "HEATING_TYPE": "HOT WATER", "INDOOR_GARBAGE_STORAGE_AREA": "NO", "INTERCOM": "YES", "IS_THERE_A_COOLING_ROOM": "NO", "IS_THERE_EMERGENCY_POWER": "NO", "LAUNDRY_ROOM": "YES", "LAUNDRY_ROOM_HOURS_OF_OPERATION": "24 HOURS", "LAUNDRY_ROOM_LOCATION": "BASEMENT", "LOCKER_OR_STORAGE_ROOM": "YES", "NO_BARRIER_FREE_ACCESSBLE_UNITS": 0.0, "NO_OF_ACCESSIBLE_PARKING_SPACES": 0.0, "NO_OF_ELEVATORS": 1.0, "NO_OF_LAUNDRY_ROOM_MACHINES": 4.0, "NON_SMOKING_BUILDING": "NO", "OUTDOOR_GARBAGE_STORAGE_AREA": "YES", "PARKING_TYPE": "Ground Level Garage , Surface Parking", "PCODE": "M1R", "PET_RESTRICTIONS": null, "PETS_ALLOWED": "YES", "PROP_MANAGEMENT_COMPANY_NAME": "COMFIELD MANAGEMENT SERVICES INC.", "PROPERTY_TYPE": "PRIVATE", "RECYCLING_BINS_LOCATION": "NEAR THE BUILDING", "RSN": 4154862, "SEPARATE_GAS_METERS_EACH_UNIT": "NO", "SEPARATE_HYDRO_METER_EACH_UNIT": "YES", "SEPARATE_WATER_METERS_EA_UNIT": "NO", "SITE_ADDRESS": "1600  VICTORIA PARK AVE ", "SPRINKLER_SYSTEM": "YES", "SPRINKLER_SYSTEM_TEST_RECORD": "NO", "SPRINKLER_SYSTEM_YEAR_INSTALLED": 1968.0, "TSSA_TEST_RECORDS": "YES", "VISITOR_PARKING": "FREE", "WARD": 16, "WINDOW_TYPE": "DOUBLE PANE", "YEAR_BUILT": 1968.0, "YEAR_OF_REPLACEMENT": 2016.0, "YEAR_REGISTERED": 2017.0, "NO_OF_STOREYS": null, "IS_THERE_EMERGENCY_POWER?": null, "NON-SMOKING_BUILDING": null, "NO_OF_UNITS": null, "NO_OF_ACCESSIBLEPARKING_SPACES": null, "FACILITIES_AVAILABLE?": null, "IS_THERE_A_COOLING_ROOM?": null, "NO_BARRIERFREE_ACCESSBLE_UNITS": null, "LONGITUDE": -79.305397218899998, "LATITUDE": 43.730005821600002 }, "geometry": { "type": "Point", "coordinates": [ -79.305397218899998, 43.730005821600002 ] } },
{ "type": "Feature", "properties": { "_id": 194276, "AIR_CONDITIONING_TYPE": "NONE", "AMENITIES_AVAILABLE": null, "ANNUAL_FIRE_ALARM_TEST_RECORDS": "YES", "ANNUAL_FIRE_PUMP_FLOW_TEST_RECORDS": "NO", "APPROVED_FIRE_SAFETY_PLAN": "YES", "BALCONIES": "YES", "BARRIER_FREE_ACCESSIBILTY_ENTR": "NO", "BIKE_PARKING": "Not Available", "CONFIRMED_STOREYS": 3, "CONFIRMED_UNITS": 20, "DATE_OF_LAST_INSPECTION_BY_TSSA": null, "DESCRIPTION_OF_CHILD_PLAY_AREA": null, "DESCRIPTION_OF_INDOOR_EXERCISE_ROOM": null, "DESCRIPTION_OF_OUTDOOR_REC_FACILITIES": null, "ELEVATOR_PARTS_REPLACED": null, "ELEVATOR_STATUS": null, "EMERG_POWER_SUPPLY_TEST_RECORDS": "YES", "EXTERIOR_FIRE_ESCAPE": "NO", "FACILITIES_AVAILABLE": "Green Bin / Organics", "FIRE_ALARM": "YES", "GARBAGE_CHUTES": "NO", "GREEN_BIN_LOCATION": "BACK OF BUILDING", "HEATING_EQUIPMENT_STATUS": "REPLACED", "HEATING_EQUIPMENT_YEAR_INSTALLED": 1999.0, "HEATING_TYPE": "HOT WATER", "INDOOR_GARBAGE_STORAGE_AREA": "NO", "INTERCOM": "YES", "IS_THERE_A_COOLING_ROOM": "NO", "IS_THERE_EMERGENCY_POWER": "YES", "LAUNDRY_ROOM": "YES", "LAUNDRY_ROOM_HOURS_OF_OPERATION": "9:00 TO 9:00", "LAUNDRY_ROOM_LOCATION": "BASEMENT", "LOCKER_OR_STORAGE_ROOM": "YES", "NO_BARRIER_FREE_ACCESSBLE_UNITS": 0.0, "NO_OF_ACCESSIBLE_PARKING_SPACES": 20.0, "NO_OF_ELEVATORS": 0.0, "NO_OF_LAUNDRY_ROOM_MACHINES": 4.0, "NON_SMOKING_BUILDING": "NO", "OUTDOOR_GARBAGE_STORAGE_AREA": "YES", "PARKING_TYPE": "Ground Level Garage , Surface Parking", "PCODE": "M4A", "PET_RESTRICTIONS": null, "PETS_ALLOWED": "YES", "PROP_MANAGEMENT_COMPANY_NAME": null, "PROPERTY_TYPE": "PRIVATE", "RECYCLING_BINS_LOCATION": "BACK OF BUILDING", "RSN": 4154877, "SEPARATE_GAS_METERS_EACH_UNIT": "NO", "SEPARATE_HYDRO_METER_EACH_UNIT": "YES", "SEPARATE_WATER_METERS_EA_UNIT": "NO", "SITE_ADDRESS": "10  ELVASTON DR ", "SPRINKLER_SYSTEM": "NO", "SPRINKLER_SYSTEM_TEST_RECORD": null, "SPRINKLER_SYSTEM_YEAR_INSTALLED": null, "TSSA_TEST_RECORDS": null, "VISITOR_PARKING": "UNAVAILABLE", "WARD": 16, "WINDOW_TYPE": "DOUBLE PANE", "YEAR_BUILT": 1959.0, "YEAR_OF_REPLACEMENT": null, "YEAR_REGISTERED": 2017.0, "NO_OF_STOREYS": null, "IS_THERE_EMERGENCY_POWER?": null, "NON-SMOKING_BUILDING": null, "NO_OF_UNITS": null, "NO_OF_ACCESSIBLEPARKING_SPACES": null, "FACILITIES_AVAILABLE?": null, "IS_THERE_A_COOLING_ROOM?": null, "NO_BARRIERFREE_ACCESSBLE_UNITS": null, "LONGITUDE": -79.305562156400001, "LATITUDE": 43.7305607276 }, "geometry": { "type": "Point", "coordinates": [ -79.305562156400001, 43.7305607276 ] } },
{ "type": "Feature", "properties": { "_id": 192924, "AIR_CONDITIONING_TYPE": "NONE", "AMENITIES_AVAILABLE": null, "ANNUAL_FIRE_ALARM_TEST_RECORDS": "YES", "ANNUAL_FIRE_PUMP_FLOW_TEST_RECORDS": "YES", "APPROVED_FIRE_SAFETY_PLAN": "YES", "BALCONIES": "YES", "BARRIER_FREE_ACCESSIBILTY_ENTR": "NO", "BIKE_PARKING": "Not Available", "CONFIRMED_STOREYS": 5, "CONFIRMED_UNITS": 54, "DATE_OF_LAST_INSPECTION_BY_TSSA": "JUN 8, 2016", "DESCRIPTION_OF_CHILD_PLAY_AREA": null, "DESCRIPTION_OF_INDOOR_EXERCISE_ROOM": null, "DESCRIPTION_OF_OUTDOOR_REC_FACILITIES": null, "ELEVATOR_PARTS_REPLACED": "FULL MECHANICAL AND CAB UPGRADE", "ELEVATOR_STATUS": "REPLACED", "EMERG_POWER_SUPPLY_TEST_RECORDS": "YES", "EXTERIOR_FIRE_ESCAPE": "NO", "FACILITIES_AVAILABLE": "Recycling bins", "FIRE_ALARM": "YES", "GARBAGE_CHUTES": "NO", "GREEN_BIN_LOCATION": null, "HEATING_EQUIPMENT_STATUS": "REPLACED", "HEATING_EQUIPMENT_YEAR_INSTALLED": 2000.0, "HEATING_TYPE": "HOT WATER", "INDOOR_GARBAGE_STORAGE_AREA": "NO", "INTERCOM": "YES", "IS_THERE_A_COOLING_ROOM": "NO", "IS_THERE_EMERGENCY_POWER": "YES", "LAUNDRY_ROOM": "YES", "LAUNDRY_ROOM_HOURS_OF_OPERATION": "8AM-10PM", "LAUNDRY_ROOM_LOCATION": "GROUND FLOOR", "LOCKER_OR_STORAGE_ROOM": "YES", "NO_BARRIER_FREE_ACCESSBLE_UNITS": 0.0, "NO_OF_ACCESSIBLE_PARKING_SPACES": 0.0, "NO_OF_ELEVATORS": 1.0, "NO_OF_LAUNDRY_ROOM_MACHINES": 6.0, "NON_SMOKING_BUILDING": "NO", "OUTDOOR_GARBAGE_STORAGE_AREA": "YES", "PARKING_TYPE": "Ground Level Garage , Surface Parking", "PCODE": "M1R", "PET_RESTRICTIONS": "AS LISTED ON LEASE", "PETS_ALLOWED": "YES", "PROP_MANAGEMENT_COMPANY_NAME": "BRIARLANE RENTAL PROPERTY MANAGEMENT INC.", "PROPERTY_TYPE": "PRIVATE", "RECYCLING_BINS_LOCATION": "BACK OF BUILDING ", "RSN": 4154878, "SEPARATE_GAS_METERS_EACH_UNIT": "NO", "SEPARATE_HYDRO_METER_EACH_UNIT": "YES", "SEPARATE_WATER_METERS_EA_UNIT": "NO", "SITE_ADDRESS": "1700  VICTORIA PARK AVE ", "SPRINKLER_SYSTEM": "NO", "SPRINKLER_SYSTEM_TEST_RECORD": null, "SPRINKLER_SYSTEM_YEAR_INSTALLED": null, "TSSA_TEST_RECORDS": "YES", "VISITOR_PARKING": "UNAVAILABLE", "WARD": 16, "WINDOW_TYPE": "DOUBLE PANE", "YEAR_BUILT": 1958.0, "YEAR_OF_REPLACEMENT": 2006.0, "YEAR_REGISTERED": 2017.0, "NO_OF_STOREYS": null, "IS_THERE_EMERGENCY_POWER?": null, "NON-SMOKING_BUILDING": null, "NO_OF_UNITS": null, "NO_OF_ACCESSIBLEPARKING_SPACES": null, "FACILITIES_AVAILABLE?": null, "IS_THERE_A_COOLING_ROOM?": null, "NO_BARRIERFREE_ACCESSBLE_UNITS": null, "LONGITUDE": -79.307065705, "LATITUDE": 43.734305321100003 }, "geometry": { "type": "Point", "coordinates": [ -79.307065705, 43.734305321100003 ] } },
{ "type": "Feature", "properties": { "_id": 192926, "AIR_CONDITIONING_TYPE": "NONE", "AMENITIES_AVAILABLE": null, "ANNUAL_FIRE_ALARM_TEST_RECORDS": "YES", "ANNUAL_FIRE_PUMP_FLOW_TEST_RECORDS": "YES", "APPROVED_FIRE_SAFETY_PLAN": "YES", "BALCONIES": "YES", "BARRIER_FREE_ACCESSIBILTY_ENTR": "NO", "BIKE_PARKING": "Not Available", "CONFIRMED_STOREYS": 7, "CONFIRMED_UNITS": 93, "DATE_OF_LAST_INSPECTION_BY_TSSA": "NOV 4, 2011", "DESCRIPTION_OF_CHILD_PLAY_AREA": null, "DESCRIPTION_OF_INDOOR_EXERCISE_ROOM": null, "DESCRIPTION_OF_OUTDOOR_REC_FACILITIES": null, "ELEVATOR_PARTS_REPLACED": "ALL", "ELEVATOR_STATUS": "REPLACED", "EMERG_POWER_SUPPLY_TEST_RECORDS": null, "EXTERIOR_FIRE_ESCAPE": "NO", "FACILITIES_AVAILABLE": "Recycling bins", "FIRE_ALARM": "YES", "GARBAGE_CHUTES": "YES", "GREEN_BIN_LOCATION": null, "HEATING_EQUIPMENT_STATUS": "REPLACED", "HEATING_EQUIPMENT_YEAR_INSTALLED": 1998.0, "HEATING_TYPE": "HOT WATER", "INDOOR_GARBAGE_STORAGE_AREA": "NO", "INTERCOM": "YES", "IS_THERE_A_COOLING_ROOM": "NO", "IS_THERE_EMERGENCY_POWER": "NO", "LAUNDRY_ROOM": "YES", "LAUNDRY_ROOM_HOURS_OF_OPERATION": "ALL HOURS", "LAUNDRY_ROOM_LOCATION": "EACH FLOOR", "LOCKER_OR_STORAGE_ROOM": "YES", "NO_BARRIER_FREE_ACCESSBLE_UNITS": 0.0, "NO_OF_ACCESSIBLE_PARKING_SPACES": 2.0, "NO_OF_ELEVATORS": 2.0, "NO_OF_LAUNDRY_ROOM_MACHINES": 14.0, "NON_SMOKING_BUILDING": "NO", "OUTDOOR_GARBAGE_STORAGE_AREA": "YES", "PARKING_TYPE": "Underground Garage , Garage accessible thru buildg , Surface Parking", "PCODE": "M1R", "PET_RESTRICTIONS": null, "PETS_ALLOWED": "YES", "PROP_MANAGEMENT_COMPANY_NAME": "GOLD SEAL MANAGEMENT INC.", "PROPERTY_TYPE": "PRIVATE", "RECYCLING_BINS_LOCATION": "BACK OF BUILDING", "RSN": 4154882, "SEPARATE_GAS_METERS_EACH_UNIT": "NO", "SEPARATE_HYDRO_METER_EACH_UNIT": "YES", "SEPARATE_WATER_METERS_EA_UNIT": "NO", "SITE_ADDRESS": "1704  VICTORIA PARK AVE ", "SPRINKLER_SYSTEM": "YES", "SPRINKLER_SYSTEM_TEST_RECORD": "YES", "SPRINKLER_SYSTEM_YEAR_INSTALLED": 1966.0, "TSSA_TEST_RECORDS": "YES", "VISITOR_PARKING": "UNAVAILABLE", "WARD": 16, "WINDOW_TYPE": "DOUBLE PANE", "YEAR_BUILT": 1966.0, "YEAR_OF_REPLACEMENT": 2006.0, "YEAR_REGISTERED": 2017.0, "NO_OF_STOREYS": null, "IS_THERE_EMERGENCY_POWER?": null, "NON-SMOKING_BUILDING": null, "NO_OF_UNITS": null, "NO_OF_ACCESSIBLEPARKING_SPACES": null, "FACILITIES_AVAILABLE?": null, "IS_THERE_A_COOLING_ROOM?": null, "NO_BARRIERFREE_ACCESSBLE_UNITS": null, "LONGITUDE": -79.307548971900005, "LATITUDE": 43.7350883959 }, "geometry": { "type": "Point", "coordinates": [ -79.307548971900005, 43.7350883959 ] } },
{ "type": "Feature", "properties": { "_id": 192925, "AIR_CONDITIONING_TYPE": "NONE", "AMENITIES_AVAILABLE": null, "ANNUAL_FIRE_ALARM_TEST_RECORDS": "YES", "ANNUAL_FIRE_PUMP_FLOW_TEST_RECORDS": "YES", "APPROVED_FIRE_SAFETY_PLAN": "YES", "BALCONIES": "YES", "BARRIER_FREE_ACCESSIBILTY_ENTR": "YES", "BIKE_PARKING": "Not Available", "CONFIRMED_STOREYS": 4, "CONFIRMED_UNITS": 59, "DATE_OF_LAST_INSPECTION_BY_TSSA": "SEP 17, 2017", "DESCRIPTION_OF_CHILD_PLAY_AREA": null, "DESCRIPTION_OF_INDOOR_EXERCISE_ROOM": null, "DESCRIPTION_OF_OUTDOOR_REC_FACILITIES": null, "ELEVATOR_PARTS_REPLACED": "UPDATE ", "ELEVATOR_STATUS": "REPLACED", "EMERG_POWER_SUPPLY_TEST_RECORDS": null, "EXTERIOR_FIRE_ESCAPE": "YES", "FACILITIES_AVAILABLE": "Green Bin / Organics", "FIRE_ALARM": "YES", "GARBAGE_CHUTES": "YES", "GREEN_BIN_LOCATION": "OUT SIDE", "HEATING_EQUIPMENT_STATUS": "REPLACED", "HEATING_EQUIPMENT_YEAR_INSTALLED": 2012.0, "HEATING_TYPE": "HOT WATER", "INDOOR_GARBAGE_STORAGE_AREA": "YES", "INTERCOM": "YES", "IS_THERE_A_COOLING_ROOM": "NO", "IS_THERE_EMERGENCY_POWER": "NO", "LAUNDRY_ROOM": "YES", "LAUNDRY_ROOM_HOURS_OF_OPERATION": "8AM TO 8PM", "LAUNDRY_ROOM_LOCATION": "ONE EVERY FLOOR, TOTAL 4, ", "LOCKER_OR_STORAGE_ROOM": "NO", "NO_BARRIER_FREE_ACCESSBLE_UNITS": 1.0, "NO_OF_ACCESSIBLE_PARKING_SPACES": 65.0, "NO_OF_ELEVATORS": 1.0, "NO_OF_LAUNDRY_ROOM_MACHINES": 8.0, "NON_SMOKING_BUILDING": "YES", "OUTDOOR_GARBAGE_STORAGE_AREA": "YES", "PARKING_TYPE": "Underground Garage , Ground Level Garage , Garage accessible thru buildg , Carport , Surface Parking", "PCODE": "M1R", "PET_RESTRICTIONS": "NO DOGS OR CATS", "PETS_ALLOWED": "NO", "PROP_MANAGEMENT_COMPANY_NAME": "RICHMOND COMMUNITY SERVICE CORP.   PH905 470 1244 ,CELL 289 200 6649", "PROPERTY_TYPE": "PRIVATE", "RECYCLING_BINS_LOCATION": "OUT SIDE", "RSN": 4154881, "SEPARATE_GAS_METERS_EACH_UNIT": "NO", "SEPARATE_HYDRO_METER_EACH_UNIT": "NO", "SEPARATE_WATER_METERS_EA_UNIT": "NO", "SITE_ADDRESS": "1710  VICTORIA PARK AVE ", "SPRINKLER_SYSTEM": "YES", "SPRINKLER_SYSTEM_TEST_RECORD": "YES", "SPRINKLER_SYSTEM_YEAR_INSTALLED": 1968.0, "TSSA_TEST_RECORDS": "YES", "VISITOR_PARKING": "PAID", "WARD": 16, "WINDOW_TYPE": "DOUBLE PANE", "YEAR_BUILT": 1968.0, "YEAR_OF_REPLACEMENT": 1980.0, "YEAR_REGISTERED": 2017.0, "NO_OF_STOREYS": null, "IS_THERE_EMERGENCY_POWER?": null, "NON-SMOKING_BUILDING": null, "NO_OF_UNITS": null, "NO_OF_ACCESSIBLEPARKING_SPACES": null, "FACILITIES_AVAILABLE?": null, "IS_THERE_A_COOLING_ROOM?": null, "NO_BARRIERFREE_ACCESSBLE_UNITS": null, "LONGITUDE": -79.307872679300004, "LATITUDE": 43.735657494999998 }, "geometry": { "type": "Point", "coordinates": [ -79.307872679300004, 43.735657495 ] } },
{ "type": "Feature", "properties": { "_id": 194273, "AIR_CONDITIONING_TYPE": "NONE", "AMENITIES_AVAILABLE": null, "ANNUAL_FIRE_ALARM_TEST_RECORDS": "YES", "ANNUAL_FIRE_PUMP_FLOW_TEST_RECORDS": "YES", "APPROVED_FIRE_SAFETY_PLAN": "YES", "BALCONIES": "YES", "BARRIER_FREE_ACCESSIBILTY_ENTR": "NO", "BIKE_PARKING": "Not Available", "CONFIRMED_STOREYS": 10, "CONFIRMED_UNITS": 83, "DATE_OF_LAST_INSPECTION_BY_TSSA": "MAR 2, 2016", "DESCRIPTION_OF_CHILD_PLAY_AREA": null, "DESCRIPTION_OF_INDOOR_EXERCISE_ROOM": null, "DESCRIPTION_OF_OUTDOOR_REC_FACILITIES": null, "ELEVATOR_PARTS_REPLACED": null, "ELEVATOR_STATUS": "ORIGINAL", "EMERG_POWER_SUPPLY_TEST_RECORDS": null, "EXTERIOR_FIRE_ESCAPE": "NO", "FACILITIES_AVAILABLE": "Green Bin / Organics", "FIRE_ALARM": "YES", "GARBAGE_CHUTES": "YES", "GREEN_BIN_LOCATION": "INSIDE GARBAGE ROOM", "HEATING_EQUIPMENT_STATUS": "REPLACED", "HEATING_EQUIPMENT_YEAR_INSTALLED": 1997.0, "HEATING_TYPE": "FORCED AIR GAS", "INDOOR_GARBAGE_STORAGE_AREA": "YES", "INTERCOM": "YES", "IS_THERE_A_COOLING_ROOM": "NO", "IS_THERE_EMERGENCY_POWER": "NO", "LAUNDRY_ROOM": "YES", "LAUNDRY_ROOM_HOURS_OF_OPERATION": "8AM TO 10PM", "LAUNDRY_ROOM_LOCATION": "MAIN FLOOR", "LOCKER_OR_STORAGE_ROOM": "NO", "NO_BARRIER_FREE_ACCESSBLE_UNITS": 0.0, "NO_OF_ACCESSIBLE_PARKING_SPACES": 1.0, "NO_OF_ELEVATORS": 2.0, "NO_OF_LAUNDRY_ROOM_MACHINES": 10.0, "NON_SMOKING_BUILDING": "YES", "OUTDOOR_GARBAGE_STORAGE_AREA": "YES", "PARKING_TYPE": "Underground Garage , Garage accessible thru buildg , Surface Parking", "PCODE": "M1R", "PET_RESTRICTIONS": null, "PETS_ALLOWED": "YES", "PROP_MANAGEMENT_COMPANY_NAME": "BERKLEY PROPERTY MANAGEMENT INC.", "PROPERTY_TYPE": "PRIVATE", "RECYCLING_BINS_LOCATION": "INSIDE GARBAGE ROOM", "RSN": 4154883, "SEPARATE_GAS_METERS_EACH_UNIT": "NO", "SEPARATE_HYDRO_METER_EACH_UNIT": "YES", "SEPARATE_WATER_METERS_EA_UNIT": "NO", "SITE_ADDRESS": "1780  VICTORIA PARK AVE ", "SPRINKLER_SYSTEM": "YES", "SPRINKLER_SYSTEM_TEST_RECORD": "YES", "SPRINKLER_SYSTEM_YEAR_INSTALLED": 1979.0, "TSSA_TEST_RECORDS": "YES", "VISITOR_PARKING": "FREE", "WARD": 16, "WINDOW_TYPE": "DOUBLE PANE", "YEAR_BUILT": 1979.0, "YEAR_OF_REPLACEMENT": null, "YEAR_REGISTERED": 2017.0, "NO_OF_STOREYS": null, "IS_THERE_EMERGENCY_POWER?": null, "NON-SMOKING_BUILDING": null, "NO_OF_UNITS": null, "NO_OF_ACCESSIBLEPARKING_SPACES": null, "FACILITIES_AVAILABLE?": null, "IS_THERE_A_COOLING_ROOM?": null, "NO_BARRIERFREE_ACCESSBLE_UNITS": null, "LONGITUDE": -79.308682210300006, "LATITUDE": 43.7381014953 }, "geometry": { "type": "Point", "coordinates": [ -79.308682210300006, 43.7381014953 ] } },
{ "type": "Feature", "properties": { "_id": 194991, "AIR_CONDITIONING_TYPE": "NONE", "AMENITIES_AVAILABLE": "Indoor recreation room", "ANNUAL_FIRE_ALARM_TEST_RECORDS": "YES", "ANNUAL_FIRE_PUMP_FLOW_TEST_RECORDS": "YES", "APPROVED_FIRE_SAFETY_PLAN": "YES", "BALCONIES": "YES", "BARRIER_FREE_ACCESSIBILTY_ENTR": "YES", "BIKE_PARKING": "Not Available", "CONFIRMED_STOREYS": 8, "CONFIRMED_UNITS": 112, "DATE_OF_LAST_INSPECTION_BY_TSSA": "JAN 15, 2017", "DESCRIPTION_OF_CHILD_PLAY_AREA": null, "DESCRIPTION_OF_INDOOR_EXERCISE_ROOM": null, "DESCRIPTION_OF_OUTDOOR_REC_FACILITIES": null, "ELEVATOR_PARTS_REPLACED": "BRAND NEW ELEVATORS", "ELEVATOR_STATUS": "REPLACED", "EMERG_POWER_SUPPLY_TEST_RECORDS": "YES", "EXTERIOR_FIRE_ESCAPE": "YES", "FACILITIES_AVAILABLE": "Green Bin / Organics", "FIRE_ALARM": "YES", "GARBAGE_CHUTES": "YES", "GREEN_BIN_LOCATION": "OUTSIDE", "HEATING_EQUIPMENT_STATUS": "ORIGINAL", "HEATING_EQUIPMENT_YEAR_INSTALLED": 1987.0, "HEATING_TYPE": "ELECTRIC", "INDOOR_GARBAGE_STORAGE_AREA": "YES", "INTERCOM": "NO", "IS_THERE_A_COOLING_ROOM": "YES", "IS_THERE_EMERGENCY_POWER": "YES", "LAUNDRY_ROOM": "YES", "LAUNDRY_ROOM_HOURS_OF_OPERATION": "8:00 AM - 10:00 PM", "LAUNDRY_ROOM_LOCATION": "FIRST FLOOR", "LOCKER_OR_STORAGE_ROOM": "YES", "NO_BARRIER_FREE_ACCESSBLE_UNITS": 1.0, "NO_OF_ACCESSIBLE_PARKING_SPACES": 2.0, "NO_OF_ELEVATORS": 2.0, "NO_OF_LAUNDRY_ROOM_MACHINES": 12.0, "NON_SMOKING_BUILDING": "NO", "OUTDOOR_GARBAGE_STORAGE_AREA": "YES", "PARKING_TYPE": "Underground Garage , Garage accessible thru buildg , Surface Parking", "PCODE": "M1R", "PET_RESTRICTIONS": "NONE, MUST SHOW RECORD OF VACCINATION", "PETS_ALLOWED": "YES", "PROP_MANAGEMENT_COMPANY_NAME": "EMMANUEL LUTHERAN MANOR", "PROPERTY_TYPE": "SOCIAL HOUSING", "RECYCLING_BINS_LOCATION": "OUTSIDE", "RSN": 4154880, "SEPARATE_GAS_METERS_EACH_UNIT": "NO", "SEPARATE_HYDRO_METER_EACH_UNIT": "NO", "SEPARATE_WATER_METERS_EA_UNIT": "NO", "SITE_ADDRESS": "1684  VICTORIA PARK AVE ", "SPRINKLER_SYSTEM": "NO", "SPRINKLER_SYSTEM_TEST_RECORD": null, "SPRINKLER_SYSTEM_YEAR_INSTALLED": null, "TSSA_TEST_RECORDS": "YES", "VISITOR_PARKING": "FREE", "WARD": 16, "WINDOW_TYPE": "DOUBLE PANE", "YEAR_BUILT": 1987.0, "YEAR_OF_REPLACEMENT": 2016.0, "YEAR_REGISTERED": 2017.0, "NO_OF_STOREYS": null, "IS_THERE_EMERGENCY_POWER?": null, "NON-SMOKING_BUILDING": null, "NO_OF_UNITS": null, "NO_OF_ACCESSIBLEPARKING_SPACES": null, "FACILITIES_AVAILABLE?": null, "IS_THERE_A_COOLING_ROOM?": null, "NO_BARRIERFREE_ACCESSBLE_UNITS": null, "LONGITUDE": -79.306596919900002, "LATITUDE": 43.732889277399998 }, "geometry": { "type": "Point", "coordinates": [ -79.306596919900002, 43.732889277399998 ] } },
{ "type": "Feature", "properties": { "_id": 194577, "AIR_CONDITIONING_TYPE": "NONE", "AMENITIES_AVAILABLE": null, "ANNUAL_FIRE_ALARM_TEST_RECORDS": "YES", "ANNUAL_FIRE_PUMP_FLOW_TEST_RECORDS": "YES", "APPROVED_FIRE_SAFETY_PLAN": "YES", "BALCONIES": "YES", "BARRIER_FREE_ACCESSIBILTY_ENTR": "YES", "BIKE_PARKING": "0 indoor parking spots and 3 outdoor parking spots", "CONFIRMED_STOREYS": 5, "CONFIRMED_UNITS": 52, "DATE_OF_LAST_INSPECTION_BY_TSSA": "MAY 1, 2017", "DESCRIPTION_OF_CHILD_PLAY_AREA": null, "DESCRIPTION_OF_INDOOR_EXERCISE_ROOM": null, "DESCRIPTION_OF_OUTDOOR_REC_FACILITIES": null, "ELEVATOR_PARTS_REPLACED": "CHANGED TO SINGLE CABLE TO DOUBLE CABLE", "ELEVATOR_STATUS": "REPLACED", "EMERG_POWER_SUPPLY_TEST_RECORDS": "YES", "EXTERIOR_FIRE_ESCAPE": "NO", "FACILITIES_AVAILABLE": "Recycling bins", "FIRE_ALARM": "YES", "GARBAGE_CHUTES": "NO", "GREEN_BIN_LOCATION": null, "HEATING_EQUIPMENT_STATUS": "REPLACED", "HEATING_EQUIPMENT_YEAR_INSTALLED": 2007.0, "HEATING_TYPE": "HOT WATER", "INDOOR_GARBAGE_STORAGE_AREA": "NO", "INTERCOM": "YES", "IS_THERE_A_COOLING_ROOM": "NO", "IS_THERE_EMERGENCY_POWER": "YES", "LAUNDRY_ROOM": "YES", "LAUNDRY_ROOM_HOURS_OF_OPERATION": "8:00 AM TO 8:00 PM", "LAUNDRY_ROOM_LOCATION": "FIRST FLOOR", "LOCKER_OR_STORAGE_ROOM": "YES", "NO_BARRIER_FREE_ACCESSBLE_UNITS": 52.0, "NO_OF_ACCESSIBLE_PARKING_SPACES": 26.0, "NO_OF_ELEVATORS": 1.0, "NO_OF_LAUNDRY_ROOM_MACHINES": 6.0, "NON_SMOKING_BUILDING": "NO", "OUTDOOR_GARBAGE_STORAGE_AREA": "YES", "PARKING_TYPE": "Underground Garage , Ground Level Garage , Surface Parking", "PCODE": "M1R", "PET_RESTRICTIONS": null, "PETS_ALLOWED": "YES", "PROP_MANAGEMENT_COMPANY_NAME": "FUTURE WEST LIVING", "PROPERTY_TYPE": "PRIVATE", "RECYCLING_BINS_LOCATION": "SIDE OF BUILDING", "RSN": 4154879, "SEPARATE_GAS_METERS_EACH_UNIT": "NO", "SEPARATE_HYDRO_METER_EACH_UNIT": "YES", "SEPARATE_WATER_METERS_EA_UNIT": "NO", "SITE_ADDRESS": "1698  VICTORIA PARK AVE ", "SPRINKLER_SYSTEM": "NO", "SPRINKLER_SYSTEM_TEST_RECORD": null, "SPRINKLER_SYSTEM_YEAR_INSTALLED": null, "TSSA_TEST_RECORDS": "YES", "VISITOR_PARKING": "FREE", "WARD": 16, "WINDOW_TYPE": "DOUBLE PANE", "YEAR_BUILT": 1966.0, "YEAR_OF_REPLACEMENT": 2017.0, "YEAR_REGISTERED": 2017.0, "NO_OF_STOREYS": null, "IS_THERE_EMERGENCY_POWER?": null, "NON-SMOKING_BUILDING": null, "NO_OF_UNITS": null, "NO_OF_ACCESSIBLEPARKING_SPACES": null, "FACILITIES_AVAILABLE?": null, "IS_THERE_A_COOLING_ROOM?": null, "NO_BARRIERFREE_ACCESSBLE_UNITS": null, "LONGITUDE": -79.3068920324, "LATITUDE": 43.733752898200002 }, "geometry": { "type": "Point", "coordinates": [ -79.3068920324, 43.733752898200002 ] } },
{ "type": "Feature", "properties": { "_id": 194572, "AIR_CONDITIONING_TYPE": "NONE", "AMENITIES_AVAILABLE": null, "ANNUAL_FIRE_ALARM_TEST_RECORDS": "YES", "ANNUAL_FIRE_PUMP_FLOW_TEST_RECORDS": "YES", "APPROVED_FIRE_SAFETY_PLAN": "YES", "BALCONIES": "YES", "BARRIER_FREE_ACCESSIBILTY_ENTR": "YES", "BIKE_PARKING": "Not Available", "CONFIRMED_STOREYS": 12, "CONFIRMED_UNITS": 204, "DATE_OF_LAST_INSPECTION_BY_TSSA": "JAN 7, 2013", "DESCRIPTION_OF_CHILD_PLAY_AREA": null, "DESCRIPTION_OF_INDOOR_EXERCISE_ROOM": null, "DESCRIPTION_OF_OUTDOOR_REC_FACILITIES": null, "ELEVATOR_PARTS_REPLACED": "MACHINE ,CONTROLLER, HOISTWAY EQUIPMENT,DOOR OPERATOR", "ELEVATOR_STATUS": "REPLACED", "EMERG_POWER_SUPPLY_TEST_RECORDS": "YES", "EXTERIOR_FIRE_ESCAPE": "NO", "FACILITIES_AVAILABLE": "Recycling bins", "FIRE_ALARM": "YES", "GARBAGE_CHUTES": "YES", "GREEN_BIN_LOCATION": null, "HEATING_EQUIPMENT_STATUS": "REPLACED", "HEATING_EQUIPMENT_YEAR_INSTALLED": 1990.0, "HEATING_TYPE": "HOT WATER", "INDOOR_GARBAGE_STORAGE_AREA": "YES", "INTERCOM": "YES", "IS_THERE_A_COOLING_ROOM": "NO", "IS_THERE_EMERGENCY_POWER": "YES", "LAUNDRY_ROOM": "YES", "LAUNDRY_ROOM_HOURS_OF_OPERATION": "9AM - 10 PM", "LAUNDRY_ROOM_LOCATION": "BASEMENT", "LOCKER_OR_STORAGE_ROOM": "YES", "NO_BARRIER_FREE_ACCESSBLE_UNITS": 204.0, "NO_OF_ACCESSIBLE_PARKING_SPACES": 99.0, "NO_OF_ELEVATORS": 3.0, "NO_OF_LAUNDRY_ROOM_MACHINES": 28.0, "NON_SMOKING_BUILDING": "NO", "OUTDOOR_GARBAGE_STORAGE_AREA": "YES", "PARKING_TYPE": "Underground Garage , Garage accessible thru buildg , Surface Parking", "PCODE": "M1R", "PET_RESTRICTIONS": null, "PETS_ALLOWED": "NO", "PROP_MANAGEMENT_COMPANY_NAME": "FALCONWIN PROPERTY MANAGEMENT", "PROPERTY_TYPE": "PRIVATE", "RECYCLING_BINS_LOCATION": "DESIGNATED AREA", "RSN": 4154886, "SEPARATE_GAS_METERS_EACH_UNIT": "NO", "SEPARATE_HYDRO_METER_EACH_UNIT": "YES", "SEPARATE_WATER_METERS_EA_UNIT": "NO", "SITE_ADDRESS": "1840  VICTORIA PARK AVE ", "SPRINKLER_SYSTEM": "YES", "SPRINKLER_SYSTEM_TEST_RECORD": "YES", "SPRINKLER_SYSTEM_YEAR_INSTALLED": 1964.0, "TSSA_TEST_RECORDS": "NO", "VISITOR_PARKING": "FREE", "WARD": 16, "WINDOW_TYPE": "DOUBLE PANE", "YEAR_BUILT": 1964.0, "YEAR_OF_REPLACEMENT": 2010.0, "YEAR_REGISTERED": 2017.0, "NO_OF_STOREYS": null, "IS_THERE_EMERGENCY_POWER?": null, "NON-SMOKING_BUILDING": null, "NO_OF_UNITS": null, "NO_OF_ACCESSIBLEPARKING_SPACES": null, "FACILITIES_AVAILABLE?": null, "IS_THERE_A_COOLING_ROOM?": null, "NO_BARRIERFREE_ACCESSBLE_UNITS": null, "LONGITUDE": -79.310231787999996, "LATITUDE": 43.740488864 }, "geometry": { "type": "Point", "coordinates": [ -79.310231788, 43.740488864 ] } },
{ "type": "Feature", "properties": { "_id": 194939, "AIR_CONDITIONING_TYPE": "NONE", "AMENITIES_AVAILABLE": null, "ANNUAL_FIRE_ALARM_TEST_RECORDS": "YES", "ANNUAL_FIRE_PUMP_FLOW_TEST_RECORDS": "YES", "APPROVED_FIRE_SAFETY_PLAN": "YES", "BALCONIES": "YES", "BARRIER_FREE_ACCESSIBILTY_ENTR": "YES", "BIKE_PARKING": "Not Available", "CONFIRMED_STOREYS": 15, "CONFIRMED_UNITS": 240, "DATE_OF_LAST_INSPECTION_BY_TSSA": "OCT 3, 2012", "DESCRIPTION_OF_CHILD_PLAY_AREA": null, "DESCRIPTION_OF_INDOOR_EXERCISE_ROOM": null, "DESCRIPTION_OF_OUTDOOR_REC_FACILITIES": null, "ELEVATOR_PARTS_REPLACED": "MACHINE, CONTROLLER, HOISTWAY EQUIPMENT, DOOR OPERATOR", "ELEVATOR_STATUS": "REPLACED", "EMERG_POWER_SUPPLY_TEST_RECORDS": "YES", "EXTERIOR_FIRE_ESCAPE": "NO", "FACILITIES_AVAILABLE": "Recycling bins", "FIRE_ALARM": "YES", "GARBAGE_CHUTES": "YES", "GREEN_BIN_LOCATION": null, "HEATING_EQUIPMENT_STATUS": "REPLACED", "HEATING_EQUIPMENT_YEAR_INSTALLED": 1990.0, "HEATING_TYPE": "HOT WATER", "INDOOR_GARBAGE_STORAGE_AREA": "YES", "INTERCOM": "YES", "IS_THERE_A_COOLING_ROOM": "NO", "IS_THERE_EMERGENCY_POWER": "YES", "LAUNDRY_ROOM": "YES", "LAUNDRY_ROOM_HOURS_OF_OPERATION": "9AM - 10 PM", "LAUNDRY_ROOM_LOCATION": "BASEMENT", "LOCKER_OR_STORAGE_ROOM": "YES", "NO_BARRIER_FREE_ACCESSBLE_UNITS": 240.0, "NO_OF_ACCESSIBLE_PARKING_SPACES": 2.0, "NO_OF_ELEVATORS": 3.0, "NO_OF_LAUNDRY_ROOM_MACHINES": 21.0, "NON_SMOKING_BUILDING": "YES", "OUTDOOR_GARBAGE_STORAGE_AREA": "YES", "PARKING_TYPE": "Underground Garage , Garage accessible thru buildg , Surface Parking", "PCODE": "M1R", "PET_RESTRICTIONS": null, "PETS_ALLOWED": "NO", "PROP_MANAGEMENT_COMPANY_NAME": "FALCONWIN PROPERTY MANAGEMENT", "PROPERTY_TYPE": "PRIVATE", "RECYCLING_BINS_LOCATION": "ENCLOSED AREA REAR OF BUILDING", "RSN": 4154885, "SEPARATE_GAS_METERS_EACH_UNIT": "NO", "SEPARATE_HYDRO_METER_EACH_UNIT": "YES", "SEPARATE_WATER_METERS_EA_UNIT": "NO", "SITE_ADDRESS": "1850  VICTORIA PARK AVE ", "SPRINKLER_SYSTEM": "YES", "SPRINKLER_SYSTEM_TEST_RECORD": "YES", "SPRINKLER_SYSTEM_YEAR_INSTALLED": 1964.0, "TSSA_TEST_RECORDS": "NO", "VISITOR_PARKING": "FREE", "WARD": 16, "WINDOW_TYPE": "DOUBLE PANE", "YEAR_BUILT": 1964.0, "YEAR_OF_REPLACEMENT": 2010.0, "YEAR_REGISTERED": 2017.0, "NO_OF_STOREYS": null, "IS_THERE_EMERGENCY_POWER?": null, "NON-SMOKING_BUILDING": null, "NO_OF_UNITS": null, "NO_OF_ACCESSIBLEPARKING_SPACES": null, "FACILITIES_AVAILABLE?": null, "IS_THERE_A_COOLING_ROOM?": null, "NO_BARRIERFREE_ACCESSBLE_UNITS": null, "LONGITUDE": -79.311259914999994, "LATITUDE": 43.74094608 }, "geometry": { "type": "Point", "coordinates": [ -79.311259915, 43.74094608 ] } },
{ "type": "Feature", "properties": { "_id": 194274, "AIR_CONDITIONING_TYPE": "NONE", "AMENITIES_AVAILABLE": "Indoor recreation room , Indoor exercise room , Child play area", "ANNUAL_FIRE_ALARM_TEST_RECORDS": "YES", "ANNUAL_FIRE_PUMP_FLOW_TEST_RECORDS": "YES", "APPROVED_FIRE_SAFETY_PLAN": "YES", "BALCONIES": "YES", "BARRIER_FREE_ACCESSIBILTY_ENTR": "NO", "BIKE_PARKING": "Not Available", "CONFIRMED_STOREYS": 14, "CONFIRMED_UNITS": 251, "DATE_OF_LAST_INSPECTION_BY_TSSA": "NOV 18, 2013", "DESCRIPTION_OF_CHILD_PLAY_AREA": "PLAYGROUND", "DESCRIPTION_OF_INDOOR_EXERCISE_ROOM": "A FEW CARDIO MACHINES", "DESCRIPTION_OF_OUTDOOR_REC_FACILITIES": null, "ELEVATOR_PARTS_REPLACED": "INTERIOR AND CONTROLS", "ELEVATOR_STATUS": "REPLACED", "EMERG_POWER_SUPPLY_TEST_RECORDS": null, "EXTERIOR_FIRE_ESCAPE": "NO", "FACILITIES_AVAILABLE": "Green Bin / Organics", "FIRE_ALARM": "YES", "GARBAGE_CHUTES": "YES", "GREEN_BIN_LOCATION": "SIDE OF THE BUILDING", "HEATING_EQUIPMENT_STATUS": "REPLACED", "HEATING_EQUIPMENT_YEAR_INSTALLED": 1997.0, "HEATING_TYPE": "HOT WATER", "INDOOR_GARBAGE_STORAGE_AREA": "NO", "INTERCOM": "YES", "IS_THERE_A_COOLING_ROOM": "NO", "IS_THERE_EMERGENCY_POWER": "NO", "LAUNDRY_ROOM": "YES", "LAUNDRY_ROOM_HOURS_OF_OPERATION": "24/7", "LAUNDRY_ROOM_LOCATION": "BASEMENT", "LOCKER_OR_STORAGE_ROOM": "YES", "NO_BARRIER_FREE_ACCESSBLE_UNITS": 0.0, "NO_OF_ACCESSIBLE_PARKING_SPACES": 0.0, "NO_OF_ELEVATORS": 3.0, "NO_OF_LAUNDRY_ROOM_MACHINES": 25.0, "NON_SMOKING_BUILDING": "NO", "OUTDOOR_GARBAGE_STORAGE_AREA": "YES", "PARKING_TYPE": "Underground Garage , Garage accessible thru buildg , Surface Parking", "PCODE": "M4A", "PET_RESTRICTIONS": null, "PETS_ALLOWED": "YES", "PROP_MANAGEMENT_COMPANY_NAME": "STERLING KARAMAR PROPERTY MANAGEMENT", "PROPERTY_TYPE": "PRIVATE", "RECYCLING_BINS_LOCATION": "SIDE OF THE BUILDING", "RSN": 4154884, "SEPARATE_GAS_METERS_EACH_UNIT": "NO", "SEPARATE_HYDRO_METER_EACH_UNIT": "YES", "SEPARATE_WATER_METERS_EA_UNIT": "NO", "SITE_ADDRESS": "1441  LAWRENCE AVE E", "SPRINKLER_SYSTEM": "YES", "SPRINKLER_SYSTEM_TEST_RECORD": "YES", "SPRINKLER_SYSTEM_YEAR_INSTALLED": 1971.0, "TSSA_TEST_RECORDS": "YES", "VISITOR_PARKING": "PAID", "WARD": 16, "WINDOW_TYPE": "DOUBLE PANE", "YEAR_BUILT": 1961.0, "YEAR_OF_REPLACEMENT": 2010.0, "YEAR_REGISTERED": 2017.0, "NO_OF_STOREYS": null, "IS_THERE_EMERGENCY_POWER?": null, "NON-SMOKING_BUILDING": null, "NO_OF_UNITS": null, "NO_OF_ACCESSIBLEPARKING_SPACES": null, "FACILITIES_AVAILABLE?": null, "IS_THERE_A_COOLING_ROOM?": null, "NO_BARRIERFREE_ACCESSBLE_UNITS": null, "LONGITUDE": -79.31303466, "LATITUDE": 43.741069981000003 }, "geometry": { "type": "Point", "coordinates": [ -79.31303466, 43.741069981 ] } }
]
}
